# Country outlines for the travel map. Made with Natural Earth
# (public domain), Robinson projection. Generated by
# tools/travel/make_travel_assets.py.
# "size W H"; then per country "CODE<TAB>ring;ring" where a ring is
# x,y followed by dx,dy steps on the W x H grid, or "CODE<TAB>@x,y"
# for a country drawn as a dot. Rings fill even-odd.
size 8000 4058
AD	4034,961,-5,1,0,-4,1,-1,5,1,-1,3
AE	5215,1384,2,2,2,14,-6,6,-2,-3,0,-2,-2,0,-2,2,0,10,1,3,-1,3,4,1,2,3,-10,2,-1,2,1,3,0,2,-5,17,0,9,-1,2,-56,-8,-24,-30,0,-5,2,2,2,0,1,4,2,2,8,0,8,-4,27,2,11,-5,4,-11,9,-8,8,-12,8,-7,2,-7,2,1,1,9,2,1,1,0;5216,1394,0,-2,-1,0,0,3,1,-1;5155,1419,-3,-1,4,-3,1,1,-2,3;5139,1418,-1,-2,1,0,1,1,-1,1;5168,1421,-3,1,-3,-1,4,-2,2,2;5179,1414,-3,-1,1,-1,2,2
AF	5379,1089,6,0,5,1,4,2,2,1,4,-2,4,1,4,5,5,2,4,-1,2,-3,5,-3,3,-1,2,-1,9,5,2,-2,-2,-5,1,-4,7,-1,5,1,2,0,1,-3,-2,-6,3,-4,2,-6,2,-3,3,0,9,3,2,4,1,6,6,0,2,20,4,7,4,4,3,0,9,-7,6,-2,1,-3,3,-3,8,-4,8,1,0,2,-1,2,11,-2,1,-2,2,0,6,0,6,4,-4,-1,-6,3,4,4,-9,5,-6,-2,-23,1,-9,4,-6,6,-3,0,-1,2,-6,8,7,5,5,8,1,3,0,3,2,3,-2,5,-3,3,-5,8,4,4,1,8,-8,3,-7,-1,-8,-2,-2,1,1,3,7,7,4,6,0,2,-6,5,-5,0,-3,2,-1,9,-2,6,4,12,-3,5,-4,3,-2,0,-5,-4,-3,1,-6,-1,-3,3,-8,4,4,4,-5,3,-4,0,-8,-2,-2,1,-4,6,-3,3,-1,8,2,7,0,5,2,4,-3,3,-22,7,-15,1,-5,3,-12,-2,-23,2,-37,-11,16,-25,0,-2,-3,-9,-2,-3,-18,-3,-3,-9,-1,-10,-9,-20,-1,-2,6,-9,-9,-3,-3,-12,3,-5,5,-1,-5,-5,4,-3,2,-5,0,-6,-2,-5,2,-1,1,-5,-1,-2,1,0,7,4,8,0,8,7,3,-2,5,0,6,-5,1,-6,-2,-4,15,-4,3,0,1,-3,5,-2,2,-3,2,-20,5,-3,9,0,1,-6,2,-2,8,4,9,1
AG	2647,1600,-1,1,-3,0,0,-2,2,-2,2,2,0,1;2647,1587,-2,-1,0,-3,2,1,0,3
AI	2621,1570,-4,2,4,-3,1,0,-1,1
AL	4392,976,0,-5,-2,-2,8,-12,2,4,5,-1,4,5,6,4,2,6,-1,5,1,4,-2,1,2,6,5,9,5,0,2,7,-1,4,-3,1,-2,8,-5,2,-2,1,2,5,-2,0,-2,4,-4,-2,-4,-8,-7,-4,-4,-5,2,1,1,-1,-3,-7,2,-6,-2,-13,2,-5,0,-4,-5,-2
AM	4918,1030,-11,-8,-6,1,-7,-3,0,-1,-4,-8,1,-2,1,-4,-3,-5,-5,-5,16,-2,12,0,-1,-1,4,-1,5,3,-2,2,7,2,4,4,0,1,-3,2,0,2,5,6,9,4,1,2,-1,3,-6,1,14,10,2,0,4,1,0,2,-2,2,5,4,-3,1,2,3,1,4,-8,1,-4,-7,0,-2,-5,-3,0,-3,-1,-2,-6,2,-5,-3,-2,0,-1,-2,-2,-2,-5,1;4917,997,0,-1,-2,0,1,1,1,0;4930,1008,-2,0,0,-1,1,-1,1,2
AO	4290,2145,-5,3,-9,8,2,2,-1,14,-6,2,-1,-3,1,-5,-1,-3,-3,-8,4,-6,2,0,2,-4,9,-5,2,1,4,4;4530,2302,1,14,-2,6,0,19,-2,10,1,5,-43,0,-2,74,1,8,2,8,7,6,19,21,-43,9,-7,-1,-8,1,-7,-3,-32,-2,-5,-3,-5,-6,-2,-1,-96,0,-7,-5,-4,-5,-9,-1,-12,6,-12,-1,-6,2,2,-14,0,-18,-1,-4,4,-3,2,-5,6,-22,3,-15,2,-7,2,-8,7,-10,2,-7,10,-6,4,-6,4,-12,2,-19,-3,-11,-4,-5,-1,-4,-3,-7,-3,-7,-1,-8,-3,-9,1,-3,1,0,-1,2,7,-8,0,-8,-11,-28,-1,-7,-6,-9,-5,-13,11,-2,6,-4,2,0,27,1,43,-1,2,1,6,7,1,11,4,8,1,8,13,22,8,-1,2,1,12,-5,9,2,8,-1,1,-8,3,-4,1,-8,3,-3,4,-1,16,-2,-1,6,2,3,26,1,1,2,-2,12,1,6,2,6,0,8,-2,20,1,3,7,11,2,6,0,11,-3,5,1,6,2,2,5,-4,12,1,8,-3,9,1,3,-4
AQ	3193,3531,9,3,2,2,-5,-2,-5,0,-2,-2,-2,1,-1,-2,4,0;2534,3714,-1,0,-1,-2,2,2;3021,3595,6,5,0,1,-5,0,-2,-3,-5,1,-11,5,-3,4,-3,6,-2,0,-1,1,5,1,0,1,-1,1,4,3,-2,1,-4,-2,-9,-2,0,2,1,2,0,1,-2,-1,-2,-2,-3,-1,-5,3,-8,10,-4,1,-7,-1,0,1,5,3,-1,1,-6,-1,-1,3,3,3,6,2,-4,1,-2,5,1,2,7,4,3,0,7,-1,1,-2,4,1,1,-2,5,0,1,1,-1,3,-3,-1,-2,1,3,2,0,3,-4,-3,-5,-1,-1,2,-2,0,1,4,-4,-3,-5,-2,-9,1,0,1,2,2,2,4,3,1,1,2,-2,0,-15,-10,-8,1,2,2,-1,1,-2,5,5,2,2,3,-4,1,-12,-3,0,5,2,2,-2,2,3,1,1,1,-9,0,-1,1,4,7,-1,2,1,2,4,3,-2,3,7,0,5,-2,2,2,-8,4,8,2,-2,4,2,0,19,4,-3,-5,3,-1,10,-2,5,0,0,1,-6,1,-5,2,0,1,1,1,8,2,-1,3,2,2,10,7,9,3,3,2,3,5,6,5,5,2,1,1,0,2,-4,-1,-1,1,0,2,8,2,8,0,1,2,-2,2,-4,1,0,1,3,2,10,0,10,7,0,2,-11,7,7,0,4,-2,4,2,2,2,0,1,-13,2,-4,2,16,2,5,-1,4,0,4,6,0,1,-8,1,1,3,7,2,3,-1,3,0,2,4,4,3,2,0,1,-1,2,0,2,2,1,3,0,2,-8,-2,-4,3,-2,0,-7,-3,-10,-1,5,2,5,5,3,0,6,1,7,4,0,3,-3,2,-4,-2,-4,1,-1,2,8,0,5,2,-2,2,-5,-1,-3,2,8,1,7,-2,2,2,-2,3,-5,1,-14,-2,10,7,0,2,-3,1,-3,1,-3,-1,-4,-4,-8,-1,3,4,-1,1,-2,-1,-7,3,9,0,4,2,-1,1,-13,2,15,1,1,1,0,1,-36,11,-16,1,-22,5,-6,3,-1,2,-1,1,-22,1,-31,-1,-23,-2,-27,1,0,1,4,3,21,8,10,2,6,2,39,2,1,2,-2,4,-2,1,-6,3,-9,1,-91,-8,-5,2,-7,0,70,11,2,4,-3,1,-32,2,-41,-8,-25,-8,5,3,11,5,-5,-1,-2,1,1,1,5,3,8,3,29,6,18,7,5,1,-3,-4,4,-1,52,1,5,1,7,5,-1,3,-2,2,-7,2,-34,0,23,2,24,-1,14,4,13,7,8,1,10,-1,14,1,23,-4,5,0,17,5,16,0,9,2,40,5,45,2,3,1,-5,1,-29,-1,-11,1,20,1,2,1,-26,2,5,0,1,1,0,2,4,2,12,1,56,-3,-25,5,17,7,4,0,4,-1,3,3,-1,3,9,2,19,0,19,-8,18,-6,6,-1,15,-4,71,-4,15,1,14,0,5,3,-1,1,-3,1,1,2,10,1,26,-4,4,-3,11,-7,6,-4,6,-2,6,0,20,-4,23,2,15,-2,7,-4,54,-3,3,-2,19,-2,73,-1,8,-2,2,-2,-13,-2,-79,-3,-5,-2,0,-3,-3,-3,-5,-1,-32,2,-38,-5,-12,-3,-1,-3,0,-3,6,-8,4,-4,4,0,3,-2,2,-3,2,-2,19,-5,8,0,23,-9,17,-6,25,-4,15,-3,25,-4,26,-2,16,0,9,-1,4,-2,15,1,17,-2,-3,-1,-4,-3,2,-3,4,-2,4,-5,6,-7,2,-1,13,0,12,2,15,-10,-1,-2,-17,2,-7,0,-1,-1,4,-1,1,-2,-10,-2,1,-4,12,-7,9,-1,13,1,2,-2,-5,-5,16,1,7,-3,19,-5,7,-10,-1,-3,-5,0,-13,-3,-4,-5,7,-2,15,6,3,0,4,-6,7,-3,-5,-2,0,-1,1,-1,3,0,3,2,11,3,10,10,11,-1,3,-1,2,-7,-1,-2,-4,-4,2,-2,5,-1,9,1,14,-2,4,0,2,3,-8,6,0,3,38,1,17,-1,9,2,11,-1,2,-2,2,0,3,2,2,5,4,2,16,-9,22,-6,51,-7,36,-3,5,-3,13,3,5,-2,6,-4,7,2,9,4,12,4,11,2,13,-8,8,-4,-5,-2,0,-1,8,0,3,4,8,2,11,-1,20,1,4,-3,6,-1,3,1,1,4,22,3,2,0,4,-5,10,-2,2,2,-4,8,3,4,2,1,27,-2,6,-7,6,-5,4,1,6,4,0,2,-3,1,1,1,10,3,7,-2,5,-3,3,-4,4,0,3,1,2,2,-1,3,5,4,18,3,9,0,40,-9,19,-6,23,-1,21,-5,3,-2,5,-6,0,-5,-3,-7,2,-4,9,-4,6,-1,11,1,0,2,-9,5,1,2,12,0,2,1,4,7,1,3,2,1,20,-1,7,4,8,-2,3,0,5,2,4,5,6,3,0,-4,18,-12,6,-10,7,-4,10,-1,11,-5,18,-3,11,-6,24,-3,15,-5,7,0,14,-2,1,-2,-1,-1,1,-2,5,-3,5,0,4,2,3,0,0,1,-6,4,5,3,8,-1,4,0,1,2,-1,5,4,-2,2,-3,3,-5,12,-7,-8,0,-3,-4,7,-2,7,0,10,5,9,1,1,-1,2,-8,-3,-1,1,-3,2,-4,30,-9,32,-3,26,2,6,2,7,7,10,2,2,3,-5,2,-2,0,-8,-2,-3,0,4,4,-1,1,-2,3,-12,5,5,1,12,-4,15,-1,16,4,5,6,22,-2,12,3,13,1,8,1,10,-2,8,-1,31,5,23,1,17,3,22,-3,0,2,-3,4,1,9,-11,6,-1,2,1,2,-3,2,-1,5,-6,2,-8,1,-1,2,0,1,2,1,0,2,-4,4,-6,1,-5,0,-3,-1,-21,9,6,1,3,2,10,-1,9,-1,2,0,0,2,-5,5,-10,7,-18,7,-17,13,-22,19,-8,4,0,1,10,2,13,-4,5,-7,10,-5,19,-3,10,-5,12,-4,2,-1,9,-3,5,-2,10,-9,10,-8,3,-2,10,-2,8,-4,5,-6,12,-5,11,-2,8,2,10,0,4,1,4,-1,8,-6,5,-2,3,0,18,-6,6,-1,6,-2,17,-10,5,-5,4,-2,11,-4,62,-10,12,-1,5,-3,22,-7,19,1,9,-2,10,-1,25,-5,27,1,16,-2,10,-3,19,-2,7,2,9,-1,14,3,16,-4,9,2,16,0,13,-2,3,1,5,1,11,-3,7,2,0,2,9,0,30,-7,12,-5,4,-3,13,0,10,-2,14,3,5,-1,33,10,11,1,7,2,0,2,7,0,1,2,15,3,27,-8,3,-5,11,-5,11,-2,31,-4,7,3,2,3,0,7,2,2,7,0,3,2,1,4,-12,6,-25,4,-4,3,0,2,17,-2,36,-7,5,2,18,-1,7,2,29,-4,3,0,-32,7,3,1,45,-6,16,-5,35,-5,4,0,5,2,4,0,5,-1,10,-5,10,-1,10,2,-3,6,4,6,8,0,5,2,10,-1,6,-1,22,-12,10,-4,10,-2,20,1,10,-2,9,1,11,-2,5,1,3,3,-3,4,2,0,13,-3,11,-5,10,4,2,3,8,-2,8,0,5,2,5,3,16,0,7,3,16,1,4,2,12,-1,2,3,4,2,21,-3,1,1,-3,3,9,-1,3,0,-2,2,-28,14,-2,2,3,1,22,-6,8,-1,6,1,5,7,-3,4,-6,3,3,2,19,2,32,-1,12,-1,1,0,-9,8,1,2,7,-3,15,1,4,0,2,2,13,-2,12,-9,3,0,2,2,1,9,3,4,7,1,4,2,9,0,4,3,11,-3,2,1,2,2,16,5,-1,4,-6,6,4,2,-2,5,-10,10,0,2,5,0,0,2,4,-1,7,-7,6,-4,6,-2,9,-1,-1,4,1,3,10,0,10,-3,19,3,12,1,10,3,-1,2,-3,3,0,2,7,2,9,7,12,-4,-9,9,-6,2,-7,0,-8,3,-11,6,5,-1,-7,4,-4,1,-5,-2,-5,-1,-3,-1,-4,0,0,3,9,4,-15,6,-13,3,-1,-2,-4,-1,-5,2,-17,0,1,-3,-5,-1,-1,1,-2,5,8,2,-1,1,-16,3,-12,0,-7,1,-1,3,-10,3,-6,0,13,-10,-5,0,-6,3,-9,8,-7,2,-4,5,-1,4,-3,2,-3,0,-14,-1,-8,1,2,-3,-1,-1,-11,5,-16,4,-17,8,-10,0,-16,2,-1,1,13,0,2,1,-5,3,-1,1,2,2,-1,1,-17,6,-1,1,2,1,-7,4,-6,2,-6,3,-12,4,6,2,-6,6,-9,6,1,1,-3,2,4,0,-6,3,-13,4,4,0,2,1,22,-5,0,1,-7,4,2,3,10,1,-7,3,-8,0,-1,-2,-22,1,-39,5,-2,-4,3,-2,-1,-1,-8,3,-4,5,-3,2,-4,0,-5,-1,-7,1,-11,3,-6,4,-15,3,0,1,3,0,-2,1,-10,2,-2,1,6,0,0,1,-3,2,-34,4,-7,2,27,0,-6,2,-1,1,2,1,-2,1,-10,0,-2,1,4,1,-10,5,-8,2,4,0,1,4,4,0,2,2,0,1,2,0,-2,1,3,3,-1,1,-42,4,-1,1,18,0,3,0,30,-2,9,5,6,1,-4,3,2,1,9,-1,3,1,-11,3,-7,0,-2,0,3,2,21,0,3,1,11,0,1,0,-2,2,5,1,11,0,7,2,15,1,1,0,-1,1,2,1,40,3,2,2,-185,59,-4258,0,-158,-48,-27,-11,50,1,9,2,14,-1,41,1,44,2,20,3,61,1,91,3,-21,-3,11,-1,-3,0,-124,-7,-2,0,16,-1,-17,-2,-1,-2,4,-1,-3,-1,-26,-2,-28,0,-30,-5,-85,-8,-6,-2,20,2,13,-1,59,6,37,0,11,1,13,2,12,-2,19,3,37,0,19,-3,2,-1,-12,-2,24,-2,0,-2,11,-3,3,-1,0,-2,-40,-7,3,-2,-1,-2,-19,-3,-35,-3,0,-1,2,-1,105,-4,-1,-1,-19,-2,-4,-1,-16,-2,-11,-2,-3,-2,1,-1,24,-1,-7,-3,4,0,-5,-3,-51,-5,-22,-4,-7,-3,-18,0,-29,-3,-30,-6,4,-2,13,-2,1,-1,0,-2,-18,-1,-27,0,-23,-4,-10,-4,-6,-5,-12,-6,0,-1,18,2,6,0,3,-2,21,0,17,2,13,4,25,0,42,7,1,-1,-1,-1,3,-1,8,-2,0,-2,-13,-2,-8,-4,2,0,23,4,7,-1,14,4,6,0,5,-1,-9,-3,2,-1,-11,-3,-1,-1,2,-1,-9,-4,-23,-4,-10,-2,-17,1,-20,-2,8,-2,1,-2,2,-1,46,6,6,0,-24,-6,-2,-1,1,-3,17,-1,8,-5,16,-1,19,4,11,1,-12,-4,8,-2,4,-4,27,-3,17,2,1,-1,-4,-6,1,-1,8,-2,7,1,20,3,24,-2,37,3,25,-4,12,0,49,1,35,0,25,-2,7,-3,1,-2,6,-1,21,2,28,0,1,0,-6,-10,1,-2,21,4,2,2,-2,1,3,3,8,2,-4,4,4,6,32,-3,1,-1,-7,-4,0,-1,-7,-5,1,-2,7,0,17,4,5,3,2,4,0,2,-4,3,-3,3,4,2,30,-1,25,3,18,0,20,-4,16,1,11,-1,21,0,17,6,20,-3,12,1,0,-3,-4,-1,-32,-5,2,-1,1,-3,-5,-3,-6,-1,-5,1,-6,-1,-17,-9,-19,-3,-3,-2,-2,-3,5,0,29,2,14,0,2,-2,9,0,-29,-6,-39,-1,-17,-10,2,-2,12,1,3,2,0,2,1,1,12,1,13,-1,10,1,6,-1,25,1,33,5,16,-1,17,1,6,-2,13,-1,32,4,6,-2,0,-3,-3,-2,4,-1,2,-2,7,1,0,-4,5,0,11,2,2,1,-1,6,4,2,15,-1,8,3,4,0,12,-3,18,6,25,4,12,1,12,2,11,-2,0,-2,-6,-7,0,-1,2,0,13,3,-9,-6,-1,-2,1,-1,17,3,12,4,6,4,6,1,22,-2,3,3,-1,5,1,0,4,-1,7,0,13,-3,12,2,9,-1,12,-5,21,-2,6,-2,10,1,21,-4,14,-5,3,-5,0,-10,-5,-4,-12,-8,-12,-14,-10,-8,-14,-9,-6,-8,-6,-4,8,-2,13,1,0,-2,3,-3,-2,-3,-8,-3,0,-2,3,0,0,-3,-2,-2,-1,-2,2,-5,-9,-5,0,-7,3,-3,-9,-1,-6,1,-2,-2,-2,-7,2,-1,1,-3,2,0,2,1,4,6,2,0,2,-1,3,2,-7,-13,2,-2,9,0,-1,-5,-3,-2,1,-3,7,-1,-3,-2,4,-1,7,1,1,-1,-3,-2,-2,-3,4,1,0,-2,-1,-1,3,0,1,-2,5,0,0,-1,-5,-2,-2,-3,-1,-2,3,-3,13,2,-3,-4,5,-2,4,-1,-2,-1,0,-3,2,0,3,2,5,-2,4,-1,2,-1,0,-3,5,-2,1,-4,-1,-1,1,-1,8,-3,12,-2,7,-4,1,-3,11,-2,4,-3,8,-2,5,1,2,2;3363,3913,21,0,4,1,15,13,1,6,-2,1,-6,1,4,1,2,1,-1,1,-73,6,-7,2,-59,2,-3,-2,-3,-3,4,-1,4,-6,6,1,6,-1,4,1,6,-3,12,-8,1,-2,-2,-2,-6,-1,1,-3,-2,-3,3,-2,-3,-1,0,-3,8,-7,2,-4,18,-3,12,-2,12,1,22,4,14,5,2,4,-1,2,-17,1,-1,2,2,1;3180,3940,4,6,-8,3,-30,-2,-10,-3,-11,0,-2,2,-41,-7,5,-1,8,2,59,0,5,-2,-7,0,-3,-3,5,0,-3,-2,9,-3,10,1,4,1,2,4,8,2,-3,0,-1,2;2871,3723,1,2,2,-1,4,1,8,6,12,11,24,17,13,18,0,7,-5,5,0,3,-19,2,-6,-1,-22,1,-3,-1,-4,0,-8,-4,4,-3,30,2,6,-1,2,-2,-6,-1,-11,3,-5,-1,-5,-3,12,-2,1,-1,0,-1,-16,-2,-11,-4,-5,6,-15,-1,7,3,-5,3,-9,-2,-5,0,-13,-5,-2,-3,2,-2,4,-1,9,2,-4,-3,2,-2,15,4,1,-1,-6,-3,1,-1,15,1,5,-1,-14,-3,-2,-1,5,-1,16,1,3,0,3,-3,13,-1,10,4,-3,-5,-18,-2,-6,-2,0,-3,9,-4,12,1,-15,-5,-6,0,-6,1,-12,-3,-4,-3,-2,-8,-2,-2,-8,-4,-2,-2,-1,-3,2,-2,22,-3,7,4,4,5;2471,3779,3,4,4,0,-2,-4,3,-1,4,3,0,2,6,2,0,-2,-1,-3,1,-2,8,-1,5,2,0,3,-7,3,5,1,13,-4,7,7,-7,1,3,2,-15,0,-5,-1,-17,1,-33,-6,-30,-1,-5,-2,-2,-2,1,-1,27,-3,2,0,9,5,1,-2,6,0,1,-1,1,-1,3,-2,8,1,3,2;2166,3816,10,5,-7,4,4,3,-17,2,-12,-2,-2,-2,2,0,-5,-3,1,-2,-9,-3,-5,0,-1,-2,2,-1,39,1;2066,3807,13,2,13,6,-7,1,1,1,15,1,4,-2,11,3,0,1,9,3,3,3,-20,-1,-25,-6,-11,-4,-4,-1,-1,2,-3,0,-10,-6,-1,-3,13,0;1797,3931,-24,0,-54,-7,-12,-2,-11,-6,2,-1,-1,-2,2,-1,-1,-1,18,1,57,12,20,5,4,2;6410,3885,3,1,14,0,10,1,-2,2,-18,3,-15,-1,-17,4,5,-6,11,-3,2,-2,4,-2,7,0,-4,3;3569,3931,4,-1,0,-2,2,2,11,1,5,2,-11,2,-20,-3,-4,-2,4,-2,9,3;3526,3922,-1,1,-35,-1,-1,-1,-1,-1,14,-2,24,4;3024,3929,-16,-1,-5,-1,-3,-3,-2,-3,1,-3,9,-4,35,-10,5,-1,6,2,-6,5,-17,10,-2,4,2,2,0,2,-7,1;3014,3611,5,-2,0,1,6,2,1,3,-2,1,2,2,-6,0,-1,-2,-2,0,-1,3,-1,-2,-4,1,-2,-1,4,-2,-2,-1,-2,-2,-5,0,1,-4,7,-3,2,2,0,4;3045,3591,7,1,2,2,-1,1,-12,-1,-8,3,-3,-2,1,-3,5,-1,8,-1,1,1;2990,3562,5,1,2,2,-3,0,-2,1,-3,0,1,2,-1,0,-5,-1,-1,3,-5,-2,-3,1,4,-4,4,-2,7,-1;2928,3620,-1,3,5,-2,3,1,-6,4,-5,0,-2,2,-10,-3,0,-2,4,-2,-1,-1,4,-1,-1,-2,2,-2,5,2,0,1,3,2;2942,3619,-1,1,-2,0,-1,1,-4,-1,3,-6,-4,-2,1,-1,3,-1,2,2,4,1,0,5,-1,1;2883,3686,-2,1,-4,0,1,2,-2,2,-5,0,-5,-3,-2,-4,2,-4,3,-9,6,-4,2,0,2,2,-3,3,2,4,6,3,-6,4,4,1,1,2;2832,3753,4,2,-1,1,-6,3,-8,2,-22,2,-3,-1,-3,-3,3,-1,15,-2,1,-2,0,-2,9,4,1,-1,-2,-3,1,0,5,1,-1,-1,1,-1,6,2;2799,3734,11,4,1,1,-2,1,1,3,-3,1,-7,-1,-10,-2,-1,-1,1,-2,5,-1,0,-2,4,-1;2859,3803,0,3,-2,1,7,4,1,2,-2,1,-24,-6,-4,-2,-2,-3,4,-1,5,1,0,-1,2,0,0,-1,-9,-2,4,-2,18,2,3,2,-1,2;2603,3805,-5,0,-4,-5,1,-1,-10,-6,4,-1,9,1,2,3,0,1,3,1,2,3,-1,3,-1,1;6386,3900,-7,2,-19,1,7,-4,6,2,17,-4,-4,3;5692,3647,-7,0,-4,-1,6,-4,9,-2,3,1,1,3,-8,3;4427,3748,-8,1,-6,-1,0,-3,7,-3,4,0,3,5,0,1;3907,3751,-5,2,-4,-4,7,0,2,2;3948,3751,-3,-1,5,-4,5,0,2,2,0,2,-9,1;3087,3936,-12,-3,-3,-2,-15,-5,26,2,4,2,4,0,4,4,-8,2;3063,3924,-2,1,-14,0,-2,-1,0,-2,4,-2,7,0,7,1,-2,1,2,2;3033,3547,-2,0,-4,-3,0,-1,13,1,-6,2,-1,1;3043,3599,-1,1,-5,-1,-1,-2,7,-1,2,2,-2,1;3029,3622,-3,0,-1,-2,8,-3,0,3,-4,2;3035,3589,-3,2,-1,0,-6,-3,2,-1,7,0,1,2;3020,3605,5,1,-4,1,-7,-2,6,0;3007,3734,-1,0,-5,-5,-10,-7,2,0,4,0,9,5,2,3,-2,0,1,4;2951,3577,8,0,3,1,3,0,-5,3,-4,-3,-11,2,-3,-2,3,0,2,-2,0,-1,4,2;2847,3734,-3,0,-11,-2,-4,-2,-1,-1,3,-2,5,1,11,6;2534,3794,-3,0,-2,-1,8,-3,5,3,-8,1;2397,3804,0,1,-4,0,-8,-4,1,-1,11,4;2190,3824,-6,-1,1,-2,-6,-3,8,-1,6,1,2,1,0,2,-5,3;2085,3834,-10,-2,-9,-4,16,2,3,1,1,2,-1,1;1874,3981,-15,0,-19,-4,20,1,15,2,-2,0,1,1;1840,3958,-49,-2,-6,-2,19,0,36,4;6459,3838,-3,0,3,-2,11,-2,-11,4;6417,3852,-8,3,-2,-1,10,-2;6589,3813,-3,1,-1,-2,12,-4,-3,4,-5,1;6706,3687,-3,0,1,-1,8,-5,1,1,-2,2,-5,3;6703,3671,-3,1,3,-3,2,0,-2,2;6701,3664,-3,1,1,-3,4,-3,-2,5;5613,3655,5,0,0,1,-1,1,-11,2,-1,-1,3,-3,5,0;5670,3658,-2,1,0,-1,5,-2,-3,2;5642,3664,-3,0,1,-2,2,0,3,1,-3,1;5737,3642,-4,0,2,-3,-4,-2,1,-1,3,-1,3,1,-2,3,1,3;5550,3650,-5,0,0,-2,5,-1,2,2,-2,1;5418,3674,-3,1,-3,-3,1,-2,1,-1,7,1,0,3,-3,1;5433,3670,-4,1,-1,-1,6,-1,2,0,-3,1;5415,3667,-2,1,-2,-1,2,-2,2,2;5089,3779,-4,3,2,-3,2,0;5061,3787,8,-4,0,1,-1,1,-7,2;5141,3753,-3,0,-1,-3,2,-3,4,-2,-1,3,1,3,-2,2;4804,3671,-4,0,1,-2,7,1,0,1,-4,0;4259,3740,-1,2,-8,-3,-1,-2,6,-3,10,0,1,1,-5,2,-2,3;4048,3752,-5,1,-2,-2,8,-3,2,0,1,1,-1,2,-3,1;3954,3765,-6,0,-2,-3,3,-1,5,4;4021,3745,-3,3,-2,-3,-1,-3,1,-1,7,0,0,2,-2,2;3960,3756,7,1,-4,4,-7,3,0,-4,-3,-1,-1,-2,-9,-3,9,0,8,2;4072,3750,-3,0,-3,-1,-1,-3,7,-1,1,3,-1,2;3687,3819,1,5,4,4,0,2,-1,1,-5,0,-3,-5,-3,-2,-14,0,13,-4,3,-5,3,-1,1,0,2,2,-1,3;3752,3795,-4,0,-2,-1,-1,-2,2,-2,5,5;3806,3784,-4,1,-4,-3,3,-1,5,3;3551,3929,-3,-1,2,-2,6,1,-5,2;3053,3549,-3,-2,2,-2,1,4;2979,3571,-3,1,-3,-1,2,-1,4,1;3023,3740,-2,0,-2,-2,0,-1,3,1,2,1,-1,1;3018,3713,-3,1,-4,-2,3,0,4,1;3039,3755,-3,-1,-3,-3,8,0,1,2,-3,2;3046,3761,-7,-1,4,-1,3,2;2971,3574,-2,1,-3,-3,4,1,1,1;2957,3586,-2,0,2,1,-1,0,-3,-1,0,-1,4,1;2964,3607,-2,0,-3,-1,2,0,-1,-3,1,-1,3,1,-1,2,1,2;2944,3611,-1,0,0,-1,3,-1,-2,2;2930,3629,-4,1,0,-2,4,-2,1,0,-1,3;2922,3589,-1,-1,1,-3,3,-1,-1,2,-2,3;2899,3650,-6,1,0,-2,1,-1,-1,-1,0,-3,2,0,3,0,1,2,-2,1,2,3;2890,3658,-3,2,-1,-4,3,0,1,2;2886,3673,-4,0,1,-2,-1,-1,3,0,2,2,-1,1;2897,3692,-6,0,-2,-2,3,-2,5,0,2,1,-2,3;2859,3745,6,2,-1,2,-2,0,-4,-3,1,-1;2870,3808,-4,-1,0,-1,1,-3,5,1,0,3,-2,1;2557,3799,-6,-1,1,-1,5,2;2234,3825,-7,0,-5,-2,10,-4,5,1,-3,3,2,0,-2,2;2005,3830,-1,2,-7,-2,4,-1,4,1;2028,3833,-13,-1,-7,-2,3,-2,14,2,3,2,0,1;1848,3872,-8,-1,8,1;1851,3855,-15,-2,-3,-1,4,-1,14,4;1873,3878,-6,1,-5,-3,14,1,3,1,-6,0;1846,3879,-10,0,-4,-2,13,1,2,0,-1,1;1825,3874,10,0,7,1,-7,1,-10,-2;1848,3885,6,1,-8,0,-6,-2,8,1;1814,3875,-6,0,-5,-1,9,-1,3,1,-1,1;1848,3865,-3,0,-14,-3,8,0,9,3;1859,3872,1,2,-6,-1,-5,-2,7,0,3,1;1832,3886,-19,-2,5,-1,14,3;1876,3935,-16,-1,-17,-3,-1,-1,34,5;1841,3881,-20,-1,-8,-1,3,-2,7,0,18,4;1891,3966,-24,-5,24,4,0,1
AR	2772,2788,-4,10,3,7,-2,3,1,6,-2,7,2,3,0,4,-3,4,3,8,-1,8,3,10,-1,3,-3,0,0,1,-1,14,6,13,-2,3,2,4,5,5,17,9,6,4,3,4,1,4,-3,5,1,5,4,6,4,4,3,1,4,0,1,1,3,9,0,5,-5,13,-5,7,-1,4,0,5,-11,8,-16,6,-16,5,-25,3,-16,0,-4,-1,-4,-3,-3,0,0,1,2,3,0,4,2,3,5,3,-2,0,3,2,1,9,-3,2,-1,8,2,6,5,5,0,4,-2,2,-10,5,-13,2,-3,-1,-14,-5,-10,-3,0,-2,-1,0,-4,2,0,2,1,5,6,12,2,10,3,3,8,4,2,0,0,4,3,0,7,-1,-1,-3,-4,0,1,-1,8,-3,4,4,3,11,0,2,-7,2,-2,0,-6,-7,-3,-2,-4,1,-2,2,-3,1,0,2,15,6,-1,2,-8,3,-5,10,0,5,4,6,-1,3,2,3,-1,5,-4,5,0,3,3,2,0,3,-11,-1,-7,6,-6,1,-4,8,-2,12,5,9,19,14,16,2,3,2,4,5,1,7,-3,3,-3,1,1,1,4,-1,4,3,-2,1,-6,9,-10,7,-6,8,-2,7,1,3,2,14,-4,4,-2,0,-6,-3,-6,-5,2,4,-5,2,7,0,5,4,-8,5,-1,5,2,7,-2,4,2,-1,6,7,3,6,-8,1,11,2,17,15,0,1,-1,-1,-16,-4,-5,0,-11,-3,-37,0,-2,-3,-12,-8,-1,-6,-3,-5,0,-4,-4,-6,-4,-2,-6,2,-3,2,-2,0,-7,-10,-6,-5,-3,-5,0,-3,-4,-5,0,-7,6,0,-1,-3,0,-4,5,-3,1,-3,-2,-7,1,-2,3,-1,0,-4,-2,-3,-5,-3,-1,-2,1,-8,-1,-2,3,-3,1,-3,2,-1,-3,-4,-1,-5,3,-4,-4,-9,-4,-3,3,-3,0,-3,-3,-2,-3,-7,1,-1,3,0,0,-2,2,-3,-1,-2,-7,-6,-10,-2,-1,-4,16,0,0,-5,-2,-3,-12,-1,-2,-7,1,-5,-4,-4,1,-1,-1,-3,-5,-4,0,-2,2,-1,0,-2,-1,-2,-6,-1,-3,-3,-4,-10,1,-3,-2,-5,0,-3,4,0,1,-1,0,-1,-6,-10,-6,-19,-3,-5,1,-6,1,-3,-3,-4,2,-4,-1,-3,-3,-6,1,-1,2,0,1,-8,-2,-9,5,-4,3,-1,1,-3,-1,-2,-3,-2,-4,-10,-4,-7,-2,-8,-2,-4,0,-5,-3,-6,1,-5,0,-3,2,-3,3,-1,0,-3,2,-3,2,0,1,-2,-4,-14,-2,-5,-2,-2,2,-2,0,-10,3,-11,4,-2,-4,-13,0,-8,-1,-3,-4,0,-2,-2,-1,-4,1,-4,-3,-2,-3,-8,-4,-5,-2,-5,2,-3,-5,-3,-4,-7,-1,-11,2,0,2,-3,-2,-3,1,-13,2,0,3,0,1,-5,-3,-3,-1,-7,-4,-11,4,-6,1,-17,2,-6,1,0,5,-7,4,-19,3,-1,2,1,1,-2,4,-1,1,-2,-1,-2,-7,-10,0,-3,2,-5,-6,-19,1,-6,2,-2,-5,-6,0,-3,1,-3,5,-6,18,-9,5,-26,-5,-4,3,-4,0,-3,5,-3,1,-5,7,-3,3,-8,2,1,8,7,17,0,9,3,7,15,1,-6,6,-14,24,-1,5,8,6,3,4,5,7,11,10,8,7,4,4,5,12,6,9,1,5,2,16,12,15,7,4,3,5,0,7,4,6,7,1,3,-3,4,-2,8,-5,4,-1,5,1,7,-2,5,-2,2,-3,5,1,5,9,-1,23,5,3,-1,6,1,2,0,4,2,1,0,4,-6,5,0,5,2,2,-1,0,-5,3,-4,6,-2,4,-5,2,-2,2,-8,-1,-19,4,1,6,-2,3,1,3,3,2,7,4,7,0,13,1,3,-2,6,-5,4,-1,-1,-3,5,-10,3,-2,4,-2,1,-1,3,-3,1,-5,4,-5,3,2,5,-5,0,0,1,-6,8,-2,6,-5,5,-5,10,-6,5,-2,6,-4,4;2725,3399,-22,-53,8,6,4,4,-3,-2,-1,1,-1,3,2,2,6,1,6,7,18,11,24,12,11,3,7,-1,3,1,-1,5,-2,1,-9,0,-9,3,-13,-3,-21,-2,-7,1;2800,3395,13,0,0,2,-2,1,-6,-1,-5,3,-3,-2,3,-3;2728,3014,1,1,-2,0,-4,-3,5,2
AS	241,2390,-2,-1,3,-2,3,1,-4,2
AT	4187,843,2,-5,-2,-1,4,-2,4,2,2,3,3,1,0,2,3,-3,2,-4,8,1,2,3,2,0,5,-1,8,-4,9,-1,0,-2,5,2,4,-1,2,1,1,2,4,2,1,-5,-1,-1,-3,0,1,-4,-4,-5,1,-2,11,-5,2,-5,4,1,1,-2,1,-4,3,2,1,2,13,0,2,-3,2,-1,1,-6,16,4,5,2,6,1,4,-2,6,3,2,2,-1,5,6,10,-2,4,1,3,-5,1,-4,-2,-3,2,4,2,1,1,-1,2,-3,2,0,3,-1,1,2,2,0,3,-4,1,-4,3,-1,1,-1,3,-3,0,-7,2,-10,0,-7,5,-41,-7,-2,0,-5,-6,0,-4,-7,3,-11,0,-2,1,-2,3,-2,1,-9,-2,-1,-3,-1,0,-5,3,-5,-2,0,-2,-6,-1,1,-1,-2,-4
AU	7160,2330,-2,8,3,3,2,6,1,20,-2,7,3,16,4,3,6,-4,6,-2,3,6,13,12,-3,13,1,15,-3,9,5,11,3,1,-1,4,2,14,-5,16,3,6,2,2,-2,7,1,3,2,3,4,2,6,2,3,4,3,0,3,-1,5,10,2,1,1,2,4,0,5,5,5,2,2,3,2,5,-4,0,-1,3,1,3,7,10,0,9,2,3,-1,11,2,10,2,-1,3,4,1,-1,0,-5,1,-3,2,-1,3,6,5,4,1,0,1,-4,1,-1,1,2,1,4,-3,15,-1,7,5,8,6,6,4,1,2,2,4,12,6,5,1,10,2,2,2,4,-3,6,1,3,2,4,-5,9,-4,17,-3,5,1,14,-1,7,1,5,-5,16,-9,11,-7,15,-13,17,-4,8,-8,14,-8,8,-7,7,-7,10,-8,6,-2,0,1,1,-1,1,-9,3,-12,12,-3,4,-4,2,-4,8,-2,2,-3,0,2,1,-8,7,-5,5,-7,13,-3,0,-2,4,-3,1,-16,15,-19,26,-6,10,-5,7,-2,0,-10,6,-26,1,-10,3,-14,7,-17,11,-14,2,-1,1,1,3,4,-1,-3,5,-3,2,-1,0,0,-7,-2,-1,-3,2,0,-6,-4,0,-2,-3,5,-4,0,-3,-3,-1,-4,4,-7,3,-3,-4,4,0,8,-6,-2,-5,-14,6,4,0,1,2,-15,6,-9,6,-7,3,-6,-2,-1,-2,-5,-2,-5,-5,-6,1,-4,-3,-3,-1,-5,3,-3,0,-2,-5,-3,-3,-7,-1,-3,-3,0,-6,-4,-10,1,-5,8,-10,1,-7,-1,-9,-4,-8,0,-3,1,0,4,-2,0,2,1,1,3,-5,0,-1,-2,-1,-9,5,-8,2,-7,0,8,-8,6,-7,3,-7,-2,-15,-7,8,-4,6,-8,11,-5,0,-8,2,-6,0,7,-8,8,0,6,-8,4,-11,7,-7,9,-7,2,-10,4,-3,2,-8,-1,-5,-2,7,-12,9,-9,11,-21,10,-18,16,0,7,-1,1,-3,-3,-4,2,-3,-8,-2,-1,-2,0,3,-3,2,3,2,0,2,-16,-4,-8,1,-8,-2,-3,-7,-1,0,-5,0,-5,3,-1,2,-4,-5,-4,-1,-3,-2,-2,-10,-1,-7,-5,-12,1,-7,-8,-6,-4,-4,-1,-9,3,-14,-1,-26,3,-22,10,-18,4,-12,2,-13,-2,-5,1,-30,15,-12,3,-14,15,-10,8,-3,0,-4,2,-2,-2,-6,-1,-15,3,0,-3,-14,-1,-13,1,-9,2,-4,0,-8,1,-6,3,-6,6,-5,3,-8,0,-20,13,-7,2,-6,1,-21,-3,-9,-5,-3,-7,-3,-2,-5,-3,-3,1,-2,-2,6,-19,3,3,4,0,4,-3,7,-8,3,-13,3,-3,6,-17,1,-5,-3,-22,0,-6,4,-21,2,-5,0,-10,-3,-7,0,-8,-5,-12,2,-13,0,-5,-3,-13,-6,-11,-1,-6,2,2,2,-4,2,12,3,1,3,-3,1,-4,-4,-6,-2,-9,2,-3,2,0,2,6,-2,5,1,2,0,1,3,-4,1,8,2,2,3,-3,3,-11,-3,-8,-6,-27,1,-5,3,-10,8,-11,3,-13,-1,-7,9,-17,2,-2,2,-1,0,2,-2,7,1,3,-1,4,4,-1,2,-2,9,-13,18,-9,14,-11,17,-10,10,0,5,2,7,-2,12,-7,13,-2,9,-7,10,1,4,-2,15,-3,14,-6,8,-7,15,-21,4,-2,8,-8,1,-1,-2,-2,-1,-11,2,-6,3,-4,11,-9,6,-9,1,0,2,11,7,17,2,-13,2,0,3,3,2,-6,0,-1,-2,0,-5,-9,4,-2,0,-5,1,-1,2,0,2,5,5,-3,5,3,10,0,-2,-1,-5,0,-1,-1,1,-4,4,-1,3,-6,0,-2,-1,1,-3,4,-2,-6,3,-6,2,0,4,-4,0,-2,6,3,0,2,1,-1,1,-3,-3,0,-1,-4,4,-2,1,-2,6,3,1,-2,-2,-2,-1,-6,3,-3,6,-3,2,-6,2,1,-2,6,2,-2,2,1,1,4,1,-3,2,-1,3,-9,-1,-4,2,0,1,1,1,4,4,-4,3,4,5,-5,1,-4,3,-1,11,7,4,4,4,7,6,7,-4,8,-1,6,2,-2,2,2,0,-7,6,-5,3,-2,11,3,2,3,0,4,2,-7,4,1,3,6,1,-8,5,0,-5,-5,3,-2,-2,0,-5,-4,3,-5,6,-6,4,-10,7,-3,3,-4,-2,-3,1,-5,4,-2,2,-5,5,-1,1,-5,2,-1,3,4,0,-5,4,-1,0,-3,5,-1,2,-3,0,4,2,2,7,0,3,-1,4,1,5,-3,3,3,1,-3,1,-1,5,0,-2,-2,3,-10,-4,-4,-9,-1,-3,-3,-2,-1,3,-3,4,3,3,-2,1,0,5,4,2,3,4,-3,3,1,4,7,3,1,4,2,8,0,7,5,4,1,2,0,5,-2,6,6,4,0,17,-10,-3,3,1,2,-4,3,0,2,0,1,5,-2,1,1,1,5,4,1,2,-4,-1,-3,0,-1,5,-5,2,1,1,4,2,2,4,1,1,2,-11,11,-1,2,2,4,-4,6,-1,0,-2,-3,-9,4,-1,8,1,5,-2,3,-2,6,-12,15,0,4,15,12,1,4,5,4,3,-1,-1,4,2,2,5,-1,6,5,8,4,3,6,6,6,6,2,2,0,8,3,2,3,1,8,4,1,12,8,3,0,7,-2,8,-5,5,-10,8,-9,7,-15,3,-12,6,-13,0,-15,3,-8,-2,-6,0,-3,6,-14,0,-8,5,-4,3,1,-1,-6,-4,-2,1,-3,5,-10,2,2,1,-4,6,-16,2,-8,3,-1,4,-5,3,1,-2,3,4,4,1,7,-1,13,2,3,4,1;7303,2677,-1,0,0,-1,1,-4,4,-7,0,-2,6,-5,1,-2,-2,-3,4,-2,-1,5,1,1,-1,2,-12,18;7062,2446,-3,2,-6,2,1,-3,3,-4,8,-2,1,3,-4,2;7012,2376,1,1,2,-2,1,1,-5,7,1,2,4,1,-2,2,-12,-2,2,-2,1,-6,6,-5,1,0,0,3;6881,2323,2,1,0,2,-2,1,-4,-2,-5,1,-1,-1,1,-2,3,-1,-1,-4,4,-4,1,0,2,9;6885,2315,3,0,4,-2,2,1,6,-4,5,7,-2,3,-2,0,-2,3,-8,6,-9,-8,-2,-10,1,-1,4,5;6440,2684,0,1,-3,-8,1,-5,2,-1,0,13;6873,2928,5,0,2,0,2,0,0,3,-3,1,-3,-1,-4,1,-3,3,-3,1,-1,-1,-3,-1,-2,1,-8,0,-3,-3,4,-4,16,-4,5,1,1,1,-2,2;7002,2993,-4,2,-1,-1,2,-1,2,-1,1,1;6997,2997,0,1,-2,0,-3,0,3,-2,2,1;7251,2539,-2,0,2,-3,0,3;7250,2536,-1,0,2,-3,-1,3;7277,2620,2,1,0,5,-1,1,-3,-6,1,-2,1,1;7271,2590,-1,0,1,-2,1,2,-1,0;7259,2587,-1,1,0,-2,2,-3,-1,4;7298,2719,-5,7,3,-8,2,1;7297,2716,0,-4,1,-3,2,0,-3,7;7145,2298,-2,2,-1,-1,0,-3,1,-1,2,3;7148,2285,-2,2,-1,-2,0,-1,2,0,1,1;7144,2284,0,1,-1,-2,1,-1,1,1,-1,1;7202,2487,0,5,-1,2,-3,-6,4,-1;7017,2315,-2,2,0,-2,5,-5,1,-4,1,0,-1,4,-4,5;7011,2321,-4,2,2,-3,5,-3,-3,4;7012,2426,-1,1,-2,-3,2,-3,1,5;7008,2422,1,-3,-1,3;7002,2422,-2,0,1,-2,2,0,-1,2;7058,2459,-1,1,0,-1,2,-3,1,3,-2,0;7001,2377,-2,-1,2,-3,1,3,-1,1;6929,2313,-2,-3,0,-4,3,-1,0,5,-1,3;6756,2396,-2,1,-1,-1,2,-4,1,1,0,3;6739,2416,-1,1,-1,-2,1,-2,2,2,-1,1;6516,2552,-2,2,-1,-1,3,-4,0,3;6958,3054,5,0,0,1,3,1,4,4,7,4,10,-3,1,3,2,-3,4,-2,7,-1,2,2,6,-4,5,0,3,-2,4,2,0,2,-20,32,-2,1,2,-3,-1,-2,2,-2,-8,7,-9,10,-7,12,-5,2,0,-5,2,-1,1,0,2,-1,-3,-3,-3,4,-3,1,2,-3,-1,-3,-1,3,-7,8,-2,1,-2,-3,-1,2,1,1,-10,9,-3,-1,-2,-2,-11,1,2,-4,5,-1,1,-1,-7,0,0,-8,-1,-2,1,-9,4,-8,2,3,-1,4,4,-4,-2,-3,1,-2,-3,1,3,-4,0,-9,1,-7,4,-10,7,-8,5,3;6946,3038,1,-6,3,-4,5,-4,1,2,-3,8,-7,4;7034,3029,2,4,1,1,-2,3,0,1,0,1,-6,2,0,-6,1,-3,-2,0,0,-1,5,-3,1,1;6961,3119,-2,3,-3,0,0,-2,1,0,5,-4,-1,3;6988,3102,-2,0,1,-2,2,-1,1,1,-2,2;6966,3115,-2,0,0,-2,3,-2,-1,4;6957,3047,-2,2,1,-2,2,-2,-1,2;7033,3042,1,3,-3,2,-1,0,0,-2,-4,1,-1,-1,8,-3;7027,3047,-2,2,0,-1,2,-1;6955,3395,7,-6,-7,6
AW	2458,1716,-1,0,-3,-3,1,-2,3,5
AX	4354,531,4,1,0,2,-3,0,0,2,-5,0,-2,-4,2,0,0,2,1,-1,-1,-3,4,1;4348,534,-1,1,-1,-1,0,-1,2,0,0,1;4366,538,-4,0,1,-1,3,1
AZ	4919,1032,-1,-2,5,-1,2,2,2,3,1,-1,5,3,5,-2,2,0,0,5,5,3,0,2,4,7,-13,-3,-8,-6,-9,-10;5008,1062,-6,1,-4,-5,-2,0,-8,-6,1,-2,4,-2,0,-2,-4,-2,0,-2,0,-2,3,-2,-8,-7,-4,1,-5,4,-9,7,-3,1,-5,6,-1,0,-1,-4,-2,-3,3,-1,-5,-4,2,-2,0,-2,-4,-1,-2,0,-14,-10,6,-1,0,-5,-9,-4,-3,-3,-2,-4,3,-4,-4,-4,-7,-2,2,-2,-5,-3,5,-4,9,3,1,2,4,1,5,0,6,3,2,0,2,-2,0,-3,-9,-6,-3,-3,0,-2,2,-1,2,-3,2,0,1,2,4,0,9,7,5,6,10,2,2,0,2,-6,6,-4,3,-6,2,1,10,11,5,8,6,6,8,5,5,1,4,1,3,3,2,3,-9,-1,-7,3,-2,15,2,6,-2,2,-1,6,0,1,-1,-2,-2,-1,-2,7,2,10;4930,1008,-1,-2,-1,1,0,1,2,0;4917,997,-1,0,-1,-1,2,0,0,1
BA	4386,902,-1,4,-3,4,0,4,10,8,0,2,-6,0,5,7,0,2,0,1,-4,0,-2,1,-4,0,2,6,-4,-1,-3,3,-1,5,-3,1,0,5,2,3,-2,2,-6,-3,-7,-5,-5,-1,1,-2,-7,-7,-1,-4,-4,-2,-17,-15,-2,-2,-2,-8,-8,-6,0,-2,1,-8,4,0,5,4,5,-5,5,1,2,-2,5,2,7,2,3,-1,4,2,3,-2,13,2,4,4,8,0,3,1
BB	2688,1700,-2,-1,-1,-5,2,0,3,4,-2,2
BD	5936,1473,-1,-5,-4,-9,-3,-10,1,-4,-4,-1,-1,-5,-4,-6,2,-8,-1,-7,-7,-3,-3,-2,-3,0,-3,-4,1,-7,4,1,2,-8,8,0,2,-2,-3,-2,-2,-3,-6,-2,-4,-4,-7,-4,0,-5,5,-8,0,-1,-2,-1,0,-2,6,3,2,3,3,1,3,0,-1,-3,2,-1,5,8,4,3,4,0,0,-5,2,-1,4,7,3,14,1,3,14,3,34,0,8,3,3,3,-1,2,-4,-1,-1,12,-3,1,-1,4,-4,0,-4,3,-3,0,-2,4,-1,7,6,14,1,0,-1,-3,2,0,2,4,3,2,2,-2,-1,-6,4,-6,-1,-4,4,-1,3,1,5,19,4,6,8,35,-1,1,-6,-5,-3,2,1,4,4,11,-7,-10,-3,-13,-6,-13,0,-3,-1,1,-7,-10,-2,-5,-5,6,-6,1,-7,-10,-4,-15,0,5,-6,-1,3,2,2,0,2,2,1,4,-3,2,3,4,-2,0,0,3,5,10,0,3,-4,5,-2,6,-2,0,-2,-2,0,-3,2,-4,-5,4,-1,-3,-1,-4,1,-4,-2,2,0,10,-4,5,-4,-13,1,9,-2,5,-3,0,-3,-3,-2,-6;5981,1471,-2,2,0,-11,3,6,-1,3;5989,1466,-1,0,-2,-3,0,-3,3,6;5974,1473,-6,1,3,-7,-2,-5,-2,-2,-2,-6,2,0,2,1,2,4,3,4,0,8,0,2;5998,1480,0,2,-1,-2,1,-3,0,3;6001,1488,-2,-1,0,-4,1,-1,1,6;5967,1451,1,1,-1,0,-2,-2,1,-1,1,2
BE	4081,742,2,1,1,-2,2,-1,2,2,3,-2,2,2,3,-2,1,3,3,2,5,0,6,4,-3,7,2,2,5,0,5,3,-1,2,3,2,0,3,-3,2,-1,3,-3,-1,-4,6,0,3,3,4,-2,2,-5,1,-5,-4,-8,-3,-2,-4,2,-4,-1,-1,-5,5,-7,0,-1,-1,1,-2,-1,-2,0,-2,-4,-2,-4,0,-1,0,-2,-4,-6,-1,-1,-3,-2,-3,-6,2,-4,-4,-2,-6,14,-6,2,0,2,3,2,-1,7,2,5,-3,1,-2
BF	4020,1752,-9,1,0,-1,-18,-4,-1,2,-2,0,-4,4,-1,-2,-8,0,-40,0,-1,10,2,5,0,1,1,3,-1,13,2,6,-1,2,-1,0,-4,-7,-5,-5,-13,-1,-10,5,-2,2,-4,-2,-2,0,-8,-5,-3,-8,-3,-2,-3,0,-3,-2,1,-9,0,-7,3,-2,2,-6,1,-4,-2,-8,4,-3,9,-3,6,-7,0,-6,-1,-2,6,-3,-2,-8,4,-5,4,-2,9,5,5,-2,1,-10,7,0,2,-7,6,-7,3,-1,7,2,2,0,2,-7,6,-1,14,-8,6,-6,2,0,3,-1,3,2,4,-1,10,4,-1,10,4,6,0,3,1,4,5,7,6,2,2,4,4,3,-4,0,0,8,2,1,11,9,4,0,4,-2,3,0,3,4,0,3,-4,2,8,12,-2,5,-7,7,-3,-1,-6,1,-1,-1,-2,0,-3,4,-4,1,-1,4,-2,0,-2,2
BG	4568,974,-3,0,-7,1,-6,-4,-13,3,-2,3,-3,1,0,2,-4,0,-1,1,2,4,0,3,-4,2,-3,0,-10,2,-6,-3,-3,-1,-1,1,-7,-5,-8,1,-1,2,-8,1,-8,0,-1,2,-5,0,1,-10,-4,-7,-6,-2,-5,-6,1,0,2,-3,-2,-4,0,-6,5,-1,4,-5,0,-2,-10,-9,-3,-6,0,-6,3,-1,1,-3,1,-1,7,3,-3,4,1,3,6,-1,47,5,6,-3,2,-2,5,-4,17,-4,7,4,7,2,3,-1,3,4,4,1,7,1,1,6,-2,3,-3,-1,-4,0,-3,6,1,11,-3,1,-5,6,5,2,8,10
BH	5092,1378,-1,2,-3,-4,0,-7,2,0,2,9
BI	4679,2089,-3,6,1,2,-1,4,7,3,1,7,-4,2,0,2,-5,4,-6,13,-4,5,-5,4,-7,0,-2,-9,-3,-7,1,-19,-5,-7,1,-5,6,2,2,3,6,0,4,-2,2,-9,4,2,6,-3,4,2
BJ	4036,1872,3,-2,0,-3,-4,-4,-1,-10,2,0,-1,-52,-4,-8,-2,-16,-12,-9,0,-9,3,-7,2,-2,2,0,1,-4,4,-1,3,-4,2,0,1,1,6,-1,3,1,5,-6,3,-5,1,-4,-1,-6,10,-4,2,1,9,11,3,2,3,4,-2,5,0,2,5,8,1,8,2,4,-2,5,-2,0,-2,3,2,3,-2,7,-5,2,0,4,-5,5,1,3,-3,6,-6,1,-2,30,3,10,-2,12,2,7,-2,9,-24,3
BL	2624,1579,-1,-1,2,0,-1,1
BM	2631,1216,-3,1,4,-3,-1,2
BN	6555,1906,3,6,2,7,-1,0,-4,-1,-2,-4,0,-8,2,0;6553,1906,-6,4,2,8,-1,6,-4,4,-4,-6,-3,0,-2,-6,-4,-3,6,0,2,-1,13,-10,1,1,0,3
BO	2477,2469,-1,-3,-3,-3,1,-1,3,-3,5,-8,3,-4,0,-4,4,-3,-2,-2,-5,-1,-2,-2,-6,-13,5,-10,-5,-7,0,-4,2,-1,0,-4,5,-6,0,-2,2,-3,-5,-12,2,-5,-1,-15,4,-5,0,-2,2,-3,-22,-39,16,2,3,3,2,-1,7,-3,4,-7,8,0,3,-5,3,-3,7,-3,11,-9,15,-3,8,0,3,-2,2,4,1,7,-3,9,4,13,-1,6,5,10,0,2,2,0,2,6,4,1,7,6,3,5,11,2,3,-2,2,1,8,5,2,0,4,0,1,3,6,5,9,3,6,1,0,2,7,7,7,0,9,-1,13,8,3,5,-2,5,5,11,1,11,-7,1,9,9,3,20,36,2,4,-2,0,6,-2,5,3,13,9,7,4,0,6,16,3,2,-2,2,-3,16,1,0,0,3,-1,1,-6,17,6,5,-6,5,-1,-9,-21,-13,-20,0,-38,9,-2,10,-7,13,1,13,-5,29,-5,-6,-23,1,-6,14,-1,6,-7,-15,-9,-3,-17,0,-8,-7,-2,-1,-3,8,-7,3,-1,5,-5,3,0,3,-3,4,-8,2,-5,-1,-2,-1,-1,-8,-3,-11,-2,-2,-4,-9,-1,-8,-6,-9,-3,-1,0,-5,1,-2,-7,-6,2,-2,-2,-6,3,-1,0,-2,0,-3,-3,-3,4,-8,-12,-11,-6,-21,1,-2,-5,-3,-5,-11
BQ	2495,1723,-1,3,-3,-7,4,2,0,2
BR	2514,1998,12,11,6,0,9,-5,2,2,1,2,-1,3,2,0,3,-4,6,-6,6,-4,2,0,6,-5,4,0,2,-2,2,-2,2,-8,13,-5,1,-7,-12,-1,-2,-1,1,-4,-5,-14,0,-9,-9,-11,-4,-6,1,-1,1,0,4,4,8,0,4,5,8,0,3,1,4,-1,8,8,3,0,2,-2,1,-8,7,-4,5,2,8,-3,6,-2,1,-3,3,-1,2,-2,6,0,2,-4,7,-5,0,-5,-3,-3,2,-1,4,1,5,-1,3,0,3,4,-1,9,-3,5,7,1,3,3,-1,3,4,8,-3,6,-4,3,1,6,-4,9,0,7,2,8,3,3,0,9,2,1,0,3,3,1,6,8,6,2,2,3,4,-2,4,-1,0,-3,3,-1,1,-3,7,2,1,-4,9,-1,5,-6,5,-2,3,2,4,1,8,-1,11,2,1,-5,-5,-5,4,-7,5,3,8,-1,1,-1,8,-3,2,4,4,0,1,3,5,3,7,2,8,-5,1,1,5,1,4,-2,2,3,6,1,7,-6,7,-19,4,-5,4,-8,5,-8,2,-1,3,-7,2,0,5,6,3,10,2,15,7,22,-1,2,2,1,3,7,6,1,5,3,2,6,-1,7,-8,8,-11,15,-5,3,-3,4,-4,1,-2,8,-7,9,0,6,-4,5,-2,4,-1,1,-4,-1,-10,5,8,0,3,2,5,-1,14,-9,9,-8,2,3,-2,2,2,3,1,6,2,4,0,3,7,7,8,-5,7,2,9,-5,-5,20,-2,4,4,-4,5,-15,5,-2,6,-9,2,0,4,3,0,-2,2,-1,-3,-2,0,-2,2,-2,-1,-2,3,-3,0,-2,4,-6,2,0,1,1,4,-3,3,2,2,-1,3,2,0,-3,4,0,3,3,7,0,4,5,5,2,4,0,0,1,4,1,2,2,7,4,4,0,3,9,3,-5,3,-1,6,6,2,0,-2,2,3,-1,3,7,-3,5,-2,1,2,3,2,-4,3,-2,1,5,-3,1,-1,5,-3,15,6,-6,3,-10,2,-2,3,1,-1,2,-2,4,1,1,5,-5,2,0,3,-2,6,0,2,-3,10,2,7,5,8,3,5,0,3,-1,9,4,4,1,2,-2,16,-2,12,2,21,13,7,7,5,1,9,13,10,9,7,3,3,5,5,1,8,4,14,-1,9,2,4,3,3,8,4,15,2,6,5,22,-2,12,1,5,-6,24,-10,16,-3,4,-3,-1,1,3,-1,2,-11,16,-8,4,-3,4,-4,6,-2,0,1,3,-3,5,-1,1,1,-5,-1,1,-2,3,1,3,-1,4,-5,11,-11,19,-4,3,-2,0,-1,-5,-3,-4,-1,4,-3,1,2,3,-1,6,-4,5,-1,6,1,-1,1,1,-1,4,0,7,1,2,1,-3,0,1,-2,15,6,31,-6,33,2,13,-2,4,-5,3,-3,7,-1,10,1,16,-1,7,-4,4,-3,6,-1,6,-2,2,-2,7,-4,6,-4,3,-3,8,-1,7,1,12,-2,2,-12,6,-6,7,0,4,1,1,-2,4,-19,1,-3,-2,0,-3,-1,-2,-1,1,-2,0,0,1,1,4,0,1,-15,3,-1,-1,6,-1,-4,-3,-4,1,-2,2,-11,1,0,4,2,1,-2,2,-6,1,-5,5,-3,1,-2,2,0,3,-5,-1,-6,0,-19,12,-5,6,-18,14,2,0,0,3,-5,6,-1,0,1,-2,-5,-1,-1,1,1,2,-1,1,-4,0,-2,-2,2,3,4,1,2,2,-2,5,-3,1,2,2,0,6,-2,3,2,3,0,8,4,12,-1,9,2,13,-1,6,-1,3,0,4,-9,7,-9,12,-5,12,-3,15,-10,21,-4,6,-12,10,-5,6,-1,-7,1,-1,2,2,2,-2,3,-1,4,-5,3,-2,2,-4,-1,-5,1,-1,3,0,0,-5,3,-2,1,-3,-1,-7,3,1,-1,-5,-2,-1,-5,4,-2,0,-1,-3,-3,-1,-3,-5,1,6,3,3,-2,5,1,4,-2,-2,0,5,-1,1,0,5,-9,7,-1,6,-1,2,-1,5,3,7,-4,7,-4,17,-4,7,-8,9,-4,-3,-2,-12,1,-2,6,-9,-12,-8,-4,-9,-4,-2,-7,-3,-9,-9,-7,-2,-4,-3,-1,1,-2,-1,-11,-11,-3,5,-4,1,-1,-6,-1,-2,-20,-17,-6,1,-1,4,-8,-1,-1,-2,4,-4,2,-6,6,-5,5,-10,5,-5,2,-6,6,-8,0,-1,5,0,-2,-5,5,-3,5,-4,3,-1,1,-3,2,-1,2,-4,10,-3,3,-5,1,1,5,-4,2,-6,-1,-3,1,-12,-5,-8,-2,-7,-6,-4,-6,2,-4,-1,0,-3,2,-8,0,-7,2,-8,0,-6,-1,-4,1,-2,-9,-6,-7,4,-5,1,-5,-2,-1,-6,-2,-3,0,-4,-4,-13,0,-6,-2,-2,-3,-6,-1,-1,-8,-1,-5,-5,-2,1,-2,3,-6,1,-7,-2,-7,0,-4,-2,-3,1,-3,-3,1,-8,-1,-5,1,-4,0,-9,-2,-3,0,-5,-2,-1,-1,-4,-4,-8,6,-5,-6,-5,6,-17,1,-1,0,-3,-1,0,3,-16,2,-2,-3,-2,-6,-16,-4,0,-9,-7,-3,-13,2,-5,0,-6,-4,2,-36,-2,-3,-20,-9,-9,7,-1,-1,-11,-5,-11,2,-5,-3,-5,-13,-8,-9,1,-7,0,-7,-7,0,-2,-6,-1,-9,-3,-6,-5,-1,-3,-4,0,-2,0,-8,-5,-2,-1,-3,2,-11,-2,-3,-5,-7,-6,-4,-1,-2,-6,-2,0,0,-2,-5,-10,1,-6,-4,-13,3,-9,-1,-7,-2,-4,-3,2,-8,0,-15,3,-11,9,-7,3,-3,3,-3,5,-8,0,-4,7,-7,3,-2,1,-3,-3,-9,-2,-16,0,-8,3,-5,-3,-2,2,-2,-30,2,-3,-1,-4,1,-3,-15,14,-21,0,0,-4,-2,-1,-1,-6,-2,-1,-9,-2,-9,0,5,-8,0,-3,-8,-8,-1,-5,-5,-3,-2,-7,-3,-4,1,-3,-6,-6,0,-1,0,-4,5,-1,-2,-6,1,-4,6,-6,5,-3,3,-3,-1,-3,-2,-6,5,-11,2,-13,4,-2,7,-7,11,-7,20,-4,4,-4,8,-1,4,4,2,0,2,1,2,-1,11,-78,-1,-5,-2,-2,-2,-4,0,-6,-7,-5,-3,-5,0,-18,6,0,7,-4,5,3,3,-1,-1,-5,-3,-5,-12,0,1,-16,6,-2,5,1,26,1,-2,-4,1,-3,4,5,2,1,3,-1,6,-7,3,-1,6,10,1,13,4,-1;2897,2035,12,-2,11,2,5,1,-3,10,-1,0,0,5,-3,6,-3,3,1,2,-1,2,-2,2,-2,1,-3,-3,-2,5,-2,0,-4,-2,-1,5,-5,2,-6,-2,-1,1,-9,1,-2,-2,-4,-12,1,-3,3,1,0,-1,-3,-1,-1,-2,-1,-2,1,-7,3,-9,4,-3,4,-1,14,3;3042,2611,1,1,-5,1,0,-1,2,-3,2,2;2953,2693,-2,-3,3,-3,1,1,-2,5;3019,2630,0,1,-3,0,-1,-1,3,-4,2,2,-1,2;3012,2103,-2,2,0,-6,2,-2,0,6;3146,2358,-1,1,0,-2,2,-2,0,-2,2,3,-3,2;3143,2368,-1,1,-1,0,-1,-3,3,0,0,2;3003,2062,-2,2,-1,-1,1,-2,2,0,0,1;2895,2022,1,1,-4,6,-1,0,-10,-1,0,-3,2,-2,3,0,6,-2,3,1;2883,1980,-4,1,-1,-3,1,-3,3,0,1,5;2874,2032,-6,5,-2,-3,1,-3,3,-1,4,0,0,2;2901,2032,-6,0,-2,-1,2,-3,5,-1,2,0,1,2,-2,3;2879,2025,0,4,-4,-2,0,-3,4,-3,1,-6,1,-1,1,8,-3,3;2886,2019,-3,1,0,-4,0,-2,5,-1,0,3,-2,3;2849,2065,-3,0,3,-6,3,-3,0,-6,3,-5,2,-2,4,-1,2,4,-2,9,-8,8,-4,2;2959,2727,-1,1,0,-5,2,-5,1,1,-2,8
BS	2318,1419,-2,2,2,1,1,-2,1,8,-1,4,-5,-1,0,-7,-3,-5,7,-1,0,1;2334,1377,-3,-3,4,-3,2,-9,0,-1,-5,-8,-9,-1,2,-1,7,1,5,5,0,2,3,2,0,5,-3,3,-3,8;2410,1496,-4,5,-11,1,0,-4,4,-2,6,1,4,-4,1,0,0,3;2318,1407,-1,6,-7,5,-1,-5,-3,0,-3,-4,2,0,0,1,2,-1,-1,-3,3,-4,1,-7,1,0,3,3,0,2,4,7;2311,1356,2,1,10,-1,0,1,-19,5,-4,-5,3,3,4,-2,2,-3,2,1;2328,1400,-3,0,-2,-1,5,-1,1,1,-1,1;2392,1457,-1,2,-4,-2,0,-3,5,3;2388,1423,-2,3,-1,0,1,-4,2,0,0,1;2387,1470,-2,1,1,-2,9,-7,-2,-3,1,-2,2,0,0,5,-3,4,-6,4;2345,1388,6,4,4,4,-3,13,-3,-5,3,0,2,-7,-4,-5,-3,-1,-2,-2,-3,0,2,-3,1,2;2359,1439,-7,-4,0,-2,7,6;2375,1453,-2,-5,-5,-2,2,-1,0,-2,-3,-10,4,9,0,4,5,4,-1,3;2369,1420,0,1,-4,1,2,-4,-6,-9,1,-1,1,0,2,6,4,6;2413,1465,4,1,2,1,-1,1,-2,-2,-6,0,1,-2,2,1;2413,1488,-3,1,0,-1,1,-2,2,2
BT	5967,1330,0,6,4,2,5,0,3,4,-1,5,3,5,-2,1,-6,2,-4,-1,-2,-1,-3,2,-11,0,-9,-3,-3,1,-1,3,-8,1,-3,0,-1,-2,-6,-2,-4,1,-2,-1,-5,-2,-3,-6,2,-3,1,-4,2,-3,1,-3,5,-9,9,-6,9,1,1,4,7,1,7,2,5,-3,9,4,1,4
BW	4553,2476,0,5,14,24,0,4,5,11,10,9,11,5,2,4,0,6,9,1,-1,14,7,12,21,6,1,6,4,1,2,3,-5,1,-2,1,-4,5,-11,3,-3,3,-11,12,-2,1,-4,4,-4,1,-5,4,-2,3,-4,14,-10,9,-10,3,-9,22,-3,3,-15,2,-9,-2,-3,-2,-6,-1,-11,-8,-5,0,-3,1,-3,3,-7,17,-8,7,-3,4,-7,4,-2,3,-14,0,-4,-1,-3,1,-2,-2,0,-8,5,-7,-1,-6,-6,-20,-2,-3,-8,-6,2,-70,22,0,3,-92,49,-8,2,0,6,11,15,-11,2,-1,4,2,9,-6,7,-1
BY	4603,725,-8,0,-2,1,-3,0,-5,4,-3,7,3,6,-2,2,-4,-1,-1,-2,-3,-2,-15,3,-6,-6,-4,2,-2,2,-2,0,-1,-2,-8,-2,-3,1,-3,-1,-3,3,0,-2,-8,-1,-3,-3,-27,-4,-14,-1,-13,2,-6,7,-5,-2,-2,1,0,2,-2,-4,1,-3,0,-5,-10,-6,4,-6,8,-3,1,-3,-3,-8,-10,-20,5,1,9,-1,2,1,6,-2,2,0,2,-4,3,0,7,-3,1,3,5,0,0,-3,-4,-1,2,-6,-1,-4,2,-5,6,-2,1,-3,6,0,3,-3,-7,-2,2,-7,4,-1,2,-3,1,0,10,1,1,-3,6,-5,2,0,4,2,4,-1,5,3,4,-1,5,1,2,1,0,3,3,2,7,-3,6,0,14,6,0,4,-1,2,5,6,-3,4,0,3,8,4,-1,3,2,1,5,6,9,4,0,5,8,1,5,2,1,3,5,4,1,2,-4,1,-1,2,-5,2,-5,0,-4,-2,-5,0,-2,4,7,6,-1,2,3,4,0,5,5,5
BZ	2047,1581,1,-4,2,-1,3,2,2,-1,8,-12,2,-1,3,0,-1,3,4,0,1,3,-6,16,1,2,-2,5,-1,9,-2,8,-6,9,-3,1,-5,6,-1,3,-7,0,7,-48;2074,1578,-1,0,3,-6,1,0,-3,6;2075,1590,-3,4,2,-4,2,-3,0,2,-1,1
CA	1522,676,0,2,6,-1,-1,4,-2,2,-10,4,0,1,7,-1,8,-8,10,-3,-12,10,-9,10,-10,3,-3,0,-2,-3,2,-1,5,0,-5,-4,1,-6,2,-4,6,-5,7,0;1520,699,1,2,-4,5,-7,1,3,2,4,2,-5,3,0,4,3,0,-4,2,4,1,-1,1,-4,2,-2,-2,1,-4,-4,-9,1,-4,3,-1,-4,-2,-1,-2,15,-2,1,1;1559,760,7,3,20,5,-1,8,1,6,-1,3,0,2,2,3,9,5,2,3,-2,13,3,-3,1,0,-2,6,-1,1,-2,-1,-4,3,-9,-3,-11,-5,-4,-3,1,-1,9,-5,3,-5,-5,5,-9,0,-3,2,-4,-4,5,-2,-2,-1,0,-1,-3,0,3,-3,-3,0,0,-1,-3,-1,-2,2,-1,-2,-3,1,3,-4,9,-2,-4,0,-3,-1,0,-4,-3,-2,-3,2,-3,0,0,-2,2,-3,0,-2,-3,3,0,-3,-9,1,4,-4,-2,-2,3,-2,6,-1,2,2,1,-3,2,-1,-5,-1,-1,2,-6,1,-2,-3,0,-2,2,-2,9,-2,10,5;1606,635,3,-5,-2,0,-3,-1,1,-2,-3,-1,0,-2,-5,-1,-4,-5,-5,0,3,-4,-3,-2,5,-4,-4,-1,4,-3,3,-27,2,-1,-1,-7,-4,-5,1,-4,-4,-5,1,-3,3,-4,-3,-5,-19,5,0,1,-6,2,-4,4,-5,3,-4,0,-16,6,-2,0,3,-2,3,-5,-6,-13,1,-3,-4,-2,0,-2,8,-6,-11,0,-9,3,-5,-2,-4,2,-6,-2,114,-106,120,-101,9,1,7,0,10,2,3,4,8,5,13,4,9,1,10,4,1,-3,-6,-2,1,-2,7,0,-3,-2,8,-5,6,0,7,-3,11,0,6,-5,2,1,0,2,2,1,-11,6,21,-4,8,-4,9,-1,-1,-1,2,-1,3,0,1,1,17,-5,5,1,13,-5,10,1,7,-2,0,1,-4,3,-28,7,-20,3,-12,4,-7,1,-20,9,-2,2,1,1,1,0,-1,-2,1,-1,9,1,3,-1,2,-1,-3,0,4,-4,18,-4,6,-3,7,0,-1,1,6,-2,-4,6,16,-8,10,-3,25,-6,-8,4,-1,2,5,-1,17,-8,14,-3,-4,0,2,-2,-2,-1,7,-3,2,1,3,4,-4,12,3,6,6,3,7,-2,1,-1,1,-3,7,-5,1,0,9,-3,-2,-1,10,-3,1,1,-8,8,3,1,-12,6,1,1,14,0,8,-4,9,-5,16,-1,7,1,7,3,7,6,18,3,8,4,11,3,17,2,0,-3,7,-1,11,3,5,4,0,5,2,1,-5,3,-11,0,-9,3,-3,2,-7,3,4,2,18,2,22,1,24,-3,3,0,19,-4,2,5,9,1,-3,5,0,1,8,-4,0,5,3,3,0,2,-3,1,-4,1,-4,-1,6,15,0,-7,4,-5,2,-1,1,2,2,-1,3,2,0,-4,2,-1,-1,-4,3,-5,-1,-4,2,-2,5,-2,2,-3,16,-2,6,-2,4,0,2,-2,10,-3,6,-3,-2,-1,-11,3,-5,3,-4,-1,-9,2,-4,0,-3,1,-1,1,-1,1,-10,0,-4,-3,13,-7,16,-1,25,-5,6,2,0,2,-3,7,2,2,3,0,-1,1,4,1,-2,1,1,2,10,1,8,-2,5,6,7,2,7,0,4,1,21,-3,23,3,10,-2,-2,-4,3,-2,2,2,3,6,6,2,7,-2,2,-3,-4,-2,-3,-1,-8,1,-2,-4,2,0,0,-5,3,-1,3,2,9,-2,-1,-1,1,-2,8,1,1,1,1,4,6,0,4,-1,-9,6,16,-5,-20,16,1,3,-1,2,8,-1,-4,3,4,0,2,1,-3,3,-6,1,-10,-2,4,7,-1,3,2,-2,-1,-4,1,-1,10,-1,8,-6,3,-8,-1,-3,8,-6,7,-1,3,1,3,-1,20,-9,10,-3,-3,0,4,-5,-1,-3,-7,5,-7,1,-1,-2,2,-2,12,-5,-3,0,3,-4,12,-2,-6,4,1,0,7,-3,-1,0,2,-2,-2,-1,-11,1,-2,-4,-5,2,-9,-4,-5,-1,-2,-7,0,-2,3,-2,7,-4,8,-1,-1,-1,3,-2,-7,1,-1,-3,10,-9,9,-3,4,2,3,-1,5,-3,-6,-1,1,-1,16,-6,11,-2,1,2,-1,1,1,2,8,0,-2,2,4,4,1,2,-2,6,-6,4,6,5,0,5,-1,1,5,0,0,3,-5,1,-6,-2,-5,2,7,2,-21,8,9,0,1,0,0,1,3,2,14,-3,-6,3,15,1,-5,1,-6,3,-1,-1,-4,1,5,4,1,5,-9,8,3,5,9,-5,12,-11,10,-5,4,-1,3,5,5,3,1,2,0,2,-4,8,-3,2,-3,0,-1,-2,-2,1,-5,8,-1,4,4,9,0,3,18,-6,8,-7,11,-6,14,-13,5,-2,3,1,7,-1,-3,-2,7,-5,-6,-3,8,-13,7,1,12,-1,8,3,17,0,3,1,-3,3,-5,0,6,2,-1,4,4,-1,8,2,0,2,-13,5,8,0,1,3,-2,1,-13,5,-4,-1,-7,1,1,7,4,-2,-4,4,-1,2,6,7,1,3,-10,9,-9,2,-9,5,-24,8,-3,-1,0,-2,-2,-5,-4,-1,0,-1,2,0,-3,-3,-4,-1,-6,2,1,1,5,-1,5,5,1,9,-2,1,-6,-1,-5,2,-2,-1,-6,-2,-2,-5,-3,0,-19,1,-2,2,0,1,7,3,2,1,-1,1,-29,15,-8,2,-9,0,-7,-6,0,-1,-5,-2,-8,-4,-3,0,0,2,-6,-2,-18,0,4,3,1,-2,1,0,16,3,9,9,25,2,5,1,-2,3,-32,20,-15,4,-3,-1,-2,-2,-1,4,-3,-2,-4,0,-1,-1,0,-2,-4,1,-1,0,1,1,0,3,-5,0,0,3,-4,3,-5,2,-3,-1,-5,2,-11,-4,-6,0,1,-2,-1,0,-6,1,-15,-6,-3,-2,0,2,-2,2,0,2,5,1,-1,-2,1,-1,16,6,-7,3,13,-3,6,4,5,2,2,2,0,1,-4,5,-2,2,-15,4,-9,-1,-6,1,-1,2,5,2,0,1,-2,1,-4,-1,-6,1,-6,4,1,4,-4,-3,-5,-1,3,2,0,1,-4,2,0,1,-2,1,-5,1,0,1,-1,1,-4,0,0,2,2,2,-16,6,-1,3,-4,1,-3,4,-16,12,-7,2,1,2,-10,11,-10,16,-5,4,-1,0,2,1,0,4,1,0,1,3,2,1,-7,9,10,-10,7,-1,10,1,-2,6,-5,27,-8,7,-5,3,8,-3,3,0,-2,1,26,-6,10,0,11,6,15,4,4,5,5,3,4,11,28,9,5,6,-7,7,9,-5,9,0,12,-1,12,2,4,0,1,2,6,0,2,2,0,6,-11,14,2,4,-1,6,-4,5,-3,8,-6,6,0,2,3,3,3,9,-1,3,-6,2,7,1,2,3,5,2,3,6,0,8,-11,7,9,-5,3,0,4,1,4,3,4,9,0,-3,-2,-5,3,-6,6,-5,4,-1,0,1,3,3,0,6,3,-4,4,-3,-2,-7,16,-12,-1,-1,2,-4,-2,-4,3,-5,-2,-4,4,-15,3,-4,2,0,-2,-3,3,-1,-4,-3,3,-2,-3,-2,-1,-8,-1,-2,27,-8,17,-6,15,-9,12,-8,5,-5,6,-7,7,-16,2,-13,-2,-6,-4,-5,-12,-9,0,-2,4,-5,18,-11,0,-2,5,-5,2,0,2,3,1,-1,-1,-2,4,-3,1,-3,3,-2,-5,-2,3,-1,0,-6,5,-3,-3,-1,-1,-1,6,-4,-10,0,11,-8,5,-6,5,-3,-4,-4,-1,-2,2,-6,2,-4,6,-3,11,-4,8,1,16,5,1,2,-2,1,9,-3,5,1,5,4,0,-2,1,-1,19,-5,10,7,4,0,-1,3,-4,4,5,-2,4,2,1,3,-4,3,8,-3,3,2,-1,1,-5,3,3,1,-3,1,4,4,11,3,8,-1,1,1,0,4,1,0,6,-1,3,-3,2,1,-1,3,-6,4,-4,4,-2,4,1,3,-3,3,-5,1,-13,0,1,1,15,1,0,3,0,3,-5,4,-1,4,5,0,1,1,-4,3,0,2,-5,5,-2,1,-1,-3,-3,2,-6,2,6,2,11,-4,11,-1,3,2,1,2,-1,6,-5,7,-3,2,-13,5,13,-4,8,-8,4,-2,0,4,-4,4,8,-6,-3,9,4,-5,13,-5,6,-1,9,-7,2,0,2,3,-1,5,3,-3,0,-6,4,-1,0,-1,2,-2,2,1,0,-2,7,-1,-4,-1,0,-2,1,0,3,-3,2,0,0,-3,3,0,4,2,-5,-4,0,-2,2,-3,3,-1,5,1,-2,-2,0,-1,11,-10,2,0,4,2,-3,3,-5,2,9,-1,1,2,-3,6,3,-2,1,4,2,3,-5,3,2,1,0,1,5,-1,0,3,-5,3,-6,1,3,0,10,-1,-2,1,1,3,-2,1,5,0,1,5,-12,5,-4,3,8,-4,1,1,-1,1,8,-2,3,0,-7,7,-10,4,9,-3,6,0,2,4,6,1,0,2,-3,2,1,2,-2,1,-8,3,-2,0,1,1,8,1,1,1,-3,3,1,1,4,0,4,4,-4,8,-3,1,-10,-1,-4,-2,2,-1,-4,0,1,2,10,5,-6,1,1,1,9,2,-6,1,-1,2,6,0,0,4,-3,1,4,1,1,2,6,-2,1,0,0,2,2,1,-1,2,3,-1,2,0,-3,3,3,4,-12,10,9,-4,9,-2,1,1,-1,2,5,0,-11,9,14,-9,5,1,1,7,6,2,4,-1,1,-1,4,-1,0,3,2,1,6,3,-7,5,-9,1,-6,3,-5,4,-6,1,-12,5,-6,0,-6,2,-2,3,-5,-1,1,1,4,3,-5,2,0,1,-2,2,4,-1,8,-5,10,-3,16,-8,14,-3,-7,0,0,-2,4,-1,14,2,2,9,-9,4,2,1,0,2,12,-6,7,-1,1,4,4,0,2,3,1,7,-3,5,0,3,-2,3,0,2,-10,3,10,1,0,1,-1,2,-5,-1,5,4,-1,2,-30,17,-9,-1,-6,2,-7,2,-8,1,-17,12,-16,9,-2,2,-5,2,-10,0,-4,0,-19,3,-2,-3,-15,-1,-8,0,-2,1,-12,-2,-6,1,-21,-1,-10,2,-3,-1,-4,2,-7,0,-11,5,-14,16,-19,4,1,1,-7,2,-4,3,-6,3,-12,10,-8,5,-3,0,-9,-4,-12,-2,3,2,7,0,9,4,3,3,-8,8,-12,8,-7,7,-14,8,-11,3,-2,0,-8,3,-2,2,-10,5,-6,2,-15,11,-4,1,-9,5,-5,0,5,2,0,2,-9,3,-9,5,-6,1,-10,5,-27,18,-11,11,-38,0,-10,4,0,4,-2,7,2,3,-4,2,-28,11,-22,4,-29,13,-5,0,-5,-4,-1,-3,1,-4,3,-4,14,-8,7,-12,10,-12,9,-44,-16,-12,4,-4,-2,-3,-7,1,-1,-4,2,-7,-9,2,-2,-5,1,-6,-53,-35,-25,8,-9,0,-1,0,-1,-3,-13,0,-1,-2,-1,0,-13,3,-5,-3,-2,-3,-3,0,-5,1,0,-4,-8,-4,-7,0,-8,2,-1,-1,-1,-1,-3,-1,-10,-2,-1,-2,1,-5,2,-7,-1,-1,-4,-1,-4,10,-537,0,-1,-2,-5,2,3,-4,-2,0,1,-3,6,-1,3,-2,-4,1,-5,0,7,-8,-4,2,-2,3,-5,2,-5,-3,-1,-2,2,-4,2,1,0,3,6,-2,-4,0,-1,-3,3,-5,4,-2,0,-2,-1,-1,0,2,-6,6,-8,2,-3,0,-2,-6,2,-6,0,-2,-1,0,1,-1,7,-6,5,-5,-11,8,-3,1,-5,0,2,-4,-6,5,-1,-1,-7,0,-5,-1,0,-1,13,-3,-12,0,5,-3,-2,-1,3,-5,-4,4,-9,1,-5,-2,-3,-5,4,-5,10,-6,16,-2,-12,0,-11,5,0,-4,3,-4,6,-4,-3,0,5,-5,10,-4,4,-1,0,2,3,1,1,5,1,-6,-3,-1,1,-2,10,-8,0,-2,-3,4,-15,8,-7,2,-15,12,2,-5,0,-4,9,-4,2,-3,4,-2,-10,4,15,-13,-8,2,0,-1,3,-7,0,-2,-6,-3,1,-4,6,-4,4,0,-4,3,4,4,4,-1,4,1,1,3,1,-1,-2,-4,-6,0,-2,-2,2,-4,7,-3,-3,-1,-6,1,-8,5,-5,6,-9,4,-2,-4,1,-4,-3,0,-2,-2,0,-2,10,-6,3,-4,10,-2,-9,1,-3,-2,1,-4,6,-5,31,-19,-3,0,0,-3,-6,6,-9,6,8,-7,5,-8,5,-4;2450,148,2,1,0,2,-6,3,-14,1,-8,-2,-8,2,-6,-2,-18,2,1,-1,9,-3,19,-2,16,-3,7,0,6,2;2427,158,11,1,-5,2,-19,2,1,1,7,1,-6,4,-34,3,-9,-3,3,-2,3,-3,4,-2,44,-4;2334,172,-1,1,-16,3,2,4,-7,1,-1,3,-6,2,-14,1,-10,5,-4,0,-4,-2,13,-7,0,-1,-8,2,-8,3,-6,1,-1,1,1,1,-1,0,-12,5,-3,0,1,-4,-1,0,-8,4,1,1,-2,1,-9,3,-8,1,2,-4,2,-3,-1,0,-11,4,-9,-1,-9,1,-2,0,5,-4,-5,1,11,-4,17,-2,60,-16,17,-1,7,1,9,-1,3,0,-3,-1,1,-1,9,-1,4,0,5,3;2406,196,7,0,0,1,-9,4,14,-2,1,1,-2,3,3,-2,4,0,0,-2,5,-2,5,-1,9,2,-4,5,-21,10,-21,4,-10,-1,-11,1,-3,-1,2,-1,-1,0,-15,3,-15,2,-12,3,-29,5,-16,-1,-6,-3,0,-1,2,-1,28,-6,19,0,13,-4,2,-1,-20,2,-4,-1,-8,2,-12,1,-1,-1,4,-3,9,-3,-7,1,0,-1,-8,3,-4,0,0,2,-4,1,-11,2,-1,-2,-2,0,-8,3,-4,-2,-2,-2,-8,0,-6,-1,10,-5,19,0,18,-4,-21,2,-9,-1,8,-2,31,-3,-21,0,-3,0,0,-1,5,-2,9,-2,20,0,-13,-2,8,-3,10,-1,11,1,-2,3,1,1,11,-1,5,2,6,4,-6,2,7,1,-1,3,2,2,28,0,4,-1,3,-2,-9,-3,1,-1,8,-2,3,-2,-2,-2,-5,-1,1,-2,24,-7,9,-1,3,2,-6,2,-2,3,2,2,-2,2,-6,2,-2,1,1,0;2231,265,16,-1,11,-6,9,-1,9,2,8,3,-4,3,-14,5,3,1,9,-3,-2,1,2,0,10,-3,11,-3,3,-2,-4,-2,0,-1,2,-2,10,1,7,5,1,2,-1,1,2,1,-9,16,4,2,13,-5,0,-5,13,-21,6,-1,0,-1,2,-2,4,1,7,3,5,-2,11,5,1,5,-5,7,-4,9,-1,8,-3,4,-9,5,-1,2,3,3,0,3,3,3,6,2,1,0,2,-3,2,3,7,5,5,0,-1,3,8,0,-4,7,-5,3,-4,-1,1,-3,-6,3,-6,-3,-3,1,-6,2,0,2,-3,1,-5,0,-4,-2,-2,0,-1,1,3,3,-6,6,16,-6,5,0,2,1,-4,4,2,0,0,1,-4,4,-20,4,-10,0,-12,-2,-4,1,-8,-1,-1,-1,5,-3,-16,-1,-2,-2,2,-4,-3,0,-21,9,-17,2,-23,5,-32,3,-31,1,-1,-2,1,-5,6,-8,-9,-2,-20,0,-12,-3,-1,-8,4,-6,13,-2,34,-3,29,2,18,-2,-4,-3,-21,-5,-38,3,-24,-1,-4,-6,0,-1,3,-2,10,-2,36,-5,-2,0,2,-1,11,-1,-3,-1,-40,3,-3,-1,12,-4,-13,0,-4,-1,0,-1,6,-5,18,-5,1,-1,-1,-3,4,-2,20,-6,20,-5,37,-6,5,1,0,2,-5,5,-16,8;2187,234,6,-2,4,0,-3,4,15,-5,15,0,5,3,7,7,3,2,1,2,-1,1,-4,2,-73,16,-15,7,-12,2,-19,11,-6,3,-16,2,-1,-1,-2,0,-11,4,-19,3,-1,-2,2,-6,0,-4,-13,-6,-8,1,5,-4,4,-1,1,-1,18,-7,7,-5,9,-2,1,-2,-2,-1,2,-1,31,-13,1,-1,-3,-2,3,-9,53,-4,17,6,5,0,-6,3;3086,78,39,1,-31,4,15,0,24,-2,5,0,6,-1,5,2,11,-1,2,1,-3,1,5,2,-3,1,11,-1,10,1,4,1,0,1,-1,1,-16,4,-21,2,-44,4,-6,2,-27,3,5,0,38,-3,13,0,-2,1,-62,11,-17,4,-8,0,-6,-2,3,4,-2,0,-26,2,20,1,-14,3,3,1,-6,1,-15,2,-12,-3,-12,-1,-5,1,2,0,13,1,2,3,-4,2,-32,2,-17,-2,13,5,15,0,-3,4,-10,0,-9,-2,-38,1,8,3,24,-2,3,1,1,2,9,0,7,3,-9,3,-22,1,14,3,-17,6,-16,1,-14,0,-9,8,-8,3,-31,1,-12,-4,0,2,2,1,-12,1,2,2,11,-1,6,0,5,2,11,-1,2,1,-3,3,3,2,12,-2,1,2,-1,2,-8,4,-22,5,-22,2,-2,-1,5,-3,1,0,-1,-1,-2,-1,-8,0,-2,-2,-6,-2,1,3,-1,2,-25,0,0,-4,-7,6,-14,1,-12,-3,-2,-3,-7,4,-9,-1,1,-3,-4,4,-13,0,6,-7,-4,2,-4,4,-13,-1,8,-6,19,-5,27,-2,-2,-2,-4,-1,-1,-1,-1,-6,3,-1,13,-2,6,1,6,2,3,5,10,2,18,-2,22,-8,3,-2,-2,1,-23,8,-10,-1,-7,1,-5,-1,4,-3,0,-4,19,-5,5,1,-3,-2,-6,1,8,-6,-8,4,-12,4,-10,1,10,-5,-19,4,-8,-1,6,-5,17,-6,28,-3,22,3,5,-2,12,0,8,-2,-11,1,-26,-1,-1,-2,4,-1,10,2,-6,-4,-6,-8,-9,-1,-3,-2,2,-5,5,-2,3,-1,34,2,10,3,8,6,16,1,6,-1,-12,0,-7,-5,-7,-4,-2,-1,0,-1,30,-2,41,-5,22,-1,-23,-1,9,-3,23,-4,-36,4,-13,4,-20,3,-27,1,13,-3,-18,1,-14,3,-13,0,-17,-1,-1,0,1,-1,3,-1,21,-4,30,-2,-36,2,-28,5,-5,0,-16,-2,-1,-2,2,0,39,-1,25,-4,-35,3,-33,1,-3,-2,1,-1,12,-1,-5,-1,17,-2,15,-1,-11,0,-30,2,-2,0,2,-1,13,-2,-10,-1,-11,2,-4,-1,1,-1,13,-2,22,-2,21,-2,8,0,4,2,7,-2,11,2,9,-1,-17,-3,27,-4,15,2,5,3,4,1,4,0,-4,-2,4,-1,34,6,-1,-1,-5,-1,-15,-3,-9,-3,12,-2,-4,-1,16,1,1,-1,-2,-2,3,0,28,1,-12,-2,-3,-1,33,0,12,3,4,2,6,-1,-12,-5,-1,-1,36,0,11,4,7,0,-7,-2,11,-3,11,0,10,3,-4,-2,5,-1,16,0,4,1;2633,164,27,0,3,1,1,1,-10,4,-35,0,-1,-2,3,-2,12,-2;2601,215,-2,4,-5,4,-15,0,-4,0,-4,-3,-8,-1,-2,-2,-3,0,0,-1,-3,0,19,-8,20,-4,6,1,4,3,1,1,-1,4,-3,2;2483,237,8,5,26,-4,5,1,2,1,-1,3,-13,3,4,1,0,1,-1,1,-10,2,-16,6,14,-1,2,2,-2,1,3,2,-4,3,11,-1,-1,3,-3,2,-7,2,0,3,-5,3,0,2,-2,2,-19,4,-9,0,0,-1,2,-3,-4,1,-1,5,-2,2,-10,3,-6,-1,-1,-8,-5,-5,-1,-3,-5,-1,-1,-3,-5,1,-3,-1,0,-3,-5,-2,-1,-3,0,-1,7,-4,7,-2,4,0,1,3,2,1,0,3,14,-1,5,-4,1,2,2,-1,1,-1,1,-2,-4,-1,1,-2,5,-1,7,1,-6,-3,-9,2,-6,-3,0,-1,11,-3,4,3,1,-2,-3,-3,2,-2,8,-1,7,1,2,-1,-4,0,0,-1,5,-1;2570,420,11,-4,2,2,1,3,9,2,2,3,6,4,6,2,3,1,1,5,-1,5,-6,5,10,-2,5,1,4,-1,2,4,-2,0,5,3,-1,0,-17,7,-13,-4,-6,-1,1,-5,-8,-2,2,-4,-5,1,-6,2,-6,5,-13,5,-10,7,-15,4,-2,-1,4,-12,-15,1,-7,2,-4,-1,1,-2,8,-5,15,-5,4,-10,20,-21,9,-7,6,-1,1,1,2,1,0,4,-4,2,2,2,-1,4;2571,189,-3,2,0,3,-2,1,-5,3,-2,2,-6,2,5,1,-5,5,-2,-2,-6,2,-3,3,0,2,-2,1,-3,-2,-2,3,-11,1,-9,-1,-6,1,-9,-1,1,-3,7,-1,-7,-2,2,-1,29,-5,-56,3,0,-1,17,-5,3,-1,7,3,5,-1,-5,0,0,-2,3,-2,-5,0,1,-2,8,-2,-8,-1,8,-3,7,1,1,1,-1,2,8,5,2,1,4,-1,-3,-1,0,-2,9,0,-10,-2,8,-2,-10,-2,2,-1,17,-2,2,0,4,3,4,0,1,-3,7,-2,9,4,0,1;2556,136,5,1,0,3,-4,2,1,1,-1,1,6,-3,11,-1,6,3,-4,2,10,0,4,2,2,3,-7,2,-1,2,2,1,2,4,-5,3,-14,2,-4,-1,-3,-2,1,-3,-1,-1,-12,-2,-8,0,-1,-1,2,-1,-20,2,-7,0,-3,-2,1,-3,4,-1,17,1,3,-1,-1,0,-6,-1,12,-2,-11,0,8,-3,-2,-1,-15,3,0,-1,7,-3,-10,-1,7,-4,26,-1,3,1;2754,106,3,4,5,3,-2,1,9,2,9,-1,0,1,-4,3,2,1,8,1,0,-1,-3,-1,5,-2,11,0,-3,3,-6,1,9,1,0,3,-11,6,15,-1,1,0,0,3,8,-3,2,5,-3,2,-30,5,-15,6,-3,-1,0,-1,6,-5,-6,2,-7,5,3,1,-1,1,-4,1,-4,-2,-2,0,-2,4,-7,4,-4,-1,-5,-7,-2,1,1,7,-7,-3,-4,0,-3,0,2,2,0,1,-5,0,-10,0,-11,-3,-4,-2,16,-2,-19,-1,-2,-3,7,0,-8,-2,-1,-2,25,-4,4,-2,19,-1,-13,0,-2,-2,-4,0,-19,3,-2,0,4,-2,-2,0,-17,2,-6,-2,4,-2,19,-3,3,-1,-14,1,-8,0,-4,-3,2,-5,27,1,9,-2,-17,1,-2,-1,-8,-1,1,-1,11,-1,-4,-2,3,-2,7,-1,5,1,2,0,1,1,13,1,-8,-2,0,-1,-8,-2,11,-3,24,0,2,-1,-1,-1,-10,-1,2,-1,16,0,9,1,2,2;2631,180,7,0,5,3,-1,2,-10,4,12,-3,25,-1,7,1,1,2,-12,0,-2,1,28,3,0,1,-4,1,-14,0,-15,-1,1,1,6,2,7,0,4,3,0,1,5,1,0,1,-2,1,-8,2,5,0,3,2,3,0,2,-3,3,0,4,2,8,-1,1,2,7,-3,4,3,11,2,2,-1,-2,-1,2,-1,23,-2,13,-3,9,1,15,-2,14,2,2,0,-2,1,2,1,10,0,2,1,-4,2,8,0,0,2,-1,2,-3,1,-14,3,3,1,8,-1,2,3,-10,1,-5,-1,2,2,-5,4,-15,1,-10,2,-16,-2,-1,-3,3,-2,-5,-2,-1,1,1,2,-6,3,-14,2,-8,-2,-3,2,-3,-1,0,-1,-7,2,-13,-1,0,1,-2,0,-25,0,-1,-1,8,-5,-2,-1,-8,3,1,-2,-5,1,-2,2,-7,2,-14,-1,-4,-2,3,-2,-5,1,-2,2,-5,0,-5,-3,2,-5,3,-1,-2,-3,3,-3,11,-4,2,-4,-3,-9,-10,1,-24,0,0,-1,-4,-1,-2,-2,8,-2,-5,1,-9,-3,1,-2,7,0,-4,-1,3,-2,15,-2,19,3;2639,150,9,1,6,2,-9,3,3,2,-5,2,-31,4,2,-2,-6,-3,12,-2,-10,-1,-2,-2,1,-1,-1,-1,0,-1,6,-1,-1,-3,2,-1,13,0,10,2,2,1,-1,1;2590,233,8,2,3,2,10,-1,8,0,8,2,1,1,-2,1,-22,10,-6,2,1,1,-1,1,-18,8,-5,0,-13,-1,-14,0,5,2,1,4,-17,9,-18,0,8,-9,2,-8,15,-17,5,-1,9,2,-2,-1,-1,-3,3,-3,3,-1,9,-1,20,-1;2438,325,3,0,3,3,7,4,0,8,2,3,5,-1,0,1,-2,1,-26,7,-5,-2,-7,0,-9,-4,0,-3,-7,1,-1,0,0,-2,-4,1,-5,-1,1,-3,3,-2,9,-1,11,-3,0,-3,3,0,0,-2,2,0,1,2,3,0,-1,-3,4,-4,8,-2,4,3,-2,2;2790,875,5,-1,-4,3,1,1,-3,2,0,1,7,-1,7,-5,-5,0,4,-3,2,-3,5,-3,1,3,6,1,-2,4,1,1,-13,7,-6,2,-12,0,-2,-3,1,-6,3,-5,4,-3,11,-13,8,-5,3,0,-1,2,1,5,-7,11,-2,3,-13,5;2665,894,-3,0,-2,0,-1,-2,1,-3,0,-2,2,-3,-3,-1,-3,-2,11,-34,-6,-6,-15,3,-1,-1,1,-4,-4,-1,-21,19,-4,6,-5,5,-4,8,-4,4,-7,5,-1,3,-2,1,-3,3,-2,-2,-3,2,-4,-1,-6,7,-64,0,23,-9,4,-1,13,-14,10,-4,16,-10,19,-5,17,-6,11,-9,17,-14,17,-10,13,-6,36,-13,9,-2,13,-1,13,2,4,2,5,4,0,3,-6,-1,4,4,-1,3,-3,4,-6,1,-5,4,-10,4,-4,0,-8,-4,-3,2,-7,0,-6,2,7,-1,2,2,7,2,1,1,0,4,1,1,14,-4,-2,1,4,0,3,2,-5,3,-2,5,-11,7,2,1,4,-1,4,1,-3,4,0,5,2,1,-1,7,1,1,0,2,11,2,2,1,-5,2,5,4,4,0,3,3,4,-1,8,1,-2,3,4,-1,2,1,12,-6,0,4,2,1,6,0,2,2,0,4,-4,2,7,0,1,1,-2,2,-4,0,-44,14,-6,-1,0,4,-2,1,-4,0,-2,-4,-3,4,-1,-2,-3,1,-1,2,0,3,-2,1,-13,11,-6,3,-3,0,-2,2,-1,3,-3,0,-5,-1,-1,-5,-2,-1,-2,2,-1,-2,1,-8,4,-6,6,-5,-1,0,-6,4,2,-2,4,-3,7,-1,3,-2,-5,1,2,-1,17,-9,11,-4,1,-1,-1,-1,2,1,-2,4,3,1,1,2,0,-3,2,-2,16,-3,-24,-2,-4,3,-2,-1,-1,-1,3,-2,13,-9,-4,1,-2,-4,0,4,-5,4,-25,10,-2,0,-2,-2,3,-3,-4,2,1,2,-1,1,-7,3,-1,-1,-8,2,0,-2,-4,-1;2943,739,-4,3,-9,2,0,3,3,0,0,1,-1,3,-18,16,-1,2,-7,7,-4,6,-1,3,16,-12,1,1,-2,3,5,-2,3,2,5,-1,-2,2,-12,7,5,-1,-1,2,-5,3,6,-1,2,2,6,-2,0,3,2,-1,0,-2,1,0,0,2,-5,8,2,-1,3,-3,3,-1,1,1,11,-7,-1,5,3,-2,8,0,5,2,0,5,-8,6,-6,3,6,-1,-3,3,5,1,-2,3,-8,3,10,-3,2,1,3,-2,8,-2,-1,3,-2,3,-11,5,1,1,-1,2,-6,1,4,1,-6,5,1,3,2,1,4,-3,6,-6,8,-4,1,1,-8,9,-2,6,0,1,5,-2,4,-5,1,0,0,5,-8,11,0,3,-6,7,-2,1,-2,-2,-6,2,3,-12,-10,7,-2,1,-1,-2,10,-13,-1,-8,-3,-3,-9,12,-1,0,3,-4,-5,3,-4,1,-12,12,-10,1,-3,-2,2,-2,9,-3,8,-8,7,-3,2,-2,-3,1,-8,-1,-3,4,-3,1,-5,-2,-5,1,6,-2,1,-6,-3,2,-2,-1,-4,3,-10,3,-30,-3,0,-1,-6,2,-10,1,-2,0,-1,-4,1,-4,18,-12,6,-3,-16,0,0,-1,8,-4,-2,2,1,1,2,0,10,-12,4,1,3,2,-1,-3,3,-3,-4,-1,1,-3,5,-4,2,2,2,-1,-1,-5,16,-19,2,-3,3,0,-1,-2,6,-4,1,-4,5,-2,5,-5,14,-6,3,0,0,2,3,0,1,-2,3,-1,1,2;2635,297,17,-3,9,0,1,0,-2,2,1,1,2,0,11,-10,1,-3,-9,-1,-1,-3,-2,-3,13,-5,4,0,9,4,-4,-5,4,-2,-10,-1,-1,-3,1,-3,4,-3,6,-2,13,4,0,-1,-13,-4,0,-2,11,-4,11,-3,9,1,0,-2,9,-2,13,-2,16,0,2,2,-2,6,6,4,-3,4,0,2,2,1,-22,10,12,-3,-9,5,2,2,-4,0,-3,4,16,-6,4,0,-1,-3,7,-2,1,2,6,-1,3,2,-4,5,4,3,-1,-4,7,-5,3,1,5,0,4,2,3,0,1,-1,-10,-2,-1,-3,4,-2,11,-3,13,0,9,3,7,0,5,2,1,2,-1,3,-11,5,-10,6,12,-6,10,-2,7,0,2,1,0,1,-4,3,-16,3,7,0,-11,10,5,-3,9,-6,12,-2,2,0,-1,1,-12,6,11,-4,2,2,-1,3,2,1,1,-4,2,-1,8,-3,3,2,11,1,6,3,1,3,-1,0,-7,3,-7,0,-15,6,5,0,8,-4,5,-1,7,2,8,-3,1,2,-5,4,-23,8,2,0,7,-3,2,1,-8,8,14,-9,9,-4,11,-2,3,2,8,0,9,3,1,1,-1,2,-9,3,-16,3,-8,3,4,0,7,-3,12,-1,0,2,-7,3,3,1,11,-4,-1,-1,7,-3,2,1,5,5,0,4,-2,2,-12,-1,-7,3,-8,1,-8,2,13,-1,8,2,11,0,6,3,-1,3,-15,0,-4,-1,-5,1,-3,-1,-12,3,11,-2,8,3,1,0,-1,3,-4,3,-8,-2,-5,1,-9,-1,6,2,10,2,0,1,2,2,5,0,6,2,7,0,-6,3,2,2,-3,3,4,-1,0,2,2,-4,8,-1,-4,5,-6,4,1,0,11,-5,-2,3,1,0,4,-1,3,0,-3,5,1,2,2,-5,10,-3,1,1,-4,2,-2,1,0,1,7,-1,6,5,2,-1,2,2,-5,2,0,3,-11,0,4,1,0,1,9,0,5,-3,4,1,3,2,-6,5,-9,4,13,-3,10,1,5,-3,3,1,7,8,-5,2,-5,-3,-4,1,6,3,0,2,-6,2,-10,-2,1,2,-3,2,7,4,-11,1,3,1,-1,2,-6,5,-9,-1,-2,-4,-1,3,-5,1,5,1,-5,8,-8,7,-2,-4,-3,0,-2,1,-2,-2,4,-5,-8,6,-6,-8,-1,-6,6,-4,6,-1,11,-7,-4,1,-9,4,-7,2,-7,0,-1,-1,1,-1,5,-3,-8,2,-5,-3,-2,-6,-2,-2,-1,2,-2,1,-3,-1,-1,1,1,2,-2,2,-9,-3,1,4,5,5,-4,2,-7,0,-7,-7,-6,2,5,0,3,2,-3,3,1,2,4,2,-4,4,7,-1,2,1,1,2,2,1,-5,2,4,2,-1,4,3,0,-1,6,3,-5,5,4,-2,1,1,2,7,-4,2,1,3,3,1,0,2,2,-6,3,6,0,1,0,0,1,-4,3,-6,0,3,2,2,3,-1,1,8,0,-3,3,3,0,1,5,-3,0,-4,10,-2,0,-1,-8,-3,-4,-1,10,-2,2,3,7,-4,1,-4,-1,-1,5,-2,2,-5,-5,-2,-2,-2,1,-5,-5,-1,3,-3,-1,-1,-5,-2,4,-1,0,-3,-6,-4,0,-6,-9,0,6,-1,1,-9,-7,-6,0,-2,1,1,2,6,10,7,2,-2,1,5,3,5,4,4,3,3,6,4,3,-4,2,0,4,-4,1,-18,-6,-18,-3,-8,-3,-4,-8,-11,0,-12,-5,4,-3,-6,2,-3,-2,-5,-7,7,0,5,-3,-2,-1,-2,-2,-2,-1,-7,0,4,-4,-7,2,0,-4,-9,-9,6,-4,-11,0,-2,3,-3,0,1,-4,-5,-1,-1,-4,-5,2,2,4,-2,2,-6,1,-6,-2,-4,0,-3,3,-21,4,-14,-3,-2,-3,-1,-3,2,-3,5,-5,15,-5,0,-3,4,-2,13,1,9,4,3,3,-3,4,1,1,4,-4,0,-2,-4,-4,11,0,4,-2,8,0,11,-3,7,1,0,-6,-5,-5,-1,-2,1,-2,25,-11,5,-1,8,-6,9,-3,4,-2,-2,-2,1,-10,-2,-7,-2,-3,2,-2,-7,1,-2,-1,0,-2,4,-3,0,-2,-4,0,1,2,-1,1,-5,0,-2,-1,-2,-3,1,-2,-3,0,4,-2,-3,-1,5,-2,-2,0,-8,3,-4,-1,-15,5,-6,1,5,-7,3,-1,7,0,7,-3,-1,-3,-8,-3,0,-3,6,-1,-4,-1,-5,3,-5,-2,6,-3,-2,-1,-9,0,3,-8,-8,0,-4,-3,-3,-5,-9,4,5,2,1,3,-1,3,-7,2,-7,1,-16,-4,-15,0,5,2,3,3,0,1,-2,1,-7,-4,-14,2,-11,-4,-12,1,-22,-3,-7,2,-7,-2,1,-5,3,-2,-6,2,-6,-1,-1,0,0,2,-9,0,-4,1,-6,-3,-5,-2,-2,-5,2,-6,11,0,12,2,12,-1,-8,-4,-17,-2,-8,-2,-1,-2,6,-9,10,-5,-2,0,0,-1,3,-4,15,-7,7,-7,13,-6,21,-6,22,-3,20,2,-1,1,-24,9,-18,10,0,6,-6,7,-2,5,1,3,8,8,-30,7;2801,798,-8,0,-15,-3,-9,-4,-2,-5,-11,-6,-1,-1,8,-2,15,3,7,3,17,10,1,4,-2,1;2741,863,3,-3,10,4,20,-2,2,2,-12,5,-1,4,1,1,-2,1,-5,0,-1,-1,0,-2,-3,0,3,-1,0,-2,-2,0,2,-3,-7,3,3,0,-2,1,-8,-2,-2,-3,1,-1,-6,0,1,-5,-5,-1,2,-3,9,-7,-1,4,-3,3,3,3,0,2,-2,2,2,1;2587,472,0,1,-4,4,-14,7,-11,4,-5,0,-7,2,1,-4,-1,-2,0,-1,16,-10,7,0,5,-1,13,0;2622,484,2,3,-1,2,-3,4,-11,8,-3,1,-5,-4,0,-1,2,-4,5,-5,7,-4,7,0;2768,354,8,2,0,1,-8,12,-4,3,-12,4,-15,1,-5,0,-1,-4,2,-6,6,-5,14,-7,15,-1;2789,243,19,0,14,3,0,3,4,1,0,3,3,2,-1,2,1,2,-6,1,-28,-1,-18,2,-6,-1,-1,-1,2,-7,-6,-1,-2,-1,1,-2,2,-1,0,-3,3,-2,7,-1,12,2;2475,710,-6,-1,-12,-4,-3,-3,6,-3,13,0,4,6,-2,5;2552,629,-2,0,5,-6,4,-1,-3,4,-4,3;2551,626,-9,9,-1,0,0,-1,5,-5,0,-2,-10,8,-6,2,9,-7,0,-1,-10,6,-2,0,15,-11,3,-5,-6,9,4,-2,7,-8,1,3,2,1,-2,4;2532,627,-2,0,1,-2,11,-4,-4,3,-6,3;2703,174,-7,1,-9,-4,5,-4,10,0,3,1,3,2,-2,3,-3,1;2487,176,-8,-1,-1,-3,2,-7,7,0,2,2,1,2,-2,2,3,0,1,1,0,2,-5,2;2636,123,-8,5,-3,-1,0,-1,-2,-1,-7,0,4,-3,5,-1,10,0,1,1,0,1;2381,258,-2,0,-4,-5,0,-3,-7,-4,9,-4,18,-1,6,0,4,3,0,2,-6,4,-18,8;2495,197,1,1,-12,3,-11,1,7,-3,-1,-1,-10,1,-2,0,5,-2,-6,-1,-1,-1,2,-1,6,-1,21,-1,2,0,-3,4,2,1;2482,186,5,0,0,1,6,2,-9,2,-13,0,3,-5,9,-1,1,0,-2,1;2246,205,-9,1,-6,-2,19,-5,19,-4,3,0,-26,10;2369,165,-7,0,-3,-1,-2,-2,1,-1,13,-2,-1,1,4,2,1,1,-6,2;1561,668,3,-4,2,1,-5,3;1510,729,0,-2,3,-3,0,1,-3,4;1564,681,-5,2,-3,-2,-3,2,2,-2,7,-4,2,1,0,3;1556,700,-2,-1,-1,-4,-3,-4,3,-3,6,5,0,5,-3,2;1573,661,11,-6,-6,5,-5,1;1576,705,-7,10,-8,6,8,-12,-5,2,0,-3,1,-4,8,-7,5,4,-2,4;1558,792,-1,2,-3,-1,2,-2,2,1;1598,787,-3,-1,-3,-4,4,0,2,5;1551,785,-3,0,-1,-3,2,-2,3,-1,1,1,0,2,-2,3;1587,773,-1,2,2,-7,4,-2,1,2,-1,3,-5,2;1561,715,-2,2,-1,-4,1,-3,1,-2,2,4,-1,3;1560,740,-2,0,1,-3,4,-2,0,3,-3,2;1569,718,-1,0,5,-7,3,-2,3,0,-10,9;1563,704,-2,-1,2,-4,0,5;1568,701,-3,-1,5,-4,-2,5;1600,806,-2,0,2,-4,1,2,-1,2;2802,925,-3,1,-3,-1,5,0,3,-2,-2,2;2790,887,-1,0,-1,-2,3,0,-1,2;2785,842,2,1,-1,1,-4,0,4,-5,9,-5,3,0,-7,3,-6,5;2739,828,-1,1,-4,2,1,-3,4,0;2740,826,-3,1,3,-2,0,1;2675,916,2,-2,-2,2;2668,906,-3,2,3,-5,1,1,-1,2;2539,887,-8,1,12,-7,-4,6;2538,884,-4,0,4,-2,3,0,-3,2;2602,853,-2,0,1,-1,6,-2,-5,3;2935,758,-2,0,1,-1,3,0,-2,1;2945,786,-5,2,-1,-2,1,0,1,1,4,-2,0,1;2948,730,-1,0,0,-1,3,-1,-2,2;2955,782,2,2,-7,2,1,-3,2,0,2,-1;2937,839,-2,0,5,-5,-3,5;2878,481,6,0,0,1,-3,2,-5,0,-1,-1,3,-2;2792,533,-2,0,0,-2,7,-5,2,-1,2,1,1,2,-1,2,-9,3;2783,481,-7,-1,-2,-5,-2,0,-1,-2,7,1,5,3,1,3,-1,1;2865,508,-8,-5,0,-2,12,0,1,1,-2,3,-3,3;2867,496,1,0,1,3,-2,0,-3,-1,-1,-2,1,-1,2,0,1,1;2762,561,-2,2,-2,0,3,-5,1,0,0,3;2861,530,-1,2,-5,-2,-1,-2,1,-1,3,0,3,3;2878,631,-3,0,3,-2,2,1,-2,1;2880,596,1,0,-1,3,-2,0,-3,-2,1,-2,4,1;2910,327,-4,0,0,-1,7,-1,-3,2;2965,381,-3,0,6,-3,3,0,-6,3;2834,199,-1,1,-5,0,-3,1,-1,-2,15,-4,2,0,-7,4;2541,614,-1,0,0,-1,2,-1,-1,2;2553,597,-2,1,2,-3,1,0,-1,2;2546,617,-1,0,2,-4,0,2,-1,2;2497,696,-2,1,0,-2,2,0,0,1;2492,729,-3,0,-2,-2,8,-1,-3,3;1603,803,-2,-1,-1,-4,3,5;1590,775,3,-4,-1,3,-2,1;2795,365,-14,0,-1,-1,-1,-3,2,-2,5,0,14,2,-2,4,-3,0;2665,460,2,1,0,4,-8,3,-4,-3,-2,-4,6,-1,6,0;2602,202,-3,0,2,-3,7,-2,-2,4,-4,1;2570,547,1,-1,3,-1,-4,2;2576,544,-2,0,3,-2,3,0,-4,2;2512,258,-3,0,-1,-1,1,-2,4,-2,3,0,1,2,-5,3;2534,225,-6,1,7,-3,1,1,-2,1;2507,239,-11,1,-5,-2,11,-2,17,-2,2,0,0,1,-3,1,-11,3;2550,330,-1,1,-4,2,0,-2,5,-1;2542,334,-1,1,-1,-2,-1,0,1,-2,3,0,-1,3;2720,479,-4,0,-5,-2,8,1,2,0,-1,1;2782,353,-2,0,-4,-4,4,-3,4,1,0,4,-2,2;2616,522,-2,0,1,-1,8,-1,-7,2;2713,357,-2,0,0,-2,1,-2,3,0,1,2,-3,2;2684,462,-4,-1,-5,-4,5,-2,5,3,1,1,-2,3;2729,322,-1,2,-4,1,-8,0,0,3,-3,0,-3,-3,-5,-1,2,-1,4,0,2,-1,3,0,1,1,12,-1;2750,324,0,1,-2,1,-8,2,-7,1,7,-4,5,0,3,-2,2,1;2676,448,-2,1,-4,0,5,-2,2,0,-1,1;2616,398,3,0,-3,2,-1,-2,0,-1,1,1;2718,342,-2,0,0,-1,5,-3,7,-2,8,-5,5,0,0,2,-14,7,-9,2;2758,336,-3,0,-1,-1,3,-5,4,0,6,1,-9,5;2614,315,5,1,0,1,-4,1,-7,-1,-1,-1,5,-1,2,0;2599,408,7,2,-3,2,-4,-2,-3,1,2,-2,-1,-1,-5,1,2,-3,-3,-4,1,-1,8,4,1,1,-2,2;2581,366,-3,-2,4,-4,-1,-1,8,-5,1,0,1,3,-3,5,-7,4;2579,413,-1,0,-1,-2,-2,-2,2,-5,3,-1,2,1,0,4,0,3,-3,2;2378,497,-1,-2,2,0,1,1,-2,1;2523,187,-6,-1,13,-2,10,0,-17,3;2534,157,-4,1,1,-1,8,-2,-5,2;2542,166,-9,-1,2,-3,12,0,6,2,0,1,-11,1;2689,188,-6,0,-1,-4,3,-2,7,0,2,2,-4,2,-1,2;2574,206,-15,3,2,-3,12,-2,4,2,-3,0;2565,226,-7,-2,6,-1,2,2,-1,1;2210,202,-3,0,1,-1,9,-2,-7,3;2347,183,-3,1,-15,-1,5,-2,12,0,4,1,-3,1;2443,215,-7,0,-1,-2,12,-5,6,0,2,1,-2,4,-10,2;2378,343,-5,2,0,-1,-2,0,4,-5,2,-1,2,0,1,3,-2,2;2385,339,-1,1,-2,-1,0,-1,3,-2,1,1,-1,2;2408,307,-4,-1,3,-2,2,0,2,1,-3,2;2467,327,1,1,-4,4,-4,0,3,-2,0,-3,-5,4,-1,0,1,-2,4,-3,3,0,2,1;2373,331,-1,0,2,-2,-1,-1,0,-1,4,0,0,2,-4,2;2347,348,-5,-2,7,-3,3,1,-2,3,-3,1;2300,352,-4,-1,-2,-2,4,-1,4,1,1,2,-3,1;2226,374,-3,1,-1,-2,6,-5,-2,6;2217,361,3,0,0,1,-2,1,-2,-1,1,-1;2215,382,4,0,-5,3,1,-3;2214,361,-2,-1,2,-1,1,1,-1,1;1769,327,-2,0,-2,-1,5,-1,2,1,-3,1
CC	6137,2335,0,-1,0,1;6139,2336,0,-1,0,1
CD	4681,2235,-41,7,1,3,-2,5,-4,6,-6,5,4,15,0,21,-2,4,-5,17,3,8,12,13,10,2,0,-5,7,-1,-2,32,-3,-1,0,-3,-2,-1,-7,4,-2,0,-4,-2,-6,-12,-2,0,-3,-8,-12,-6,-5,-1,-2,-1,-3,-7,-4,-4,-1,-5,-3,1,-2,7,-3,2,-5,0,-12,-2,-9,-4,-3,0,-3,-3,-2,-5,1,-5,-14,3,-3,3,-4,-1,-1,-1,2,-3,-1,-3,-1,-2,-4,-1,-1,-3,-2,-1,-3,4,-9,-1,-8,3,-12,-1,-6,3,-2,-7,3,-5,0,-11,-2,-6,-7,-11,-1,-3,2,-20,0,-8,-2,-6,-1,-6,2,-12,-1,-2,-26,-1,-2,-3,1,-6,-16,2,-4,1,-3,3,-1,8,-3,4,-1,8,-8,1,-9,-2,-12,5,-2,-1,-8,1,-13,-22,-1,-8,-4,-8,-1,-11,-6,-7,-2,-1,-67,1,-7,-1,-4,1,-3,2,-3,1,-3,-1,-2,-2,-2,-3,6,-2,1,-14,-2,-2,9,-8,7,-3,6,5,5,-2,1,-7,2,-1,3,2,10,-5,2,4,-2,3,1,6,6,2,13,-15,3,-1,4,-6,6,-2,3,-4,3,-8,2,-11,0,-21,7,-9,8,-15,9,-6,10,-11,0,-7,3,-13,1,-8,0,-14,3,-11,0,-12,12,-32,0,-10,1,-7,-2,-7,1,-3,2,0,3,-4,5,-9,6,-5,4,-1,7,1,9,6,7,10,2,0,7,1,4,2,9,2,3,-1,17,4,2,-2,4,-10,3,-3,6,0,7,1,20,-8,2,0,8,2,6,-1,4,-2,4,-5,2,-2,29,6,7,-3,6,2,2,4,4,3,3,5,9,7,5,1,7,-5,4,1,7,2,5,-5,2,-1,3,1,11,16,7,3,2,6,4,0,3,4,-3,10,2,4,-3,11,3,1,3,0,2,3,2,1,3,3,-1,2,-17,21,-3,1,-3,5,-6,4,0,8,-5,10,-3,27,0,11,-5,3,-3,5,-2,4,0,8,-6,6,1,6,2,1,0,2,5,7,-1,19,3,7,2,9,-2,11,6,21,-3,7,1,8,4,7,11,11,11,29
CF	4535,1811,1,1,-1,4,1,2,2,2,12,4,8,8,1,2,-1,5,2,3,14,9,10,11,-1,4,5,10,5,2,9,7,2,4,1,7,3,4,-7,-2,-6,3,-29,-6,-2,2,-4,5,-4,2,-6,1,-8,-2,-2,0,-20,8,-7,-1,-6,0,-3,3,-4,10,-2,2,-17,-4,-3,1,-9,-2,-4,-2,-9,-1,-7,-10,-9,-6,-7,-1,-4,1,-6,5,-5,9,-3,4,-2,0,-1,3,2,7,-1,12,-3,-3,-7,3,-1,-2,-5,0,-9,-3,-6,2,-13,3,-3,8,0,9,-7,14,-1,-5,-1,-11,-4,-5,-3,-1,-14,-17,-2,-5,2,-1,-2,-6,-7,-8,-2,-14,-2,-3,1,-5,0,-10,-1,-1,-1,0,-2,-3,2,-3,5,-3,2,-7,4,-6,4,-10,4,-4,2,-4,8,1,3,-1,1,-2,8,-2,0,-3,3,-2,1,3,5,5,19,-11,20,-2,12,-15,-5,-4,0,-2,6,-3,11,0,9,-3,6,0,10,-7,10,-14,3,-1,3,-5,3,-2,1,-8,7,-5,3,-1,7,-4,8,2,10,13,8,15,0,12,-4,5,1,4,1,1,0,3,3,2,11,2
CG	4247,2127,2,-5,6,-5,4,4,4,1,1,-1,-1,-3,2,-6,-5,-3,0,-2,1,-3,-3,-3,-2,-1,1,-4,1,-8,2,1,5,-1,3,1,8,-2,1,-5,-1,-5,4,-2,4,2,5,10,10,2,6,-6,3,4,0,4,3,0,2,0,2,-3,0,-3,2,-6,2,-3,2,-12,-1,-11,2,-10,-3,-2,-3,-1,-3,-4,-5,-2,1,-10,1,-4,3,-5,3,0,2,-2,3,-5,0,-2,-6,-12,-7,-1,-14,4,-1,0,1,-3,-2,-7,1,-3,2,-10,27,1,2,-2,4,4,2,-1,1,2,6,0,4,2,9,1,7,6,1,-2,-1,-9,2,-3,7,-15,0,-9,3,-8,13,-3,5,-2,10,3,5,0,1,2,4,-2,4,-1,2,3,0,5,-12,32,0,12,-3,11,0,14,-1,8,-3,13,0,7,-10,11,-9,6,-8,15,-7,9,0,21,-2,11,-6,12,-7,4,-19,20,-6,-2,-1,-6,2,-3,-2,-4,-10,5,-3,-2,-2,1,-1,7,-5,2,-6,-5,-2,0,-4,-4,-2,-1,-9,5,-2,4,-2,0,-4,6,-5,-7,-1,-4,-14,-17
CH	4187,837,2,1,-3,7,0,3,8,1,0,2,5,2,5,-3,2,2,-1,6,1,3,-3,-1,-2,-1,-2,0,-1,3,2,6,-2,0,-2,-3,-8,1,-2,-4,-2,0,-1,0,0,5,-5,7,1,3,-2,1,-3,-4,0,-2,-3,-1,-4,-3,-1,-5,-6,4,1,3,-3,4,-4,2,-5,-1,-8,2,-1,-1,-6,-6,1,-3,-2,-3,-6,-1,-4,3,1,2,-1,1,-5,1,0,-1,2,-2,1,-2,-1,-2,1,-4,5,-4,1,-4,4,-2,5,-6,1,-2,-2,-1,3,-3,4,2,3,-1,2,-2,2,-1,6,1,11,-1,2,-2,-3,0,3,-3,6,3,6,0,7,4
CI	3932,1900,-1,1,-3,-1,1,-1,3,1;3823,1773,4,-2,4,-5,3,0,3,3,0,2,6,1,2,2,1,-1,0,-4,6,-1,1,-7,2,1,3,1,0,-3,4,-1,1,8,-1,4,3,1,2,0,4,-5,6,-1,4,3,3,0,3,2,3,8,8,5,2,0,4,2,2,-2,10,-5,13,1,5,5,4,7,2,-2,1,5,-2,6,1,1,2,5,3,15,-3,2,0,2,-4,3,-4,12,0,7,-6,10,0,4,1,7,4,16,1,2,4,1,1,4,-1,7,-3,1,-5,-2,0,-4,-1,0,-3,6,-12,-3,-2,-1,-3,-1,-10,1,-1,1,11,-1,1,1,-19,3,-2,-2,-6,0,-2,1,6,0,1,1,-11,1,-8,2,-21,8,-15,8,-1,-11,0,-7,1,-1,2,-5,1,-6,-1,-7,-8,-4,-2,-6,-2,-1,-7,-1,-3,-4,-4,-1,6,-7,1,-5,-3,-13,-1,-1,1,-1,5,1,5,-13,-1,-3,-5,-2,1,-5,4,-1,5,1,2,2,1,-1,-1,-6,-1,-2,-4,-1,0,-5,4,-3,-3,-2,0,-6,-3,0,-2,-2,0,-12,3,-5
CK	522,2563,-3,0,0,-1,2,0,1,1
CL	1651,2712,-3,0,-1,-1,1,-1,4,1,-1,1;2341,2875,-4,1,2,-3,2,1,0,1;2459,2490,5,0,5,-3,3,-6,-2,-7,3,-1,4,-4,5,11,5,3,-1,2,6,21,12,12,-4,7,3,3,0,3,0,2,-3,1,2,6,-2,2,7,6,-1,2,0,5,3,1,6,9,1,8,4,9,2,2,3,11,1,8,2,1,5,1,8,-2,5,4,-5,26,-18,9,-5,6,-1,3,0,3,5,6,-2,2,-1,6,6,19,-2,5,0,3,7,10,1,2,-1,2,-4,1,-1,2,-2,-1,-3,1,-4,19,-5,7,-1,0,-2,6,-1,17,-4,6,4,11,1,7,3,3,-1,5,-5,0,-1,13,2,3,-2,3,-2,0,0,5,1,6,4,7,5,3,-1,2,-1,0,1,3,5,8,3,8,3,2,-1,4,1,4,2,2,4,0,1,3,0,8,4,13,-4,2,-3,11,0,10,-2,2,2,2,2,5,4,14,-1,2,-2,0,-2,3,0,3,-3,1,-2,3,0,3,-1,5,3,6,0,5,2,4,2,8,4,7,4,10,3,2,0,5,-3,1,-5,4,2,9,-1,8,-2,0,-1,1,3,6,1,3,-2,4,3,4,-1,3,0,8,2,3,6,19,6,10,0,1,-1,1,-4,0,0,4,2,4,-1,3,4,10,3,3,6,1,1,2,0,2,-2,1,0,2,5,4,1,3,-1,1,4,4,-1,5,2,7,12,1,2,3,0,5,-16,0,1,4,10,2,7,6,1,2,-2,3,0,2,-3,0,-1,1,3,7,3,2,0,3,-3,3,4,3,4,9,-3,4,1,5,3,4,-2,1,-1,3,-3,3,1,2,-1,8,1,2,5,3,2,3,0,4,-3,1,-1,2,2,7,-1,3,-5,3,0,4,1,3,-6,0,0,7,4,5,0,3,3,5,6,5,7,10,2,0,3,-2,6,-2,4,2,4,6,0,4,3,5,1,6,12,8,1,2,38,1,11,3,5,0,16,4,1,1,-17,-3,-3,1,-2,5,-15,5,-4,2,3,15,3,5,1,5,-5,2,-19,-6,-5,-4,-2,-3,1,-2,7,0,2,1,1,3,0,3,2,-1,-2,-6,7,-5,1,-4,-2,-2,-4,-1,-13,9,-2,4,0,4,-11,-5,1,-3,-2,-6,2,-3,2,2,3,0,5,-4,6,0,4,0,1,-2,-6,-1,-8,-1,-3,3,-2,-2,-4,0,-1,1,1,3,-2,2,0,2,1,4,-1,1,-5,-1,-8,-5,6,-3,2,-4,-2,-1,-1,0,1,1,-1,2,-2,-1,-3,2,-7,0,-2,-1,-3,-5,-2,-1,-6,-6,10,3,2,-1,-1,-3,4,2,5,0,5,-3,2,-2,2,1,5,5,-1,3,1,1,1,-1,0,-2,-5,-7,1,-2,0,-3,-8,-4,-8,-4,-1,1,9,4,6,3,0,1,-6,2,-6,5,-3,-1,-7,-6,-3,-1,-1,1,-6,-3,2,-2,3,1,-3,-7,-1,-2,-19,-5,-10,-9,8,0,0,-1,-4,-4,1,-3,7,4,8,7,8,3,-2,-2,0,-3,2,-2,-2,-1,0,-2,-2,1,0,6,-1,1,-6,-6,-2,-3,5,1,-11,-4,-5,-4,3,-5,7,1,1,0,-9,-6,-2,-4,4,-1,5,1,-2,-2,-4,-2,-2,-9,1,-1,-2,0,1,12,-4,-3,-7,-20,2,-2,3,-1,-3,-1,-3,2,-3,-1,-4,-5,-2,-6,14,1,8,4,3,-1,-1,-1,-5,-3,-5,-9,-1,5,-1,2,-6,1,-2,-1,-2,-2,-6,-4,1,-3,6,3,2,-2,-9,-4,1,-3,3,-3,-1,-3,0,-2,-5,-5,-3,-1,0,3,-11,-3,-2,-3,0,-3,-2,2,-7,3,4,4,0,2,-5,-2,-2,-4,0,-2,10,-11,-5,-4,-1,-3,6,-2,6,1,5,-2,1,-2,-3,-5,1,-2,2,0,3,1,1,10,-1,2,2,3,-1,2,-5,2,6,0,2,-2,-1,-7,2,-1,3,6,1,8,-1,4,0,1,2,-1,1,-6,-2,-10,-1,-3,-4,-2,-2,-5,4,0,4,-3,8,2,-8,-5,-4,0,-1,-6,5,-2,5,-5,0,-3,-1,-4,-14,-7,-1,-6,2,-1,0,-6,-4,-4,0,-4,2,-2,0,-5,2,0,-5,-9,0,-4,3,0,-5,-6,3,-2,6,6,0,-1,-6,-10,-4,0,-3,-2,2,-4,4,0,2,-2,-1,-4,-1,4,-2,1,-10,-5,-3,7,-8,0,-3,-1,1,-4,-4,-2,-6,-10,-2,-3,0,-13,-2,-12,4,-5,1,-9,-1,-5,-11,-18,-2,-11,-6,-9,-1,-6,-2,-3,0,-4,5,1,3,-1,-1,-12,2,-1,1,-7,-1,-10,3,-6,-2,-4,2,-9,3,-3,0,-12,-1,-12,2,-8,2,-5,0,-3,-2,-2,-2,-9,2,-3,1,-8,-1,-6,-2,-5,-3,-10,-6,-16,-4,-14,-1,-7,5,-5,-1,-12,-1,-5,-4,-7,-2,-6,3,-7,2,-7,0,-14,2,-6,-1,-10,2,-22,-1,-8,-3,-6,1,-6,2,-4,1,-3,-5,-15,-1,-19,2,-8,-5,-5,0,-3,0,-5,2,-1,2,-4,2,-34,-1,-7,-4,-13,-2,-25,-4,-11,-4,-22,-1,-2;2703,3346,22,53,-8,1,-8,-1,-6,-4,-4,3,-6,-2,-3,2,-20,-5,-8,0,-2,-2,2,-3,4,2,4,-2,5,1,2,-1,1,-2,1,0,2,0,2,4,7,1,0,-1,-6,-5,-5,-1,-3,-3,-3,-6,4,-1,-2,-3,2,-2,7,9,-5,0,3,3,4,1,6,5,5,0,2,-2,7,3,4,4,0,-1,3,-3,-21,-7,-5,-6,-1,-3,0,-1,11,-5,0,-2,-6,-2,-4,0,-4,2,-5,-1,-4,-4,-1,-3,1,-1,4,-2,-7,-5,3,-1,6,3,2,-2,3,-6,1,0,7,4,2,0,4,-2,4,2;2757,3406,-1,2,-2,1,-4,-3,-5,2,-6,-1,-7,-5,4,-2,16,2,5,4;2517,3118,-7,0,-6,-3,0,-9,-4,-15,1,-4,-2,-8,11,3,4,7,1,2,-2,1,3,4,-6,3,10,9,-1,3,-3,2,1,5;2556,3261,3,12,2,1,0,8,-3,0,-5,-7,0,-7,-3,2,1,6,0,2,-5,0,-3,-2,-2,1,-1,-3,0,-2,3,1,0,-4,-5,-3,1,-1,1,-1,5,0,-1,-2,-3,-1,0,-2,4,-3,-2,-3,1,-2,2,-1,5,2,5,9;2532,3251,-2,0,-3,-4,1,-6,-4,-7,3,-1,9,10,1,5,-5,3;2597,3352,16,4,12,6,-8,-1,-8,-5,-8,0,-12,-8,1,0,2,0,5,4;2549,3247,-7,1,-10,-12,-2,-3,1,-1,3,-1,1,-2,2,0,1,4,7,8,4,6;2631,3366,1,2,8,0,8,5,-2,2,0,3,-2,2,-5,1,-3,-1,2,-3,0,-2,-6,-1,1,4,-2,0,-3,-1,-2,-5,-3,0,-5,-4,-4,-1,2,-3,4,0,2,1,6,1,-1,-2,0,-1,4,3;2575,3321,3,5,6,3,0,8,-3,-1,-10,-11,1,-2,2,1,-1,-3,2,0;2706,3400,16,3,7,-2,2,2,-2,3,7,2,0,2,6,3,2,4,-3,-1,-3,-2,-11,-1,-2,-2,-1,-3,-2,0,-4,-2,-2,0,0,3,6,4,-5,-1,-6,-2,-1,-3,-3,1,-4,-2,-1,-7,4,1;2665,3379,8,2,2,3,-1,3,-8,-3,-6,0,-2,1,-2,-2,-6,-4,0,-2,2,-2,9,2,4,2;2526,3144,-4,2,1,3,3,3,7,10,1,4,-2,0,0,1,-5,0,-1,-3,-2,-1,-13,-13,2,-1,-1,-3,3,-2,2,1,2,-1,-1,-5,1,-1,2,0,5,3,0,3;2545,3154,-5,2,-4,-3,-2,-3,2,-4,0,-3,5,1,6,3,0,1,-2,6;2505,3156,-1,1,-2,-3,1,0,2,2;2555,3298,1,2,-3,0,-1,-2,-1,-5,6,1,-3,2,1,2;2540,3253,1,2,-3,6,-2,2,-3,-1,2,-3,-4,-3,0,-2,9,-2,0,1;2531,3229,-1,0,-3,-2,3,-2,3,1,1,1,-3,2;2501,3124,-3,1,-1,-2,2,0,2,1;2532,3155,-1,0,-4,-5,0,-2,2,0,1,1,2,6;2576,3313,1,2,-1,0,-2,0,-2,1,-4,-1,-2,6,-1,-2,0,-6,2,1,5,-3,2,0,2,2;2556,3289,-3,2,-4,-1,-2,-8,10,2,2,3,-3,2;2520,3130,1,1,-2,0,-1,1,-3,-1,-1,-1,5,-1,1,1;2591,3328,-4,-1,-5,-4,8,4,1,1;2526,3176,-2,2,-4,-1,-1,-2,1,-6,-1,-3,1,-2,2,-1,1,3,1,4,3,4,-1,2;2756,3423,-6,-1,6,-1,1,1,-1,1;2769,3407,-2,1,-1,-1,1,-1,2,1;2681,3399,5,2,6,-1,5,5,-3,1,-3,-2,-2,1,-5,-1,-6,-4,-4,0,-1,-2,8,1;2760,3420,-6,-1,0,-1,2,-2,4,4
CM	4190,1909,5,-11,5,-18,8,-10,6,-6,3,-5,8,-6,1,2,6,0,3,-4,9,8,2,7,3,1,5,-4,2,-3,1,-5,6,-5,-2,-4,5,-8,0,-4,3,-5,2,-9,4,-7,4,-1,4,-5,3,-15,6,-4,2,-12,3,-3,2,-11,4,-7,6,-8,5,-2,8,-5,1,-17,-3,-4,-7,-2,-3,-17,9,1,1,1,1,4,5,4,2,4,0,6,5,11,1,7,-2,11,2,12,4,7,8,9,-2,1,-9,0,-7,1,-13,-1,-6,7,1,3,7,9,18,17,7,17,3,3,-1,3,-3,7,-4,4,-4,10,-4,6,-2,6,-5,4,-2,3,2,3,1,0,1,1,0,10,-1,5,2,3,1,12,8,10,2,5,0,2,-2,0,0,1,16,21,3,1,4,5,1,11,1,5,-2,6,1,7,-1,2,-7,-6,-4,-1,-5,0,-4,-2,-6,0,-1,-2,-2,1,-4,-4,-2,2,-27,-1,-1,-2,-37,-1,-5,0,0,3,-30,0,-3,-1,-1,-2,1,-16,2,-4,-1,-4,-5,-7,2,-2,-3,0,-2,-5,2,-2,2,1,-2,-3,1,-2,-3,0,-1,0,0,1,-2,2,-9,-4,-2,-7,0,-5,-4,0,-2,-3,1,3,-3,1,-1,-2,1,-4
CN	6558,1413,-1,1,-1,0,0,-3,2,2;6586,1237,-2,0,-6,-2,-5,-2,-4,-4,6,1,3,3,8,4;6609,1275,-6,-1,-2,-4,7,2,1,3;6609,1282,-4,-1,1,-1,1,0,2,2;6612,1277,0,1,-2,-3,2,0,0,2;6588,1388,-2,2,-1,-1,-1,-5,1,-1,2,2,1,3;6404,1498,1,1,2,-1,1,3,-5,-1,0,-1,1,-1;6600,1322,-2,1,-1,-2,1,-2,2,3;6466,1455,0,1,-4,-3,1,0,3,2;6454,1485,-2,-2,1,-2,2,1,-1,1,0,2;6451,1484,-2,1,2,-2,0,1;6350,1488,-5,-4,-3,1,-3,0,-1,-1,-2,1,-2,-2,-5,-2,-3,-4,-5,-2,-2,1,-1,-7,-2,-2,-1,-4,0,-2,2,-2,2,-3,-6,-4,-6,2,-3,-3,-3,0,-3,1,-7,-4,-4,-4,-4,-2,-8,5,0,5,-2,3,-4,0,-2,3,-2,-1,-2,-2,-2,0,-2,1,-1,6,-8,-6,-2,5,-5,-5,-3,4,0,2,-3,2,-3,-3,-9,-5,-6,10,-2,-2,-4,2,-2,-3,-1,0,-2,4,-1,2,2,7,4,4,2,13,2,2,-1,2,-5,-2,-6,1,-3,-6,0,-3,-1,-1,-1,-4,-1,-1,-5,3,-4,5,-10,-1,-2,-2,0,-2,-4,-3,-1,-6,-16,-2,-1,-2,1,-5,1,-3,0,-8,2,-4,-3,-3,-12,-3,0,-4,-3,-4,1,-3,-5,-7,3,-5,-6,1,-2,-1,-6,0,-4,1,-6,5,-3,-1,2,-8,-2,-4,-3,-2,-1,-4,1,-3,3,-3,-1,-4,1,-5,2,0,2,-1,1,-7,4,-1,2,-5,3,-2,-3,-5,2,-3,-2,-13,-7,-22,-4,-2,-2,3,-1,0,-8,-15,-5,-6,-3,0,-3,-3,-3,0,-3,7,-6,-4,-2,1,-4,-1,-5,-2,-4,2,-2,-1,1,-5,3,-4,-4,-7,-6,3,-1,-4,4,-4,-3,0,-5,-5,-10,6,0,1,-2,3,-14,-3,-4,-4,-6,5,-3,4,-2,0,0,3,-4,3,-10,3,-2,5,-8,8,1,4,-5,3,-3,-1,-6,3,-7,-1,-1,-4,-9,-4,-5,3,-7,-2,-7,-1,-1,-4,-6,-1,-4,0,-8,6,-5,9,-1,3,-2,3,-1,4,-3,-3,-1,-3,0,-8,-2,-5,-5,-1,-2,2,-6,2,0,2,-4,-1,-5,2,-9,0,-3,-1,-9,-4,-2,-2,-3,0,0,3,-2,1,-7,-4,-1,0,0,4,-1,1,-9,-10,-12,-1,-1,-1,1,-5,-8,0,-14,-9,-4,-7,-4,-2,-7,3,-11,-11,-7,-2,-9,-6,-6,-4,-6,-6,-9,-2,-4,2,-2,6,-3,1,-4,-5,-7,-4,-12,-4,-1,-5,-1,-1,-1,0,-8,-4,-4,0,-5,-3,-8,-8,-1,-1,-1,3,-5,0,-1,-4,0,-4,-3,-3,0,-5,-7,-7,-4,-7,0,-1,6,-1,3,3,3,3,3,-1,1,-2,2,-1,-3,-11,-3,-3,0,-3,-9,-8,-5,-13,0,-2,4,-3,0,-2,-8,-6,-9,-3,-10,-15,-1,-6,-2,1,-3,-1,-7,0,-8,-2,-11,-4,-2,-1,-1,-3,-7,2,-3,-4,-4,-2,0,-3,-1,-5,-5,-7,-4,-2,-5,0,-3,-5,-7,-2,-3,1,-5,-2,-3,1,-4,-3,6,-4,4,1,4,-4,-6,-5,-1,-4,-6,-11,0,-5,-3,-3,-10,-3,-3,-1,-2,4,-5,-2,-4,-6,2,-3,-6,-7,-1,-5,3,-1,2,-3,-3,-5,1,-6,8,-2,4,-5,3,0,-1,-4,5,1,8,-5,5,8,4,0,7,-3,2,2,2,-2,1,-8,2,-6,1,-1,14,1,4,-1,6,-1,3,-5,0,-2,6,-5,9,-5,9,-3,0,-3,8,-1,-2,-4,0,-2,-5,-9,0,-4,5,-2,-4,-2,0,-2,4,-2,3,1,0,-2,-4,-3,0,-3,-3,-4,-10,-13,-5,-11,0,-3,1,-1,-5,-3,-5,1,-3,-3,2,-3,11,-3,4,0,14,-5,4,3,3,2,6,-2,6,2,0,-4,-1,-3,-7,-2,-1,-2,-1,-34,-1,-5,1,-1,20,6,13,0,4,4,7,-5,4,-1,2,-5,-10,-16,-1,-7,0,-5,14,-3,2,-4,-3,-8,2,-2,10,0,7,-2,3,4,-1,3,8,5,0,3,12,4,3,5,12,5,3,0,5,-1,8,5,4,-1,3,3,6,2,7,9,8,7,3,2,8,9,1,7,4,6,-2,8,2,5,8,8,3,-1,12,4,18,1,7,0,15,2,12,7,5,0,13,8,8,2,6,0,2,5,5,3,14,16,12,9,4,5,16,-1,48,5,9,-3,33,4,3,1,10,7,4,1,21,4,15,6,15,-3,3,6,7,0,3,1,3,-3,25,-14,26,-4,24,0,17,-8,6,-14,8,-4,3,-4,2,-1,-4,-6,-7,-4,-7,-7,-2,-11,3,-6,10,0,8,4,19,4,7,-6,4,-5,0,-5,3,-1,9,1,9,-2,3,-4,3,-3,-2,-3,0,-5,2,-3,-1,-2,5,-3,10,1,-2,-5,7,1,2,-2,3,-1,4,-2,8,1,2,-2,11,4,8,0,2,-1,-2,-5,-8,-7,-17,-9,-3,-4,-8,-2,-9,-6,-7,-1,-7,1,-3,8,-8,-3,-7,-2,-10,0,-4,5,-8,-5,-6,-6,4,-3,-4,-8,1,-5,-3,-26,14,5,14,3,6,-8,4,-3,7,-2,1,-1,-2,-5,-6,-3,0,-7,-1,-4,0,-6,-2,-12,1,-3,3,-3,1,-3,-1,-3,-10,-11,-7,-1,-3,0,-3,-1,-1,-2,-1,-1,5,-10,3,-2,8,-1,14,-4,4,1,10,-2,9,-1,30,10,4,-1,13,4,5,3,3,1,6,3,1,3,11,6,11,10,14,11,10,9,14,10,7,8,8,4,2,5,4,5,5,3,8,2,13,0,4,3,6,2,5,1,4,-1,21,12,8,1,2,2,2,4,9,7,2,5,2,2,11,8,5,0,6,1,17,-1,1,-6,1,0,5,-4,6,1,4,-5,8,-2,9,3,2,2,0,3,9,8,-1,6,-3,1,-1,3,4,4,0,5,3,5,1,6,4,6,-1,3,2,4,-2,2,3,7,-3,2,5,9,-2,3,-23,-5,-4,-2,-1,3,0,3,-1,2,-6,2,-1,1,17,20,4,9,6,8,2,6,0,2,1,4,-1,1,-7,1,-2,2,5,3,1,1,-1,1,-9,-5,-2,-4,-9,-3,1,6,3,8,-2,2,-3,-2,-2,1,1,5,-3,4,-17,1,1,3,9,7,0,5,-3,-1,-7,0,-11,-2,-8,-6,-4,1,-2,2,2,7,-1,1,-3,10,-4,1,-1,3,-1,0,-2,3,-5,2,-1,2,-2,0,-5,9,1,3,-1,2,-2,2,-7,0,-3,-1,-1,2,-4,1,-2,2,-4,0,0,1,-3,1,-7,6,-4,8,-2,1,-4,0,1,3,-6,2,-2,2,-3,-5,9,-5,-2,-3,2,-4,-11,0,-2,-4,4,-2,-2,-3,-1,-2,5,-3,3,-10,-1,-4,-5,-4,-8,-4,-2,-3,-1,3,-12,-1,-4,7,-1,9,-14,8,-2,4,-1,5,1,4,-2,5,-7,1,-6,2,-7,-4,-3,1,-1,2,0,11,5,6,10,6,12,3,5,-1,4,2,7,9,-2,1,3,8,9,5,10,-1,1,-2,-1,-3,4,-3,2,-3,-2,-2,8,-4,23,10,7,0,1,-2,7,3,7,0,-1,2,2,4,-2,2,3,3,-2,3,-2,0,-3,-3,-5,0,-14,9,-6,-1,4,5,-2,0,-1,1,1,7,-4,2,-3,-4,-3,0,-1,2,6,4,-4,3,0,3,-1,2,-3,2,-1,5,-1,2,0,4,-2,3,1,4,1,3,4,0,6,4,9,3,8,5,11,16,14,15,2,5,0,4,13,6,2,1,1,5,10,5,4,4,1,3,-4,0,-9,-4,-8,0,-5,-4,-6,-2,-9,4,3,1,6,-3,5,1,3,4,7,3,16,10,8,10,-8,3,-2,2,-5,4,-1,4,-1,1,-8,-1,-4,4,3,0,3,-2,4,5,6,-1,4,-4,2,0,4,2,8,7,9,2,-9,10,4,-1,3,-3,3,4,1,9,-1,0,-4,-3,-4,0,-1,3,5,3,1,1,0,1,-3,0,4,2,-1,2,-2,1,0,2,5,9,-2,-1,-4,3,-2,-3,-2,0,-2,7,-4,1,2,3,-3,8,2,4,-3,7,-2,1,-1,5,0,6,-2,2,-2,-1,-3,-6,-2,3,-3,-1,3,4,3,2,4,5,-7,7,-8,-1,6,4,3,-2,2,1,2,2,0,8,3,5,-1,1,-4,-3,-5,1,0,2,4,3,-7,1,-1,2,2,3,-1,2,-5,2,2,2,-1,3,-1,1,-6,1,-5,-2,-1,2,0,2,-3,0,1,2,3,0,1,4,-3,6,-2,0,-2,4,-4,0,1,3,-1,3,-3,-3,-4,4,-4,-2,0,5,-3,2,-1,0,2,2,-1,1,-3,2,0,6,-5,-1,-1,2,-7,2,-4,-1,-2,1,-1,2,-2,0,-5,-2,-5,3,-1,2,-3,0,-1,-3,-1,-1,-2,4,0,2,-4,-2,-2,2,-3,-1,-2,1,-5,-2,-5,-6,-2,-4,0,-3,-2,1,-1,1,0,3,-2,0,6,8,2,7,0,3,-1,-1,0,1,-4,3,-3,0,-2,-3,-1,2,0,6,-1,0,-3,-1,-4,4,-6,-5,2,4,-2,2,-8,-3,-1,3,-2,0,-3,4,-5,1,-1,1,-7,0,0,2,-5,1,-3,4,-3,0,-1,-3,0,4,-4,4,0,2,1,2,4,1,1,1,-1,3,5,4,-1,4,-2,1,-5,1,-4,-1,-1,-2,0,-1,2,1,-1,-2,-2,-1,-2,-3,-1,-2,-4,-5,0,-6,1,-5,3,-1,0,-3,-2,0,-2,-2,-2,1,-3,-4,-1,0,1,4,-4,2,-4,1,-2,-1,1,-2,-1,-1,-7,-1,-4,-4,-1,-3,-3,0,2,7,-1,0,-3,-2,-1,3,-6,2;6420,1526,3,3,1,5,-3,3,-3,6,-2,14,-8,6,0,2,-5,1,-2,3,-4,1,-11,-3,-8,-4,-3,-10,-1,-10,12,-11,-2,-1,1,-2,6,-1,2,-2,10,0,1,-2,4,1,2,1,-1,-2,5,2,0,-3,1,-1,5,4
CO	2426,1730,-15,5,-7,12,-5,2,-5,7,-5,9,-4,18,-9,15,4,0,3,-2,2,3,4,1,2,12,5,6,1,2,0,5,-2,3,-1,12,2,2,4,1,3,7,1,2,3,1,6,-1,11,1,8,-3,8,3,6,1,14,21,2,-1,2,1,4,-2,3,0,11,1,12,-2,1,-1,7,1,2,1,0,4,0,3,-3,2,-2,7,-4,7,-1,19,4,17,8,11,-1,2,-11,11,-1,3,2,-1,4,1,1,2,7,8,2,9,5,17,0,3,-4,1,-1,-13,-6,-10,-3,1,-6,7,-3,1,-2,-1,-4,-5,-1,3,2,4,-26,-1,-5,-1,-6,2,-1,16,12,0,3,5,1,5,-3,1,-5,-3,-7,4,-6,0,0,18,3,5,7,5,0,6,2,4,2,2,1,5,-11,76,-8,-10,-5,1,-4,-2,14,-26,-1,-2,-12,-7,-7,-5,-5,3,-5,1,-8,-5,-5,4,-5,2,-4,1,-5,-2,-4,1,-3,0,-5,-3,1,-5,-2,-6,-6,-4,-1,-6,-3,-5,-5,-1,-4,-4,-4,-2,-2,-3,-2,-7,-5,-5,-3,-2,-1,-2,-3,0,-5,-4,-2,0,-1,1,-7,-4,-4,0,-6,-7,-5,-2,-2,1,-1,3,-2,1,-5,-1,-2,1,-6,-3,-7,-1,-1,-6,-4,-2,-1,-3,-3,0,-11,-6,-8,-5,-7,-9,1,-3,4,-3,5,2,0,-4,-1,-3,1,-7,4,-4,1,1,1,-1,5,0,5,-6,1,0,3,-4,0,-4,3,-1,3,-6,2,0,6,-15,-2,2,-2,-1,0,-4,-2,3,-2,-3,1,-5,-3,1,4,-5,2,-8,-1,-3,-1,-14,-3,-3,5,-4,2,-3,-5,-10,0,-2,2,0,1,-8,-2,-3,-2,0,-7,-13,2,-5,2,-3,-1,-4,2,0,2,4,1,-1,4,-3,1,-3,3,-4,-5,-13,2,-4,1,1,1,3,9,10,-1,2,0,2,2,0,1,-2,0,-7,-1,-4,-2,-3,15,-10,3,-7,3,-3,2,-1,6,-1,1,-2,-1,-5,2,-10,1,-2,0,-1,-3,3,3,-5,3,-7,14,-13,9,3,3,0,-4,2,-1,2,3,2,6,-14,2,0,9,1,8,0,13,-11,11,-4,3,-8,4,-1,6,-5,5,0,5,2,2,8,-4,4;2265,1965,-1,-1,0,-2,1,3
CR	2173,1788,-2,2,-3,-3,-3,4,-1,10,4,2,1,1,-5,5,2,3,-1,4,-4,3,3,4,0,3,-5,-7,0,-6,-3,-2,-2,-2,-2,1,4,5,0,2,-7,-2,-3,-3,3,-5,0,-6,-6,-6,-7,-4,-7,-3,-2,-2,0,-3,-1,-3,-7,-6,-4,-3,0,4,1,2,5,2,1,3,-5,6,-4,-6,-7,-2,-4,-6,0,-4,0,-3,4,-6,1,-3,-5,-3,3,-3,1,-1,3,-4,15,6,5,-2,7,2,4,5,5,1,5,-2,2,-3,3,12,6,10,2,1,6,9,4,2
CU	2224,1446,6,1,7,-1,2,3,11,-1,6,4,6,0,2,1,3,0,-1,2,4,2,2,4,5,4,13,1,11,7,6,5,4,2,3,1,-1,-3,1,1,7,5,-1,1,-4,0,3,3,3,-2,5,4,-1,2,4,-1,1,2,8,2,4,2,8,1,2,3,-2,2,2,2,-4,0,0,3,12,0,7,1,7,7,7,2,0,3,-2,3,-9,0,-11,4,0,-3,-4,3,-5,0,-5,-1,-8,-1,-35,3,5,-5,10,-9,1,-2,-3,-4,-16,-1,-3,-2,-7,-7,-1,-9,-2,-4,-2,-1,-8,2,-4,-1,-18,-7,-5,-7,0,2,-12,-1,-2,-4,-2,3,-1,1,-2,0,-1,-2,-9,-1,-4,-4,8,-3,0,-3,-2,-2,-20,0,-15,12,-12,1,-3,6,-11,4,0,-4,-7,3,-1,-2,13,-5,-1,-4,1,-3,8,-7,18,-8,13,-2,13,-4,5,1;2311,1477,-1,0,-4,-3,0,-1,6,1,-1,3;2304,1468,-3,-1,-2,-2,3,-1,2,4;2292,1461,6,1,1,2,-6,0,-2,-1,-1,-1,2,-1;2307,1472,-3,-2,1,-2,3,4,-1,0;2203,1486,-7,3,-2,0,-2,0,-2,-3,0,-1,2,2,2,-1,-1,-5,2,-4,6,1,2,8;2277,1459,-4,-2,-2,-2,6,4
CV	3448,1602,-3,1,-1,-4,5,-3,2,1,1,2,-4,3;3484,1651,-1,3,-5,-2,-1,-2,1,-7,6,8;3454,1606,-3,0,-1,-1,3,-2,1,3;3497,1620,3,1,2,1,-1,3,-2,2,-3,-2,1,-5;3465,1655,-3,1,-1,-3,0,-1,2,-2,2,1,0,4;3471,1611,2,1,-5,-1,-2,3,-1,-3,0,-2,6,2;3498,1610,-1,1,-1,-2,0,-3,1,-1,1,5;3490,1648,-1,-1,1,-4,1,0,1,2,0,2,-2,1
CW	2483,1725,-2,1,-4,-3,-3,-4,0,-2,2,1,1,3,4,2,2,2
CX	6337,2293,0,2,-3,-2,1,-1,2,-1,0,2
CY	4712,1147,-3,-1,-4,2,-3,-1,-1,1,-2,-4,-4,0,-6,2,-4,-2,3,0,1,-5,8,1,6,-1,19,-7,-12,9,0,2,2,4;4685,1144,4,2,6,-2,4,0,2,4,1,-1,3,1,4,-2,3,1,1,2,-7,0,-5,6,-6,1,-2,1,0,2,-2,0,-2,-2,-3,0,-6,-2,-3,-6,-1,-3,2,1,4,-3,3,0
CZ	4364,788,-4,0,-8,6,-1,5,-6,4,-5,2,-7,-1,-3,6,-2,-2,-6,-3,-4,2,-6,-1,-5,-2,-16,-4,-1,6,-2,1,-2,3,-4,0,-2,1,-4,0,-3,-1,-1,-2,-9,-7,-2,0,-11,-9,-2,0,-2,-2,-7,-8,2,-4,-6,-5,-2,-4,1,0,2,2,5,-5,4,-1,4,1,1,-2,3,0,4,-3,1,0,2,-2,15,-5,-2,-2,0,-1,5,1,2,3,2,1,5,-2,0,-3,5,2,2,3,8,2,5,3,5,-1,2,1,1,1,0,1,-3,3,9,7,6,-3,-2,-4,5,1,5,3,6,-2,0,2,-2,2,1,1,5,3,3,-1,5,3,5,1,1,3,5,3,0,3
DE	4187,837,-7,-4,-6,0,-6,-3,-3,3,3,1,-3,1,-10,1,-7,-1,0,-5,1,-9,4,-12,5,-6,0,-2,-10,-2,-4,-2,-7,1,-1,-2,-2,-1,-3,1,-4,-5,-4,-2,2,-8,-4,-2,-3,-3,0,-2,1,-4,3,-2,0,-3,-3,-2,1,-2,-5,-3,1,-4,-4,-3,5,-3,-1,-2,2,-5,-5,-9,4,-1,4,1,7,-2,1,-2,-1,-2,5,-5,0,-3,-5,-1,-1,-2,1,-3,5,0,2,-8,0,-7,-2,-2,0,-5,2,-2,15,-1,3,4,-1,1,3,1,1,-4,3,2,1,3,0,-9,1,-2,6,1,5,-1,8,6,4,1,-3,-1,-7,-6,-6,-2,-1,-1,-1,-7,-2,-1,-3,0,0,-2,6,-2,0,-1,-6,-6,0,-3,4,0,7,2,7,-1,5,2,2,2,1,3,-3,2,5,0,1,2,3,-1,7,3,5,-2,1,3,0,2,-4,3,2,2,4,-1,5,2,7,-5,6,0,8,-8,9,2,2,3,6,3,5,0,4,7,3,2,4,1,4,13,-4,8,7,5,3,3,-1,4,2,3,2,4,-2,6,3,5,0,2,3,2,3,5,-1,6,-3,4,-3,-1,-2,-3,-4,-1,-1,1,2,2,-15,5,-2,2,-1,0,-4,3,-3,0,-1,2,-4,-1,-4,1,-5,5,-2,-2,-1,0,2,4,6,5,-2,4,7,8,2,2,2,0,10,9,3,0,6,5,-1,4,-1,2,-4,-1,-2,5,-9,4,-3,2,4,6,-1,4,3,0,1,1,-1,5,-4,-2,-1,-2,-2,-1,-4,1,-5,-2,0,2,-9,1,-8,4,-5,1,-2,0,-2,-3,-8,-1,-2,4,-3,3,0,-2,-3,-1,-2,-3,-4,-2,-4,2;4256,670,0,3,-5,-2,-2,3,-3,-2,-1,-6,1,-2,4,-1,1,2,3,1,-1,2,3,2;4266,681,0,2,-5,-1,-1,-2,-2,-2,0,-1,8,4;4210,670,-5,-2,1,-1,3,1,1,2;4154,661,0,-3,2,-4,1,0,-1,4,4,0,-5,1,-1,2;4160,662,-4,0,2,-1,2,1
DJ	4955,1739,-7,13,-8,-2,-13,4,-3,-1,-1,-18,13,-21,6,3,3,-6,6,-2,6,9,1,4,-1,3,-7,6,-5,2,-3,5,-3,0,1,2,10,-3,5,2
DK	4232,637,-1,3,-4,2,-1,3,3,1,1,3,-6,2,0,9,-3,1,-3,-3,-2,-7,-7,0,-2,-3,0,-3,-2,-4,-2,-1,-1,-1,7,-1,2,-5,3,0,1,1,1,4,2,1,2,-4,-2,-2,7,-4,6,2,1,0,-1,3,1,3;4181,660,-2,-1,-7,1,-7,-2,-4,0,-2,-6,2,0,-2,-6,-9,-5,1,-8,-2,-4,0,-11,8,1,2,1,1,-3,2,-2,4,-1,2,2,1,-8,-5,0,-4,7,-5,2,-4,-3,0,-2,3,-3,3,-3,15,-1,9,-10,5,-1,6,-3,-3,5,2,2,0,5,-3,6,0,9,4,2,7,0,1,2,-1,3,-2,1,-3,1,-3,-1,-2,1,-1,8,-6,1,3,2,-8,6,2,5,-4,6,4,0,2,1,0,4;4196,641,4,7,0,4,-3,2,-3,0,-9,-2,-3,-5,0,-4,8,-2,4,1,2,-1;4211,658,7,2,1,3,-6,1,-8,-3,0,-4,4,0,2,1;4200,662,-3,-3,6,-7,-3,10;4233,656,-4,0,-3,2,-1,0,3,-4,5,2;4234,642,-2,0,-1,-1,2,-1,1,2;4195,659,-3,0,-3,-3,6,3;4187,658,-5,0,-1,-4,5,2,1,2;4195,637,-1,0,0,-5,2,3,-1,2;4201,603,-3,0,4,-2,1,0,-2,2;4280,655,-8,-2,1,-4,7,3,0,3
DM	2652,1645,-2,1,-1,-8,0,-2,3,1,1,1,-1,7
DO	2429,1575,1,-8,-3,-1,-2,-5,3,0,3,-3,0,-4,-1,-3,4,-4,-2,-3,2,-5,-1,-6,2,-4,3,-1,7,1,6,-1,7,3,4,0,5,4,5,-1,2,8,2,1,9,0,2,1,-2,2,-6,0,-1,2,16,3,4,2,7,8,-3,4,-5,6,-5,-5,-8,-1,-11,0,-5,2,-4,3,-7,1,-3,-3,-9,1,-1,1,-1,4,-8,11,-4,-3,0,-5,-2,-2
DZ	4178,1100,1,2,-3,2,-2,3,-3,3,3,4,-2,14,2,4,0,6,2,5,-3,6,0,6,-3,4,-5,4,-2,4,-5,4,0,7,5,14,8,5,2,3,3,10,15,12,12,46,-4,3,7,12,4,12,1,5,-1,10,3,20,-4,11,2,7,2,5,0,6,-1,2,-8,5,-1,5,13,21,1,7,2,6,3,5,3,3,6,-2,18,6,10,20,-96,67,-36,35,-54,12,-5,-3,0,-1,3,-7,-1,-3,0,-6,-2,-2,-15,-5,-5,-5,-10,-2,-1,-1,-2,-4,-10,-7,0,-7,-123,-93,-89,-63,1,-35,22,-17,4,-1,7,-5,11,1,3,-2,1,-4,10,-1,12,-3,6,-5,4,-8,14,-5,7,-6,7,-1,1,-3,-4,-3,1,-4,-2,-7,2,-1,7,-1,9,-3,2,-5,1,-1,9,-1,26,0,0,-6,3,-3,0,-2,-8,-6,-4,-13,1,-7,-2,-5,0,-10,-2,-5,2,-2,-3,-4,1,-3,-7,-6,-1,-3,6,0,5,-2,7,-5,5,-5,14,-7,8,0,4,-5,4,-3,13,-7,6,-2,28,-2,8,-4,11,-1,5,-2,21,0,11,6,9,-4,7,-1,4,-2,1,-3,4,-1,2,2,7,2,6,-1,0,-3,4,1,10,5,14,-2
EC	2327,2031,-4,2,-4,-1,9,12,0,9,-2,0,-1,-1,-4,15,-11,15,-13,11,-26,11,-7,9,1,3,-2,1,-1,-3,-1,0,-2,10,-5,14,0,6,-5,3,0,4,-3,3,-6,-1,-4,-7,-1,-3,-3,-2,-3,0,-8,-4,-5,4,-2,-1,2,-5,-3,-1,0,-4,1,-1,3,1,3,-4,-2,-11,-1,-1,3,-2,5,-4,5,-14,-3,-6,0,-7,-1,2,0,7,-1,3,-2,0,0,-5,-6,9,-3,-2,-6,-6,-5,-3,-1,-2,4,-3,0,-4,-2,-7,1,-6,-2,-8,1,-3,6,-3,2,-6,4,0,-2,-1,-2,-5,7,-9,2,-4,1,-7,-1,-9,1,-1,3,-1,3,-3,3,0,4,-2,12,-4,2,-2,-1,-4,4,5,11,7,8,4,3,0,1,3,4,2,1,6,7,1,6,3,2,-1,5,1,2,-1,1,-3,2,-1,5,2,6,7,4,0,7,4;2221,2104,-1,1,-2,-1,1,-6,3,-2,2,0,2,1,-4,3,-1,4;2247,1997,-1,0,-1,-1,2,-1,0,2;1993,2048,-5,-2,1,-3,1,-1,4,-1,2,2,0,2,-3,3;2013,2052,-2,1,-2,-2,4,-4,3,-1,1,1,-4,5;1969,2040,-5,0,0,-4,4,-1,1,2,0,3;1991,2063,-2,-2,1,-1,2,1,-1,2;1972,2028,1,2,1,4,5,5,0,5,4,4,-3,4,-5,2,-6,0,-2,-4,4,-3,4,-3,0,-1,-5,-7,-2,-7,-2,1,-1,-1,2,-3,3,0,2,2;1987,2037,-1,1,-4,-1,-1,-1,2,-3,5,3,-1,1
EE	4496,596,-7,-2,-9,2,-3,-1,-7,-6,-13,-5,-1,1,-2,-1,-14,4,2,-10,0,-1,-4,-1,-1,2,-2,1,-7,-2,-6,-7,0,-2,3,-1,-3,0,-2,-3,1,-2,-1,-1,0,-4,5,-2,5,0,-1,-2,2,0,4,-2,19,-1,1,-1,-1,-2,20,2,7,2,17,1,1,-1,3,2,-4,2,-1,6,-5,6,4,8,0,5,4,7,3,1,-4,2,-2,3,-1,3;4406,571,7,0,7,4,-4,0,-6,5,-7,0,-1,2,-2,4,-2,1,-1,-2,3,-3,-6,-3,0,-1,2,-2,-3,-2,8,-1,0,-1,5,-1;4411,566,-1,1,-2,-1,-1,3,-2,0,-2,0,-1,-4,-7,-2,7,-1,3,-2,2,2,3,0,3,4,-2,0;4420,572,-6,-1,2,-2,3,1,1,2
EG	4802,1475,-118,0,0,-3,-1,-2,-3,5,-1,0,-136,0,-3,-73,-6,-107,-7,-26,3,-6,1,-6,-3,-16,5,-8,0,-1,2,4,4,0,10,-3,29,6,7,5,6,0,3,2,12,2,12,5,8,-2,10,-8,6,-1,3,-5,11,-2,-7,3,9,-1,1,-3,10,3,8,-2,5,5,-5,-3,-2,5,5,1,2,4,2,-1,2,-2,-2,-2,9,5,11,-2,1,2,4,-1,6,0,5,-2,6,-3,13,28,7,18,-3,5,-2,13,-3,10,0,9,-4,6,-3,-1,-7,-6,-12,-13,-3,-10,-10,-14,-4,-11,-2,1,0,2,-2,5,6,8,1,8,7,11,15,17,0,7,4,7,4,4,3,13,15,24,16,31,6,8,7,6,-5,0,-1,4,1,8,5,13,5,5,7,3,4,5,10,8,1,2
EH	3811,1333,3,0,-1,42,-72,0,-2,63,-7,4,-6,1,-9,7,-3,5,3,37,-86,0,-3,13,-1,-1,3,-14,21,-2,23,1,5,-1,3,-6,0,-3,9,-11,3,-20,5,-15,3,-3,10,-4,7,-13,12,-9,9,-29,7,-3,5,-9,4,-4,0,-3,-1,-4,14,-3,4,1,6,3,5,-1,5,1,2,0,7,-6,13,0,1,-2,-1,-12
ER	4804,1670,-3,-22,2,-3,7,-26,-1,-8,2,-5,1,-6,8,0,3,-7,5,-3,10,-4,7,-10,11,23,7,29,3,4,2,6,2,0,1,2,4,8,1,-2,-1,-3,1,-3,4,3,2,5,2,3,8,2,6,5,8,3,11,16,14,10,4,9,2,0,5,5,2,4,4,2,0,-3,2,2,1,3,-6,2,-3,6,-5,-3,-2,1,-6,-7,-4,-3,-4,-8,-10,-8,-12,-15,-7,-3,-8,-6,-6,1,-8,-3,-7,2,-2,-3,-2,-1,-5,3,-8,2,-5,-6,-5,-2,-2,-3,-7,18,-1,0,-6,-8,-3,1,-2,4,-5,-1,-6,1;4880,1624,1,3,-3,-2,2,-1;4882,1634,1,1,2,-1,3,2,0,1,-9,-1,-1,-2,3,0,-3,-1,1,-2,-1,-2,3,1,1,4
ES	4033,1056,-4,0,0,-1,1,-1,3,2;4064,1028,2,1,4,0,1,2,-4,7,-4,2,-5,-2,-3,-4,-1,0,-3,2,-2,-2,0,-1,11,-8,5,-1,-1,4;4088,1027,-9,-3,0,-3,4,0,4,1,1,3,0,2;4030,1050,-1,2,-3,-1,0,-2,2,-3,4,-1,1,2,-3,3;3964,938,2,3,6,1,-2,5,1,0,3,-1,2,2,9,2,3,3,6,0,5,3,5,-1,9,1,1,-4,13,4,2,2,0,4,5,-1,5,2,1,1,4,-1,10,2,1,-2,3,-1,7,0,2,4,-3,1,0,2,2,2,0,4,-5,4,-14,7,-5,5,-21,6,-6,5,3,3,-6,3,-14,18,-5,9,3,11,3,5,4,1,1,2,-15,11,-6,14,0,1,2,2,-1,1,-11,1,-7,4,-3,4,-3,8,-5,5,-3,-2,-3,-1,-7,3,-7,-1,-6,1,-9,-1,-11,1,-6,6,-6,0,-5,2,-4,7,-1,-1,-1,2,-3,2,-4,-2,-5,-3,-4,-5,0,-5,-3,-1,0,-2,4,-5,-2,0,-2,2,-2,-3,-8,-6,1,-2,-3,2,-9,1,-1,-11,4,-8,2,-2,4,-1,1,-4,-3,1,-4,-7,1,-7,5,-5,1,-3,-3,-2,-4,-9,-4,-5,9,0,3,-3,2,-6,-3,-3,5,-5,-1,-2,1,-8,-2,-6,7,-8,6,-3,2,-3,-2,-2,-5,-1,0,-5,-1,-1,-11,-1,-1,2,-4,1,-11,-1,-4,2,-2,-2,2,-3,-1,-3,-1,0,-7,2,-5,3,-1,-4,4,-5,-2,0,2,-3,-2,-2,0,-4,-4,1,2,-5,-2,0,-4,-4,1,-5,7,-4,4,0,6,-2,2,-1,0,-3,5,-3,7,-2,3,1,5,4,4,1,20,-1,5,-2,3,2,23,4,19,-3,11,4,3,-2,11,3,7,0,4,-2;3650,1315,-2,6,-3,3,-2,0,-5,-8,7,-2,6,-4,4,0,0,1,-5,4;3707,1301,-2,2,-2,0,1,-4,7,-3,1,-3,1,1,-1,5,-5,2;3696,1320,-3,3,-4,-1,6,-3,5,-12,3,-1,1,4,-3,8,-5,2;3670,1321,0,7,-1,1,-3,2,-3,-1,-2,-3,0,-2,3,-4,6,0;3631,1324,-1,-1,-1,-2,1,-2,3,3,-2,2;3616,1329,-2,4,-4,-3,3,0,2,-2,1,1;3618,1312,-3,-7,1,-2,3,0,2,3,-1,4,-2,2
ET	4782,1891,-4,-5,-2,-5,-1,-4,-6,-16,-5,-6,-4,-2,-5,-6,-1,-4,-3,-3,-5,-4,-13,-4,-2,-1,0,-2,6,-12,15,-1,3,-3,-1,-24,2,-8,3,-9,-1,-8,3,-7,3,-2,5,3,3,-3,0,-10,3,-13,3,-4,9,-17,9,-2,1,-10,5,-13,2,-16,6,-1,5,1,2,-4,3,-1,6,8,1,0,7,-18,2,3,5,2,5,6,8,-2,6,-3,3,4,7,-2,8,3,6,-1,8,6,7,3,12,15,10,8,4,8,4,3,6,7,-12,20,1,18,3,1,13,-4,8,2,-5,10,4,10,6,7,2,1,3,7,4,6,3,1,9,8,66,26,23,0,-34,37,-32,40,-21,-1,-9,3,-10,5,-2,2,-4,6,-18,5,-3,4,-17,0,-8,-8,-21,11,-4,7,-3,3,-32,-5,-26,-19,-20,-2,-5,-8,0,-9,-1,-5,-6,-2,-3,2,-2,-1,0,-2
FI	4404,408,-5,-7,-4,-3,-1,-5,2,-2,1,-5,-7,-7,-1,-2,2,-2,-1,-2,-5,-1,1,-3,-2,-6,2,-1,-6,-4,-2,0,-2,-3,-4,-2,-15,-4,-19,-8,0,-1,-5,-2,7,0,1,-1,-2,-3,3,-1,6,0,13,9,2,3,15,2,6,-2,2,-2,19,5,2,-1,2,-4,5,-1,2,-3,-1,-6,2,-8,7,-6,10,1,6,-3,5,-1,10,5,12,4,4,4,-6,6,0,2,3,2,-9,2,7,2,-3,7,5,7,11,2,12,8,1,3,-10,10,-1,3,0,2,18,17,5,6,0,3,-6,1,2,1,-1,2,1,3,-1,2,3,1,1,1,-3,3,0,1,4,4,6,1,0,2,-1,3,3,4,7,3,1,3,-4,6,-3,2,8,5,15,7,7,6,1,1,-3,7,-28,29,-24,18,-4,1,-5,-2,-11,3,0,-5,-3,5,-3,0,-4,-1,2,3,-5,1,-2,-1,-8,3,-10,2,-2,2,-18,1,-4,3,-3,1,-1,0,4,-5,-4,-2,-2,-2,-1,0,-1,3,-5,1,-1,-3,2,-2,-2,-1,1,-2,-6,-1,-7,-2,-1,-2,-3,1,-4,-2,-3,-9,2,-6,-1,-4,1,0,-1,-2,1,-1,-5,-7,-2,-2,0,-6,0,-2,-3,-1,-2,-6,1,-3,4,-3,0,-2,3,0,-3,-4,6,0,7,-2,-1,-3,1,0,0,-2,1,1,2,-2,0,-2,3,-1,12,-8,1,0,1,-2,9,-9,3,-6,7,-2,6,1,-2,-2,2,-2,-2,-3,0,-7,-12,-4,-2,-2,0,-2,-3,2,-5,-1;4389,531,-3,-1,0,-2,3,3;4365,465,2,0,1,1,-2,1,-4,-3,3,0,0,1;4392,530,3,0,2,2,-2,0,1,3,-2,0,-3,-3,1,-2;4379,526,0,2,-3,0,-2,-4,5,2;4387,535,-2,1,0,-1,2,-1,0,1;4383,536,-2,0,2,-1,0,1;4420,426,-5,0,0,-1,3,-1,3,0,-1,2
FJ	7953,2436,-11,9,-2,2,0,3,9,-6,-2,4,1,2,-12,2,-2,-3,-2,0,-6,5,-2,0,-5,2,-1,-5,-2,0,3,-4,2,1,3,-1,4,-4,9,-2,5,-3,11,-2;7908,2466,-1,1,6,6,-1,2,0,9,-8,1,-5,3,-4,0,-10,-3,-3,-1,0,-6,4,-3,1,-3,2,-2,8,-4,3,0,6,-2,2,2;53,2455,-2,-4,3,-2,1,2,-2,4;7948,2456,-2,0,-1,0,4,-5,-1,5;7902,2506,0,1,-3,1,-1,-1,-4,3,-3,1,-1,-1,9,-5,3,1;81,2481,-2,-1,2,1;87,2488,-2,-1,2,-1,0,2;97,2480,-3,0,1,-1,2,1;77,2463,-1,1,0,-2,-1,-2,3,2,-1,1;98,2511,-1,-1,1,1;69,2505,-1,2,0,-2,1,0;7886,2460,-1,1,1,-2,2,-1,-2,2;7933,2466,-1,0,0,-3,1,0,0,3;7926,2484,-1,-2,1,-2,0,4;7917,2475,-1,0,0,-1,2,-2,-1,3;51,2444,-1,1,-1,-1,2,-2,0,2;48,2435,-1,1,1,-2,0,1;7950,2445,1,-1,-1,1;7907,2343,-2,0,2,0;7799,2575,0,-1,0,1;104,2549,0,-1,0,1
FK	2876,3312,3,2,5,0,2,1,0,1,-2,0,0,1,6,3,-2,-4,7,0,3,2,-2,1,0,1,3,1,0,2,-6,1,-2,3,-6,1,2,4,-11,-2,4,4,-5,1,0,2,-7,-4,0,-1,1,-3,-1,-1,4,-4,3,-2,-2,-4,3,-4,-1,-2,1,0;2850,3317,3,0,4,-2,4,1,4,0,1,-1,3,1,-7,13,-6,1,-1,3,-3,2,-3,-1,-6,-3,2,-2,4,0,5,-5,-1,-1,-4,1,-2,-1,6,-2,-7,-3,-2,-4,6,3;2839,3325,3,0,0,4,-2,0,-3,-3,2,-1;2890,3330,1,2,-3,-1,2,-1;2853,3315,-3,0,-1,-2,4,0,0,2;2868,3335,-1,1,-2,-3,3,1,0,1
FM	7616,1895,0,1,-1,-1,1,0;7057,1790,-2,2,2,-4,1,1,-1,1;7360,1844,-2,0,2,-1,0,1;7365,1842,0,-1,1,0,-1,1;7509,1857,-3,1,-1,-4,1,-1,2,1,1,3
FO	3885,498,-1,0,-4,-2,4,0,1,2;3883,506,-3,-2,-1,-2,3,1,1,3;3875,490,2,2,-2,0,-3,0,-1,-2,4,0;3885,488,-1,3,-3,0,2,3,-5,-3,-2,-4,3,-1,6,2;3889,487,-1,2,-2,0,0,-4,3,2
FR	4191,953,0,4,1,2,1,11,-3,5,0,6,-3,7,-8,-5,1,-2,-3,-2,0,-4,-2,0,1,-4,-2,-2,-1,-1,2,-2,-2,-2,3,-4,2,-2,4,-1,2,-2,4,0,1,-7,2,1,0,4;4149,835,-5,4,-3,0,-1,-2,-3,1,-2,2,2,2,-6,7,-4,2,-1,4,-5,4,-1,4,1,2,-1,2,-2,2,1,2,4,-2,1,-1,-1,-2,4,-3,7,1,1,3,-1,3,5,6,-4,3,0,1,7,9,-1,4,-5,2,-3,0,-1,1,0,1,2,4,5,2,1,3,-3,5,1,4,8,5,7,-1,1,2,-4,6,0,2,-2,0,-4,3,-9,7,-3,4,-9,4,-6,-1,-3,-2,-5,-1,-2,-3,-5,-1,0,-2,-7,2,-10,-3,-4,-2,-2,0,-13,9,-5,7,1,8,3,4,-7,0,-3,1,-1,2,-10,-2,-3,1,-7,-3,1,-3,-5,-1,-1,1,-2,-2,-12,-4,-1,0,-1,4,-9,-1,-5,1,-5,-3,-6,0,-3,-3,-9,-2,-2,-2,-2,1,-1,0,1,-5,-6,-1,-2,-3,3,-1,3,-3,5,-24,2,-3,2,-1,-2,-2,-2,3,1,-12,3,-10,5,4,2,7,3,3,-2,-3,-3,-9,-8,-6,0,-1,4,0,-3,-14,-4,-1,-8,-4,-6,-7,0,-3,1,-2,-3,-4,2,-2,1,0,6,1,-5,-2,-7,1,-3,-1,-1,-2,2,-2,-2,-1,-4,0,0,-2,-1,-1,-3,1,-4,-3,-5,0,-9,-3,-8,0,-3,-3,-4,-2,7,-3,-5,-3,6,-1,-3,-1,-6,0,-1,-2,1,-2,4,-2,9,-2,7,-1,5,-2,4,-1,5,2,6,6,4,-3,8,0,1,2,2,-3,1,1,9,0,-3,-4,-1,-10,-4,-7,-1,-4,12,0,0,4,2,3,19,2,11,-4,-5,-1,1,-5,8,-4,12,-3,7,-6,-1,-1,0,-11,2,-3,5,-3,11,-3,2,6,3,3,1,1,6,-2,2,3,1,3,6,1,2,4,1,0,4,0,4,2,0,2,1,2,-1,2,1,1,7,0,5,-5,1,1,-2,4,2,4,8,3,5,4,5,-1,4,2,5,-1,6,3,4,5,3,-1,2,1,1,2,7,-1,4,2,10,2,0,2,-5,6,-4,12,-2,12,2,2;3977,876,-1,3,-3,-4,0,-2,4,3
GA	4295,1974,-2,10,-1,3,2,7,-1,3,1,0,14,-4,7,1,6,12,0,2,-3,5,-2,2,-3,0,-3,5,-1,4,-1,10,5,2,3,4,3,1,3,2,-2,10,1,11,-2,12,-2,3,-2,6,0,3,-2,3,-2,0,-3,0,0,-4,-3,-4,-6,6,-10,-2,-5,-10,-4,-2,-4,2,1,5,-1,5,-8,2,-3,-1,-5,1,-2,-1,-1,8,-1,4,2,1,3,3,-1,3,0,2,5,3,-2,6,1,3,-1,1,-4,-1,-4,-4,-6,5,-2,5,-4,-6,-7,-7,-6,-9,-13,-13,-1,-1,6,3,1,-1,-9,-5,-2,-5,-5,-6,4,1,0,-2,-5,-1,0,-3,-5,-10,6,8,5,-1,-1,-1,-1,-1,-4,0,2,-5,-4,2,-3,-3,-8,-17,3,3,3,-1,4,-3,4,-5,1,-8,-1,-8,1,-2,2,5,8,3,0,-2,4,-2,-5,0,-5,-3,-5,-6,0,-2,4,-1,3,2,-1,-11,4,-1,1,2,2,1,3,-1,29,0,0,-33,42,1,1,2
GB	3949,737,-12,5,-5,0,-6,-4,-7,0,3,-2,-5,-2,-5,0,-5,3,-5,-2,-1,-4,-1,0,3,-3,14,-5,4,-3,4,-5,-2,-2,1,-2,-2,-3,1,-2,-11,2,1,-2,7,-6,9,-4,8,-1,5,2,-1,-3,1,-1,3,3,3,0,-3,-1,-3,-4,3,-5,-2,-1,0,-2,0,-1,3,-1,0,-6,-5,1,-8,-8,0,-2,3,-5,3,-3,5,-1,-10,0,-8,4,-3,0,-2,-2,-5,2,-6,-2,-1,4,-3,-2,-1,-2,-1,-3,2,0,8,-12,-1,-3,-3,-2,0,-4,2,-2,4,1,-5,-3,1,-3,-3,3,-3,1,-2,3,0,-4,4,-4,-8,5,1,5,-4,9,-1,2,-3,-1,2,-6,4,-4,-3,-1,2,-10,7,-12,-8,6,-4,-1,-2,-3,-3,-1,7,-3,-2,-1,5,-5,1,-3,-2,-2,-2,-1,0,-2,4,-2,-2,-1,-1,-2,3,-5,8,0,-5,-4,2,-4,6,-1,-2,-3,1,-3,2,-1,3,0,1,1,4,-1,1,1,21,-3,4,0,-1,6,-2,2,-14,8,-1,3,3,1,-4,3,-1,2,15,-3,5,1,17,-1,4,2,2,4,-5,5,-4,9,-5,5,-3,3,-12,4,8,-1,4,2,0,1,-2,1,-4,1,-7,3,-8,-1,4,2,10,1,4,-2,4,0,8,3,9,8,8,21,10,4,11,10,-2,2,6,10,-7,-3,-7,0,6,1,8,5,3,4,2,4,-6,6,4,2,2,0,4,-4,9,1,6,1,5,4,1,1,1,5,-3,10,-5,3,-2,-1,1,3,-1,1,-5,0,-4,2,3,1,0,3,-9,3,2,-1,3,2,4,1,10,0,0,4,-7,4,-2,3,-3,-1,-11,4,-8,-1,-11,1,-12,-3,1,2,-3,2,-10,0,1,3,-1,0,-6,-1,-2,1,-6,-2,-5,0,-7,2,-6,9,-2,0,-8,-4,-10,3,-5,3,-3,3,-2,0,-4,-2,-3,2,-1,-2,2,-2,4,-1,9,-7,6,-6,1,-5,5,-1,2,-4,7,-1,13,1,14,-13,-5,3;3921,696,3,0,-1,1,-5,3,-4,-3,0,-3,5,0,2,2;3954,556,-2,0,1,-1,4,0,-3,1;3982,527,-3,-2,2,-3,2,1,-1,1,0,3;3977,526,0,2,1,-1,2,2,1,-1,-2,10,-2,3,-1,0,1,-6,0,-1,-3,1,-3,-3,5,-1,-2,-3,-2,-1,4,-2,1,0,0,1;3986,520,-1,3,-1,0,0,-3,2,0;3943,567,-2,0,-2,-3,2,0,2,3;3947,568,-1,-2,2,0,-1,2;3945,561,6,2,-2,1,-3,-1,-3,1,-1,-2,-2,0,1,-3,4,1,0,1;3951,557,-1,1,-1,-2,-3,-2,1,0,4,3;3879,618,-1,0,2,-1,1,0,-2,1;3906,645,-5,-1,-1,-3,2,-2,3,1,1,5;3894,624,-10,1,0,-1,3,0,1,-3,-4,-2,1,-1,3,-1,3,3,3,1,0,3;3887,634,1,5,0,1,-4,1,0,-4,-4,2,2,-4,5,-1;3890,636,-1,1,-1,-2,3,-2,-1,-1,1,-1,4,-2,-5,7;3888,577,-2,4,-4,2,2,0,0,2,-10,6,-2,-1,4,-3,-4,-2,2,-1,-2,-1,1,-3,6,1,-1,-3,10,-5,0,4;3885,610,-1,0,-1,-2,2,-1,0,3;3888,597,0,4,9,2,-5,5,-2,-1,0,-3,-5,0,-2,-3,-4,-1,-2,-2,4,-1,-1,-1,4,-1,1,-2,2,0,1,4;3869,593,2,1,-1,2,-6,-1,1,-2,4,0;3868,606,-2,0,-1,-6,3,0,0,6;3865,609,-3,0,2,-1,1,1;3884,677,-8,1,0,-2,-3,-2,-4,-4,-3,2,0,2,-3,2,-5,0,-5,-2,0,-1,-5,-4,8,-4,-3,-2,7,-2,3,-6,3,-2,2,1,3,-3,9,-1,6,0,5,8,3,2,0,1,-3,2,0,1,5,0,2,4,0,1,-4,-3,1,4,1,1,-1,2,-4,1,-4,4,-3,-1;3980,759,-4,3,-6,-2,5,-3,5,2
GD	2638,1727,-2,0,2,-5,1,-1,2,0,-1,5,-2,1
GE	4884,995,-1,-1,-4,-1,-2,-3,-9,-6,-3,0,-2,3,-11,-1,-2,1,-7,-2,3,-4,0,-7,-9,-17,-2,-2,-6,-2,-2,-3,-5,-3,-8,-2,-11,-7,2,-3,11,0,10,4,5,1,5,3,10,1,7,-1,4,1,3,0,5,2,3,3,15,6,0,3,2,1,3,0,10,-4,3,0,3,3,1,-4,6,2,5,4,7,1,0,7,8,4,5,1,5,3,-2,3,-2,1,0,2,3,3,9,6,0,3,-2,2,-2,0,-6,-3,-5,0,-4,-1,-1,-2,-9,-3,-5,4,-4,1,1,1,-12,0,-16,2
GF	2787,1970,5,-3,5,-9,0,-8,4,-8,0,-4,-7,-11,-2,-11,0,-13,8,-10,4,-9,2,-1,8,6,12,3,10,10,4,2,-1,5,2,-3,4,4,2,5,-1,4,1,-2,2,-5,1,0,3,10,0,5,-2,1,-5,8,-4,8,-4,5,-6,16,-2,4,-5,4,-7,0,-2,-3,-4,2,-5,-1,-1,-1,-8,5,-7,-2,-4,-3
GG	3951,788,0,2,-2,-1,2,-1
GH	3998,1749,2,3,-2,8,10,10,-1,15,-1,1,2,1,-2,1,-1,3,1,1,3,-2,3,2,-2,7,1,7,-3,2,1,3,5,4,1,4,-2,5,0,10,-2,5,0,3,3,2,-2,12,4,10,6,4,1,3,3,1,0,2,-3,2,-2,5,-4,1,-11,0,-14,6,-10,7,-15,5,-11,7,-2,0,-7,-4,-16,-4,1,-1,6,-1,1,-7,-1,-4,-4,-1,-1,-2,-4,-18,-1,-9,6,-10,0,-7,4,-12,4,-3,0,-2,3,-2,-3,-15,-2,-5,-1,-1,2,-6,-3,-11,1,-13,-1,-2,0,-3,-2,-4,1,-10,40,0,8,0,1,2,4,-4,2,0,1,-2,5,1
GL	3610,70,52,4,-82,3,-1,2,28,-2,38,0,25,-1,8,4,25,1,10,2,2,1,-1,1,-21,3,-87,3,-5,1,0,2,4,0,23,-2,36,1,7,2,3,3,11,-1,6,-4,24,-1,2,2,-3,5,-8,4,-20,6,-2,1,0,1,1,0,4,-2,28,-5,19,-5,5,0,1,1,22,2,20,-6,25,0,24,2,13,3,-24,6,-18,1,2,2,-4,2,-31,2,10,3,-8,2,-22,1,-18,-1,-11,4,-1,3,1,1,10,1,0,1,-3,6,4,0,1,2,0,1,-11,2,-5,4,-8,1,-8,3,2,1,0,1,-15,14,0,2,1,1,3,-1,9,-4,19,3,2,2,-3,1,-9,-2,-8,1,2,3,16,5,6,-2,7,1,1,2,-1,4,-5,3,-20,-3,-13,1,-11,3,-8,-1,-6,1,3,2,7,1,1,3,3,2,9,0,11,1,3,2,-2,2,6,5,0,7,-3,4,-4,0,-6,-3,-4,0,-7,3,-12,2,-8,-1,7,3,10,-3,2,1,2,3,-1,2,-4,3,2,0,5,-2,3,-5,4,0,3,0,5,7,4,2,0,3,-3,2,-13,0,0,2,-7,1,-7,1,-12,-3,4,-5,-2,-1,-1,3,-6,2,1,2,-2,3,2,1,17,1,10,2,-4,8,-16,1,-13,3,-13,-3,-7,-3,-5,-4,-6,3,-3,0,-12,-5,10,7,-9,2,-6,3,-6,0,-18,-3,2,1,9,2,-4,2,-13,1,3,1,3,-1,7,0,21,-3,6,-3,14,0,4,0,9,5,3,0,2,2,12,3,-1,6,-2,5,-3,1,0,2,-1,2,-26,-7,-4,-4,-2,-7,-33,6,4,1,25,-4,1,6,-1,2,-8,2,1,1,9,-2,14,6,15,5,2,3,6,0,-10,5,0,2,1,3,2,-4,6,-1,3,0,0,6,-1,7,1,7,-2,1,-5,0,-7,0,1,-8,-2,1,-3,6,-1,2,-10,-1,-7,-2,-3,-2,-1,-3,-1,-5,-4,-3,-19,-7,-19,-2,-1,1,1,1,19,1,2,3,0,2,-2,1,-17,5,-26,-1,6,2,-2,4,-18,5,9,0,8,1,22,-1,2,1,-1,1,-11,2,-6,3,-2,2,4,1,6,-5,15,0,10,-3,29,5,22,0,1,0,-2,2,-12,3,-1,0,0,2,-13,1,2,3,-1,0,-9,0,1,3,-1,1,-16,3,1,3,-7,2,-4,3,-13,5,-47,8,-10,0,-6,2,-8,-1,1,3,-7,1,-6,-1,-13,-7,1,4,-3,1,2,3,0,2,-18,7,-8,6,-1,3,-13,11,-3,2,-3,0,-5,4,-10,4,-4,0,-6,-4,2,7,-15,7,1,-3,-2,-1,-4,4,-4,1,-2,-2,-5,1,-2,3,-6,2,-3,-1,-1,-2,5,-3,1,-3,11,-7,-9,-1,-6,0,6,2,-4,3,-5,5,-5,-2,0,2,4,1,-1,3,-8,2,-26,1,-1,1,9,4,-7,4,-6,2,-7,-1,-7,0,0,5,6,-1,5,10,-6,3,-4,1,0,1,-2,1,-13,-2,8,4,4,-1,3,1,-2,5,0,4,-4,2,-1,3,-5,0,0,2,-2,2,0,1,-7,5,-7,0,-5,-3,1,2,7,3,-7,6,-3,1,-15,-1,4,2,9,1,-3,3,1,1,-4,6,2,3,-1,3,-3,2,-6,2,4,0,-1,2,-9,12,-3,7,-8,6,-15,-2,0,1,1,1,9,1,1,2,1,1,-2,6,-4,3,-5,0,-6,-2,4,4,-5,1,-3,-1,1,-2,-3,1,-3,-1,0,-2,5,-4,2,-1,-1,-1,-9,6,-12,-4,2,-4,7,-2,6,-5,-7,4,-6,1,-10,-3,-1,-4,7,-7,2,-3,-4,3,-11,3,-6,3,-7,1,-5,-2,-4,1,0,2,-5,0,-3,-2,9,-4,-10,0,1,-4,-8,-2,-1,-6,-3,-1,2,-3,-1,-1,0,-3,11,-5,-5,0,-5,2,-5,0,1,-3,3,-2,-6,-2,-5,-3,1,-3,1,-3,12,-7,-6,1,-7,4,-1,-3,-3,-3,-3,-4,-4,-9,0,-2,3,-4,-1,-2,24,-5,-4,0,2,-2,-13,3,-9,2,-1,-3,7,-5,4,-3,7,0,0,-2,7,-1,2,1,2,4,2,1,0,-6,-2,-2,-4,1,-3,-10,0,9,-2,1,-8,3,3,-4,-2,1,-15,12,-3,-1,0,-2,3,-7,1,-11,-2,-1,-1,-3,19,-8,10,-1,-11,1,-13,5,-4,0,-2,-2,-7,0,1,-4,4,-5,-3,0,-1,-1,1,-1,26,-9,17,-8,-37,15,-10,1,2,-6,6,-5,8,-4,12,-1,-17,-1,-4,-1,-2,-4,5,-6,16,-6,8,-1,9,2,12,1,6,2,2,0,-8,-4,6,-2,-1,0,-14,1,-9,-2,-11,2,-9,4,-5,0,5,-6,5,-3,6,-5,24,3,10,-7,-1,0,-4,0,-4,3,-10,1,-7,-1,-1,-1,-10,0,9,-7,8,-2,4,1,10,3,8,-1,4,-2,4,-3,-8,2,6,-9,13,-1,-3,-1,-9,1,5,-5,4,-5,8,-3,-1,-3,4,-2,-8,0,-5,-1,-7,2,-11,-2,-9,-5,-15,-2,-5,-5,2,-2,5,-1,16,1,10,2,12,5,8,1,5,-1,-4,-1,-4,-2,3,-6,-6,-3,11,0,-4,-2,-11,0,-6,-2,-8,1,0,-3,5,-3,20,-4,-7,0,-7,0,-10,2,-3,-1,0,-1,7,-3,-3,0,0,-4,-2,-3,0,-3,3,-2,-5,1,0,4,3,3,-1,3,-7,3,-4,1,1,2,-2,2,-12,2,-10,-1,-2,-3,0,-3,10,-8,10,-5,0,-1,-9,4,-4,0,-1,-1,1,-1,6,-1,-3,-2,11,-3,5,-2,2,-4,-1,-2,-3,-1,-4,2,-5,-2,1,-2,6,-2,2,-2,-1,-3,-5,2,-1,-3,-3,-1,5,-4,2,0,0,-3,-2,-4,-3,-2,-12,2,9,-2,1,-1,1,-4,8,-2,-7,-3,-3,-4,-7,-3,-4,-4,-3,-2,6,-3,-1,-3,-33,-9,-22,-1,-6,-2,-10,2,-2,0,-4,-2,-18,4,-6,-2,-10,2,-6,-2,-2,1,3,4,-3,0,-18,-2,-7,-2,-7,-3,0,-1,12,-3,12,-2,-21,-1,-2,-2,5,-3,-16,3,-2,-1,2,-1,-3,-1,-1,-1,1,-1,9,-2,24,0,8,-3,7,0,17,0,7,1,1,-2,4,-3,-5,-2,-15,3,-12,-1,-13,2,-8,-1,-2,-3,-3,0,8,-3,-17,1,-10,-3,-6,-4,6,-2,-1,-2,1,0,18,-4,11,-1,30,-4,2,0,-1,-1,16,-3,30,-1,14,-6,15,-10,10,-2,-3,0,-20,2,-14,-1,-2,-1,-1,-1,5,-3,43,-9,12,-1,7,3,0,-3,5,-2,20,1,8,-4,3,-5,13,-3,15,1,29,8,-27,-10,67,-5,6,1,3,2,0,1,-4,6,9,-3,4,-2,-2,-2,4,-3,3,0,20,7,19,-1,-9,-3,-3,-1,-2,-3,0,-1,13,0,15,1,49,9,3,-1,1,-3,3,-3,5,-1,0,-2,-14,-4,39,0,9,1,8,-1,-44,-2,-18,0,-4,-1,5,-2,10,1,34,-4,21,3,14,-4,17,3,9,2,4,-2,-7,-2,-1,-1,14,-2,12,0,3,-1,36,0,12,-1,39,1;3157,319,10,3,0,2,0,2,-4,3,-26,5,-3,-1,-5,-3,9,-1,-2,-2,-14,-1,-2,-2,5,-5,7,0,-6,-3,0,-1,3,-3,6,-1,16,2,6,6;3181,327,-3,1,0,-1,1,-6,4,-2,6,2,-4,2,-4,4;3156,296,-5,-1,7,-4,1,3,-3,2;3152,261,-11,4,-3,-2,-4,0,-1,-1,17,-2,2,1;2966,173,-5,0,-6,-1,2,-2,7,0,7,1,-5,2;3401,92,-3,0,-20,-4,-5,-3,0,-1,14,-1,17,3,2,1,-5,5;3599,299,0,2,-2,1,2,1,-1,1,-9,2,-5,2,-6,-2,-21,2,-2,0,2,-3,4,-2,2,-4,1,0,16,1,13,-4,6,3;3750,95,-5,1,-7,-3,0,-1,4,-1,8,4;3756,126,-6,2,-9,0,-5,-1,-1,-1,2,-2,15,-2,7,1,1,1,-4,2;3729,161,-2,0,-2,-4,1,-3,5,-2,1,0,-1,4,0,2,-2,3;3726,196,-1,1,-4,-8,1,-5,3,0,2,1,-1,11;3732,208,1,4,2,1,4,0,1,2,-3,1,-16,0,-3,-1,1,-5,4,-1,2,1,7,-2;3742,167,-2,0,-1,-1,0,-1,5,-2,3,0,0,1,-1,2,-4,1;3378,414,-2,0,-1,-2,1,-2,3,0,2,1,-3,3;3185,521,-3,3,-2,-2,-4,-1,12,-4,-3,4;3184,300,-7,0,1,-2,2,0,5,1,-1,1
GM	3635,1687,23,0,2,-4,7,-2,4,1,12,7,9,-1,3,2,0,1,0,2,-9,3,-4,-1,-16,-7,-3,4,-12,2,0,4,-18,0,-3,2,-1,-7,4,-3,2,4,3,1,5,0,1,-3,16,-2,-3,-1,-13,1,-4,3,-2,0,-2,-3,-1,-3
GN	3772,1815,-2,0,-4,5,-3,-1,5,-9,-3,-4,0,-5,-3,-1,1,-6,-11,-16,-15,-1,-1,2,-5,1,-3,-1,-3,1,-2,1,-5,12,-5,3,-1,4,-3,1,-3,0,0,-3,-3,-6,-3,-3,-3,0,1,-3,-1,-7,-1,1,-2,0,-3,-2,-2,-4,-2,0,-6,-3,-4,-8,0,-5,-1,2,-3,-6,-2,-1,-2,4,-2,-1,1,-2,8,-15,5,-1,4,-3,7,0,5,-1,0,-7,-5,-5,0,-1,6,-2,0,-4,-1,-5,14,1,1,4,3,-1,3,2,8,2,3,1,5,-2,15,0,-3,5,4,5,3,-1,3,-3,3,-1,5,7,2,-1,3,-5,4,-1,12,4,2,-3,7,-3,0,-1,-1,-4,4,0,3,2,5,12,0,6,3,2,1,2,5,4,-5,9,1,0,3,-1,3,1,1,13,6,5,0,3,-3,5,0,12,2,2,3,0,0,6,3,2,-4,3,0,5,4,1,1,2,1,6,-1,1,-2,-2,-9,-1,-1,6,5,2,1,3,-5,12,0,1,-5,-1,-1,1,-2,-3,-2,-1,-5,11,-5,1,-3,-4,-5,-1,2,-7,-3,-16,-3,-4,-2,1,-1,-2,-6,3,-2,-3,-3,1
GP	2653,1620,-4,1,0,-6,2,-1,2,3,4,3,-4,0;2647,1626,-2,1,-1,-2,-1,-6,1,-2,5,2,-2,7;2655,1629,-2,0,0,-2,2,-1,0,2,0,1
GQ	4194,1934,4,0,1,4,-4,8,-3,2,-4,-1,-1,-2,1,-3,2,-1,3,-6,1,-1;4252,1974,0,30,-29,0,-3,1,-2,-1,-1,-2,-4,1,-2,-2,-2,-1,2,-7,3,-4,4,-9,0,-9,1,2,3,1,30,0
GR	4580,1109,-2,-1,1,-1,1,2;4425,1063,1,3,3,4,0,1,-5,-1,-2,-3,-2,2,1,-4,2,0,1,-4,1,2;4432,1078,2,2,-1,0,-2,1,-5,-4,2,-2,4,3;4426,1058,-2,0,0,-4,2,-2,0,6;4428,1065,-1,0,-2,-4,2,1,1,3;4412,1037,1,2,-5,-3,-5,-7,4,-2,2,2,-2,2,3,5,2,1;4482,1049,2,4,13,4,4,11,2,1,5,1,-1,4,-4,-1,-3,-3,-4,-7,-8,-1,-1,-3,-8,-6,-5,-2,-3,1,7,-5,4,2;4489,1045,-2,1,-2,-3,4,2;4491,1044,-1,0,1,-2,2,-1,-2,3;4508,1053,-3,0,1,-1,-2,-1,0,-3,4,5;4506,1008,-3,1,-3,-3,2,-3,2,0,2,2,0,3;4487,1075,-3,0,1,-2,2,2;4480,1118,0,2,-3,-2,1,-4,3,3,-1,1;4568,1137,-1,1,0,-1,-1,-4,1,-4,1,-1,-1,5,2,3,-1,1;4561,1099,-2,1,0,-2,-1,-2,3,2,0,1;4560,1105,0,-1,5,-3,3,0,-8,4;4530,1099,-1,1,-3,-4,3,-3,2,1,-1,5;4525,1096,-2,2,-2,-1,3,-3,1,2;4531,1113,-1,2,-2,-1,1,-2,2,1;4528,1106,-3,-2,1,-1,2,2,0,1;4555,1078,4,1,1,1,-4,2,-6,-2,1,-1,4,-1;4539,1085,-1,0,0,-1,2,-2,5,-1,-2,3,-4,1;4537,1103,-2,0,5,-3,1,1,-4,2;4550,1109,-2,1,-2,-2,2,1,0,-2,2,2;4504,1084,-1,1,0,-4,2,1,-1,2;4507,1090,-2,0,0,-2,1,-2,1,2,0,2;4510,1104,0,2,-4,1,0,-2,2,0,2,-1;4517,1086,-1,2,0,-3,1,1;4517,1079,0,2,-6,-5,0,-2,1,-1,2,2,2,0,1,4;4523,1083,-1,2,-1,-1,-4,-3,6,2;4513,1100,-1,-2,2,1,-1,1;4539,1068,-2,1,-2,-2,-1,-1,2,-2,-3,-5,3,-1,3,2,1,5,-1,3;4543,1040,-1,1,3,3,2,3,-2,-1,1,2,-1,1,-7,-2,-1,-1,3,-3,-2,0,-2,3,-5,-3,1,-2,4,-1,1,0,0,-1,4,-1,2,2;4525,1012,-2,1,-3,-2,2,-1,3,2;4521,1023,-1,5,-2,-1,-1,-1,-1,1,-2,0,-1,-4,4,0,1,1,3,-2,0,1;4526,1088,-2,0,0,-2,4,0,-2,2;4509,1095,-2,0,0,-2,2,0,0,2;4581,1125,-2,0,-1,-1,1,-3,-1,-2,3,-4,7,-3,-3,8,1,2,-3,0,-2,3;4498,1135,4,0,3,-2,1,2,-2,1,3,1,1,2,1,0,8,-1,6,0,2,2,8,1,5,-1,1,5,1,0,5,-2,3,0,3,-3,-1,7,-30,3,-2,0,-1,-4,-5,-2,-18,-2,-1,-7,0,-1,2,1,1,-3,2,3;4534,980,6,3,1,5,0,1,-5,3,1,6,-4,6,-2,1,-4,-3,-13,-2,-3,-2,-6,4,-6,-3,-8,6,-6,-1,-1,2,4,3,-1,2,1,2,3,0,4,2,3,4,-4,-3,-5,-2,-4,1,0,1,6,4,0,2,0,2,-3,-2,-4,-5,-5,-1,-1,1,2,3,5,4,-1,1,-5,-2,-2,-5,-9,-5,-1,-2,1,-3,-6,3,1,11,5,6,4,6,5,5,3,5,-4,1,-1,0,1,-3,-4,-2,-1,0,-2,2,1,2,2,3,2,0,-5,3,-4,1,14,5,3,4,4,1,3,3,6,2,1,4,2,10,-2,1,-10,-9,-10,4,3,2,1,5,4,1,3,3,-7,3,-3,-4,-5,-3,-1,2,8,17,0,5,3,5,-4,-2,-5,-6,-1,-1,-2,1,-2,5,0,3,-1,-1,-1,-1,-1,-4,-7,-9,-2,1,-1,7,-7,-9,0,-3,2,-3,-1,-2,-2,-3,-6,-4,-1,-2,-3,-2,0,-2,3,-3,2,-4,5,1,3,-4,3,0,6,3,7,2,6,4,2,0,-1,-2,5,-1,1,-1,-2,-2,-6,-1,-9,-5,-1,2,-8,-1,-10,2,-3,-4,0,3,-3,0,-1,-1,-3,-6,-5,-4,0,-2,0,-1,2,-1,5,2,0,-1,-1,-3,-6,1,-7,-6,-4,-2,-3,-6,-4,-4,3,1,2,0,1,-3,2,0,-2,-5,2,-1,5,-2,2,-8,3,-1,1,-4,-2,-5,8,-1,1,-1,4,1,4,-2,4,-4,3,-1,7,1,4,-1,1,-4,8,0,1,-2,8,0,8,-1,1,-2,9,-1,2,3,4,2,1,-1,3,1,6,3,10,-2,3,0,4,-2,-2,-7,2,-1,3,0
GS	3527,3483,1,1,-4,-2,2,-1,1,2;3306,3380,3,1,1,-1,4,1,2,2,0,1,2,0,2,1,2,-1,6,7,4,0,0,4,2,1,-4,3,-4,-2,-6,-7,-5,-1,-3,-3,-2,0,-10,-4,-3,0,-1,-2,1,-1,-8,-1,12,0,5,2
GT	1970,1663,2,-4,0,-7,3,-2,-3,-5,13,-20,29,-1,1,-8,-4,-3,-1,-5,-6,-4,-8,-9,9,0,2,-14,40,0,-7,48,7,0,6,3,2,-2,-1,-2,7,5,-18,15,-5,2,-1,5,0,6,-4,5,-5,1,0,4,-11,8,-2,2,0,2,-11,-5,-12,0,-5,-1,-9,-6,-8,-8
GU	7190,1695,-2,-1,0,-3,3,-2,0,-3,3,1,-3,4,-1,4
GW	3631,1718,4,0,9,-3,7,1,5,-1,9,-5,32,0,1,5,0,4,-6,2,0,1,5,5,0,7,-5,1,-7,0,-4,3,-5,1,-8,15,-2,-2,1,-3,-3,2,0,-3,-2,0,-2,-1,1,-5,-3,0,1,-2,8,-3,-1,-2,-2,0,-4,2,-2,-3,1,-3,5,-1,3,-1,0,-1,-2,1,-6,-1,-8,5,-3,-1,1,-4,-5,1,-4,-3,2,-5,-5,1,-6,-4;3644,1751,-2,0,-1,-2,4,-2,0,2,-1,2;3649,1750,-2,1,1,-4,1,3;3653,1747,0,1,-2,-1,1,-2,2,0,-1,2;3657,1739,-2,0,3,-3,0,2,-1,1;3649,1740,-1,1,-2,-1,1,-3,2,0,0,3;3647,1730,-1,3,-2,0,-1,-3,4,0
GY	2652,1898,-14,-19,7,-7,-2,-9,2,-3,4,-1,2,-1,3,1,8,-6,1,-4,-6,0,-1,-2,1,-2,-2,-6,5,-7,3,0,7,-6,2,-3,3,-2,0,-1,-4,-6,4,4,2,1,0,-1,2,0,10,8,12,13,3,6,0,7,-2,5,-1,8,-2,3,2,-2,1,-4,3,-6,3,0,7,2,8,9,1,3,5,1,3,4,-1,14,-3,6,3,3,-3,2,0,3,-9,0,-3,3,-1,2,1,3,-5,15,5,10,4,4,0,3,2,1,6,0,2,13,2,2,9,19,5,2,-8,1,-4,-1,-3,-2,-4,1,-2,2,-3,4,-10,2,-1,4,-7,-2,-1,3,-3,1,0,3,-4,1,-3,2,-3,-3,-6,-2,-6,-8,-3,-1,0,-3,-2,-1,0,-9,-3,-3,-2,-8,0,-7,4,-9,-1,-6,4,-3,3,-6,-4,-8,1,-3,-3,-3,-7,-1,3,-5,1,-9,-3,-4,-3,0,-5,1,-6,0
HK	6477,1462,2,-1,3,1,2,3,-1,3,-5,-2,-2,0,-1,-1,2,-3;6483,1470,-3,-2,3,1,0,1;6478,1470,-4,-1,4,-2,0,3
HM	5388,3357,-5,1,-2,-5,6,2,3,2,-2,0
HN	2171,1652,-9,0,-2,3,-8,2,-2,0,-2,1,-2,0,0,1,-3,0,-2,1,-4,0,-4,-4,-3,2,-2,3,-3,2,0,5,-12,9,-1,3,-2,1,-4,-4,-1,-2,-2,2,-5,5,-9,1,0,11,-4,1,-2,5,-2,2,-7,0,1,-2,-2,-1,-2,-4,1,-2,-7,-1,2,-2,-1,-1,2,-8,-2,-2,-4,1,-3,-3,-8,3,0,-3,-5,-1,-8,-9,-5,-1,4,-5,0,-6,2,-5,4,-2,18,-15,2,1,6,-5,4,0,2,0,3,3,4,-2,8,2,12,0,10,-5,-1,-1,5,0,6,3,7,-1,4,-1,7,2,2,2,3,0,-2,-2,6,2,9,9,-4,-2,-2,1,-1,2,4,1,3,4,4,-1,2,1,-3,-4,6,3,1,4,3,3;2103,1617,-5,2,5,-3,4,0,-4,1;2115,1615,-2,1,1,-2,2,-1,-1,2
HR	4270,886,6,2,2,-2,7,1,4,-5,5,5,11,0,-2,-3,2,-2,-2,-1,7,-4,0,-3,-1,-4,7,-3,1,-2,3,0,0,-3,2,-1,9,3,12,10,6,2,4,3,11,1,3,-1,3,-3,4,0,-1,2,3,4,-1,2,3,2,0,3,6,3,2,2,-5,0,0,1,-2,0,1,5,-2,2,-4,-1,-1,-3,-2,-1,-13,-2,-3,2,-4,-2,-3,1,-7,-2,-5,-2,-2,2,-5,-1,-5,5,-5,-4,-3,-1,-2,1,0,10,8,6,2,8,2,2,17,15,4,2,1,4,7,7,-1,2,-14,-11,-11,-4,-8,0,-1,-3,-9,-6,-7,-7,-2,-2,7,0,-10,-9,-2,-2,0,-7,-1,-2,-7,-6,-5,-1,-1,5,-5,8,-2,0,-5,-7,-3,-9,2,-1;4335,948,9,1,2,1,-6,1,-4,-1,-1,-2;4346,945,-10,0,-7,-2,3,0,14,2;4338,942,-6,-1,-2,-1,1,-1,7,1,2,0,-2,2;4305,922,-4,-2,4,2;4295,899,-2,1,-6,-4,3,-3,5,6;4296,905,0,1,-3,-2,0,-2,3,3;4304,915,-1,1,-5,-5,-4,-5,11,9,-1,0;4304,925,-1,1,-6,-7,7,6;4308,924,1,2,-2,-2,-1,-1,2,1;4289,907,0,1,-1,-1,-3,-6,1,-3,-2,-3,1,0,3,4,1,8;4355,954,3,2,-8,-2,5,0;4372,959,2,3,-15,-9,-16,-5,4,0,10,4,-1,-1,3,0,7,5,6,3
HT	2433,1533,1,6,-2,5,2,3,-4,4,1,3,0,4,-3,3,-3,0,2,5,3,1,-1,8,-6,-5,-10,0,-8,2,-11,-2,-8,1,-4,4,-4,-4,-7,-5,-1,-1,3,-5,3,-1,14,4,17,2,4,-3,6,0,1,-3,-6,-6,-4,-4,2,-1,0,-3,2,-5,-7,-5,-8,-1,-1,-1,3,-4,10,-2,5,1,9,4,10,1;2408,1556,-1,2,-5,-2,-4,-3,0,-1,4,1,6,3;2414,1525,1,1,-7,-2,3,-1,3,2
HU	4431,815,3,0,2,4,3,1,2,2,4,0,2,4,-5,5,-6,1,-5,5,0,3,-5,8,0,2,-3,5,1,2,-4,2,0,5,-4,4,-4,0,-4,3,-3,-1,-5,1,-12,-1,-6,4,-4,0,-3,2,-5,0,-5,4,-9,0,-3,-1,-4,-3,-6,-2,-10,-8,-7,-4,-3,-4,-3,-5,-3,0,3,-3,4,-1,0,-3,-2,-2,1,-1,0,-3,3,-2,1,-2,-1,-1,-4,-2,3,-2,4,2,5,-1,-1,-3,2,-4,3,0,10,6,18,-1,1,-5,2,-1,11,-2,3,-3,6,2,8,-3,2,-6,7,0,4,0,8,-1,5,5,8,-1
ID	6165,1992,5,7,2,1,4,4,-1,9,-2,2,-3,-1,-2,-6,-4,-3,-3,-6,-5,-6,4,0,3,-3,2,2;6203,2074,-3,0,-5,-5,-5,-10,2,-6,5,-1,1,1,4,12,3,5,0,3,-2,1;6582,2246,-3,5,2,1,-8,1,-8,-2,0,-1,0,-1,5,0,0,-8,8,-6,7,4,-3,7;6557,2234,2,1,3,5,-9,6,-2,5,-2,0,-1,0,1,-3,-2,-4,-4,-3,-5,-1,-3,-6,1,-1,9,2,5,-3,7,2;6355,2071,3,5,1,8,3,7,10,3,-3,2,-2,6,1,4,-14,-6,-2,-5,1,-3,-3,-5,-1,-3,-5,-3,-4,1,-5,-2,1,-3,4,-3,1,-4,2,-2,2,-1,3,5,1,-1,-1,-4,5,0,2,2,0,2;6734,2143,0,7,-2,-2,-1,0,-2,10,0,1,1,0,2,1,2,1,-1,2,-3,2,-2,0,-4,6,-2,0,-2,0,-1,-4,5,-7,3,-15,2,-4,3,-2,2,4;6721,2161,-2,3,-4,-1,0,1,-2,0,0,-1,1,-5,2,-2,-1,-5,1,-2,7,-4,1,8,-3,5,0,3;6405,1936,-3,1,-2,-1,3,-3,-4,-1,-2,-3,0,-2,6,-4,3,6,0,3,-1,4;6403,2104,-1,4,-3,2,-2,0,0,-2,-2,-2,-1,2,-5,2,1,-3,-2,-5,3,-9,4,-1,5,2,3,3,2,3,-2,4;7008,2045,11,2,6,6,5,3,-2,2,-3,1,-6,-1,-1,-1,-2,-7,-2,1,-5,-3,-1,-3;7009,2069,16,1,4,2,10,1,2,1,-7,2,-8,0,-8,-3,-9,-2,0,-2;6907,2029,5,1,5,3,1,3,-1,2,-7,-1,-6,-6,-1,0,0,1,3,4,3,1,-1,2,-3,1,-1,-4,-3,2,-1,-2,-4,-1,-2,-1,1,-3,2,0,1,0,9,-2;6853,1977,-4,1,-2,-7,3,-4,3,-3,3,-1,2,4,-1,6,-2,3,-2,1;6847,2071,-3,1,-3,-1,-8,1,-3,-2,1,-5,5,-3,5,3,5,4,1,2;6799,2090,-1,0,-3,-9,2,-3,1,1,0,4,2,5,-1,2;6799,2074,7,1,-8,2,-12,1,-1,-3,3,-1,11,0;6776,2072,2,1,2,-2,1,1,0,2,2,0,0,2,-7,2,-3,-2,-5,3,-5,0,-2,-3,3,-5,5,-1,7,2;6909,2230,-5,0,0,-3,1,-5,1,0,2,-5,7,-7,0,-2,2,0,2,2,-2,2,1,4,-2,5,-6,6,-1,3;6809,2222,0,1,-5,2,-3,4,-9,-2,-6,3,2,-5,3,-3,5,1,9,-4,2,3,2,0;6759,2234,0,1,4,-1,6,1,2,0,0,3,-16,3,-1,-1,1,-3,0,-1,1,-1,3,-1;6910,2062,-3,0,-2,-2,-2,-7,5,-2,3,1,1,1,-2,9;6141,1897,8,-1,7,2,6,-1,2,1,9,8,2,6,6,6,0,5,1,3,8,4,3,4,8,5,13,10,18,25,4,1,5,5,-2,-8,3,-1,2,1,6,6,2,7,2,1,7,2,5,5,3,4,2,7,4,4,2,1,10,3,3,4,-1,2,-10,5,7,-1,10,-6,3,1,5,5,2,6,-8,6,0,4,2,3,-2,2,2,5,4,3,11,4,3,0,3,20,1,2,7,4,-1,4,-4,5,0,4,1,0,6,-6,10,1,4,2,9,16,1,3,-4,5,-1,5,0,3,1,2,-2,9,1,21,-3,17,-2,3,-2,0,-6,-7,-6,5,-10,-5,0,3,1,6,-2,0,-11,-13,-5,-7,-20,-16,-8,-8,-9,-14,-12,-11,-4,-9,-6,-5,-4,-9,-1,-8,-8,-16,-4,-12,-9,-12,-4,-9,-8,-4,-4,-4,-8,-29,-5,-9,-12,-8,-6,-3,-2,-2,-3,-12,-5,-3,-9,-15,-4,-3,-8,-3,-5,-7,-15,-14,-3,-6,-6,-10,0,-7,2,-1,2,-1,8,1,9,8,8,1;6718,2245,-7,3,-8,1,-10,4,-2,-2,-3,0,-2,2,-3,0,-4,1,-10,-4,-6,1,-4,-1,-5,2,-2,-4,2,-7,2,0,9,-4,6,-1,3,2,6,1,9,6,12,-3,7,4,3,-1,3,-4,6,-3,2,-2,-3,-1,2,-3,3,2,0,4,-5,4,1,2,-2,1;6656,2265,4,3,1,4,5,0,6,7,1,2,-4,5,-6,2,-4,-2,-4,-3,-2,-3,-7,-5,-5,0,-7,-3,-2,-4,2,-2,3,-1,10,-1,4,1,3,-2,2,2;6618,2238,2,1,4,-2,3,0,2,3,1,-2,4,0,1,1,1,5,1,3,-1,1,-5,0,-2,1,2,2,-3,-1,-6,2,-1,-5,-5,4,-7,2,-3,0,-5,2,-7,1,-3,2,-6,-3,0,-8,2,-4,7,-4,5,2,4,0,5,7,4,0,3,-2,2,0,1,-1,-3,-3,-3,0,-3,-3,-2,-4,1,-1,4,-2,4,1,2,5;6775,2004,-5,4,-5,9,-5,2,-10,2,-11,0,-4,-4,-2,-1,-26,2,-7,-2,-11,2,-10,-2,-2,0,-4,3,-4,6,-2,6,0,9,1,5,3,6,6,4,3,8,9,1,2,-2,3,-5,7,-7,4,2,5,0,7,-4,13,0,-1,-3,8,-2,4,2,1,3,-1,6,-3,0,-2,-2,-2,-1,-4,0,-9,12,-6,5,-8,3,-5,5,-2,1,-4,-2,-1,1,0,2,3,2,2,3,4,2,7,13,4,4,1,4,2,3,-2,2,-2,9,7,6,2,6,4,-1,1,4,-1,4,-3,-1,0,2,-6,0,-8,3,-1,2,0,4,-1,1,-2,1,-8,-2,-2,-5,4,-12,-7,-5,-9,-10,0,-3,4,-6,0,-10,-1,-2,-3,-1,-5,1,-9,7,0,3,3,7,1,9,-2,10,1,13,-4,13,2,11,-2,-1,-8,1,-6,3,-3,-2,-4,-5,0,-3,4,-11,3,-11,0,-10,-3,-7,0,-6,-2,-1,-8,2,-3,-4,-1,-6,1,-6,-1,-5,7,-6,2,-8,3,-6,0,-13,5,-12,5,-6,3,4,-3,-19,3,-2,1,-1,-2,-5,2,-5,3,-3,0,-4,4,-4,1,-3,1,0,2,3,3,1,1,-1,6,-10,5,-2,3,2,4,1,4,4,6,-1,13,2,9,5,5,-3,19,2,8,-4,3,-4,2,-1,2,-4,4,-2,4,-6,4,1,2,4,-7,13;6381,2180,2,3,4,2,11,2,4,0,4,5,1,6,2,2,13,2,5,-2,7,2,8,0,5,2,4,-4,3,-7,3,-3,3,1,5,6,3,0,5,-1,4,3,5,1,2,2,10,1,2,7,3,3,0,6,5,2,5,2,5,0,13,-2,7,4,1,5,-2,10,2,5,2,2,0,2,-5,-1,-2,-2,-3,0,-4,-2,-15,-7,-13,3,-12,-2,-14,0,-19,-4,-13,-7,-16,-4,-12,-1,-4,1,-3,2,-5,0,-9,-3,-5,-3,-6,-2,-18,-3,-1,-3,3,-5,-13,-5,-15,0,1,-3,2,-2,0,3,2,0,2,-2,2,-5,1,0,2,-1,3,-8,5,-5,16,4,4,-2,1,-3,7,3;6435,1978,-2,3,1,2,1,1,1,4,19,19,13,-5,9,2,7,-1,2,-2,4,-1,2,-7,6,-3,11,-1,1,1,0,3,12,3,2,2,6,-5,11,-2,3,1,2,-4,2,-6,2,-1,0,-2,-1,-5,0,-2,9,-7,-3,-2,1,-7,3,-3,1,0,3,-1,3,-10,-1,-12,3,-7,4,-4,3,2,5,-2,4,1,2,-1,2,1,11,0,11,4,-3,2,8,10,-4,1,-2,-2,-2,3,-8,0,2,0,4,5,1,1,-1,3,0,1,6,4,1,3,-1,0,2,1,-1,2,3,2,7,10,0,3,-6,5,7,8,12,10,8,8,-2,2,-7,2,-8,-1,-7,-6,2,5,-5,4,-5,13,-1,14,2,6,0,5,-7,4,-6,7,-2,1,-2,-1,-2,-4,1,7,-5,4,-1,3,-5,5,3,0,0,3,0,3,-3,3,5,1,1,3,-1,5,-5,1,0,1,1,0,-1,8,-2,2,-2,-1,0,2,2,2,-4,6,-3,6,-28,15,-2,-2,0,-10,-1,-8,-2,2,-2,-1,-1,-2,1,-3,-3,3,-3,-2,-3,3,-6,2,-1,-1,-1,-6,-6,1,-6,-7,-2,6,-5,3,-3,2,-7,-2,-10,6,-1,0,1,-12,-3,-5,-2,3,-5,-1,-10,3,-2,-2,1,-2,-4,3,-3,-3,-6,2,-1,-1,-3,-24,-3,-3,2,-9,-1,-6,-4,-7,-7,-3,-3,0,-2,-2,1,-2,2,-2,-5,-4,0,-2,2,-10,1,-1,-7,-8,-1,-5,0,-6,1,-9,3,-3,-2,1,1,-7,4,-5,2,-6,6,-2;6838,2007,3,1,2,-5,4,-3,0,-4,1,-2,7,-4,3,-1,1,1,0,11,-9,6,0,3,8,5,2,5,4,3,-10,-4,-10,-2,-2,1,0,3,2,14,5,12,4,4,-3,0,-1,-2,-4,-2,-3,-8,-5,-4,1,-13,-4,-6,0,-4,1,-5,-2,-1,-2,-6,0,-3,2,-5,2,-10,6,-7,3,-2,-4,10,3,3,1,9,-3,5,-5,3,0,2,2,2;6881,2101,5,3,9,0,4,4,2,6,2,1,2,4,-1,7,-17,-10,-4,-3,-8,0,0,2,-1,1,-11,-4,0,-2,-2,0,-5,5,-3,1,-2,-1,-3,-5,-3,-2,-6,9,1,-4,-1,-3,8,-9,17,-1,2,0,1,3,1,0,7,-4,6,2;6817,2106,3,2,5,6,0,2,-1,4,-6,4,-6,1,-3,-1,-8,-5,-2,-4,-1,-6,2,-2,2,1,8,-2,7,0;6765,2254,0,3,4,-2,1,1,-1,4,-3,1,1,7,-2,4,-13,12,-6,1,-7,4,-5,-1,0,-2,2,-4,-2,-1,0,-1,3,-9,8,-7,1,2,5,0,2,-3,1,-3,11,-6;6989,2172,0,5,-1,1,0,6,-1,3,-2,2,-4,-1,-6,-7,0,-1,3,0,2,-4,-3,-4,3,1,4,-7,1,-1,1,1,1,3,1,1,1,2;6983,2191,-1,4,-5,6,-3,2,-2,-2,0,-2,1,-7,2,-1,-1,-1,0,-5,1,-1,8,7;7068,2237,-6,3,-14,0,5,-12,6,-9,5,-3,6,-2,5,1,4,5,0,2,-5,10,-6,5;7130,2094,-2,62,-2,32,-4,10,3,5,-5,55,-20,-23,4,-7,-5,5,-12,2,-2,-2,-1,-3,-1,2,-6,5,-1,-1,-1,-2,6,-14,-6,-9,2,-1,5,1,2,-1,-3,0,-4,-2,-5,-5,6,-2,-9,-13,-2,-10,2,-2,-4,-1,4,-3,-6,0,0,-6,-16,-11,-1,-2,-1,1,-3,-1,-10,-3,-14,-7,-12,-2,-5,0,-10,-7,-2,-3,1,-3,4,0,-3,-1,-4,2,-4,-2,-3,1,-2,-4,-4,1,-5,-6,-1,-3,0,-5,4,-5,-3,0,-2,7,-1,2,-2,0,1,2,-3,6,-1,4,-3,4,-7,1,-1,-1,-3,-9,3,-4,-3,-6,-8,-8,-7,-2,-2,-3,6,-3,8,1,3,2,7,-8,4,-1,9,3,2,2,1,-5,4,-1,0,-2,-3,0,3,-5,-4,2,-11,1,-6,1,-10,-1,-5,0,-6,-6,-1,-11,-5,0,-9,-4,-4,1,-3,0,1,-4,3,-3,2,-8,12,-3,8,-7,6,-2,10,1,13,8,12,1,3,2,-1,4,3,9,-3,9,1,15,6,13,0,-6,2,-2,2,1,1,10,3,-1,1,8,3,3,5,1,5,-1,9,-9,3,-6,5,-4,4,-8,10,-2,5,-2,3,-2,-1,-5,15,-9,2,0,5,3,12,5,3,3,21,11,8,0,3,1,8,1,2,2,0,2,5,0;7076,2240,-7,-1,-1,-1,3,-3,3,-1,2,6;6259,1977,1,3,-1,4,-2,2,-3,-1,-2,-4,0,-3,5,-3,2,2;6276,2004,-1,1,-3,-3,-1,-5,0,-3,5,4,0,6;6277,1992,0,3,-5,-3,-5,-1,-1,-3,10,3,1,1;6289,2010,0,1,-12,-4,-1,-1,1,-5,1,-1,4,4,6,3,1,3;6292,2007,-2,0,-4,-3,-4,-2,0,-2,6,2,4,5;6295,2015,-3,0,1,-4,1,0,1,2,0,2;6298,2012,-2,-3,1,-2,2,4,-1,1;6311,1999,1,1,1,-1,-1,5,-2,-1,-1,-1,2,-3;6323,1998,2,4,-2,6,-1,-1,-2,-2,0,-3,-4,1,0,-1,2,-3,5,-1;6328,2033,2,-1,3,4,-2,1,-4,-3,-3,1,-3,-1,2,-6,2,1,3,4;6321,2037,3,4,-2,3,-2,-1,-1,2,-2,-5,1,-1,1,0,2,-2;6305,2038,-3,0,-3,0,2,-3,4,1,1,1,-1,1;6437,2059,-5,2,-1,-1,1,-6,3,-1,3,2,0,2,-1,2;6523,2208,-4,0,-5,2,-7,1,-8,-3,-1,-1,4,-5,24,0,2,3,-4,1,-1,2;6998,2057,-2,0,-1,-2,2,-3,2,3,-1,2;6827,2041,-3,1,1,-6,1,-1,2,1,-1,5;6835,2037,2,4,-2,3,1,2,4,0,1,3,-3,2,-3,-3,-3,1,0,-4,-4,-4,1,-4,3,2,2,-2,1,0;6948,2177,-2,2,3,-7,1,-2,4,-7,1,0,-2,6,-4,4,-1,4;6946,2176,-2,2,-1,0,-1,-8,2,0,0,1,2,5;6848,2121,-2,2,-2,-1,-3,2,-1,-2,2,-3,6,-2,1,0,-1,4;6815,1927,-2,1,-1,-2,3,-4,-2,-2,0,-6,3,2,1,5,-2,6;6790,1942,-1,1,-3,-1,-1,-7,5,7;6898,2238,-2,1,6,-7,3,1,-6,3,-1,2;6876,2229,-2,2,-1,0,-3,-3,1,-3,4,1,1,3;6831,2233,6,0,0,1,-2,2,-4,-1,-1,-2,1,0;6895,2071,2,3,-1,3,1,1,-4,2,-3,1,-5,-2,-3,-3,5,-3,8,-2;6271,2167,-2,0,-4,-4,2,-1,4,2,1,1,-1,2;6230,2109,0,4,-2,-3,0,-3,-3,-3,0,-5,1,0,4,5,0,5;6225,2098,-2,2,-2,0,-1,-8,5,4,0,2;6217,2088,-5,-2,-1,-3,0,-3,3,1,3,7;6188,2042,-2,1,-2,-1,3,-8,-2,-5,1,0,4,6,-2,7;6142,1969,-3,0,-7,-6,-5,-1,-2,-4,2,-3,2,1,12,10,1,3;6708,2166,-2,0,-3,-5,2,-5,3,3,0,7;6737,2058,1,6,2,-4,2,0,2,2,0,3,-4,2,-2,-2,-1,3,-1,1,-1,-1,1,-2,0,-4,-6,7,-2,-4,1,-4,1,-2,7,-1;6708,2039,1,1,-1,1,-5,1,2,-3,3,0;6672,2187,-1,4,0,-7,1,-10,1,5,-1,8;6557,2204,-3,0,0,-3,4,0,2,1,1,1,-4,1;6582,2126,-5,5,0,-6,-1,-3,2,-9,3,-2,1,15;6717,2303,-3,0,1,-3,5,-2,8,-6,0,5,-5,4,-6,2;6752,2238,-3,5,-2,1,-1,-3,-2,0,2,-3,2,1,3,-4,2,1,-1,2;6744,2237,-3,1,-2,3,-2,0,-1,3,-2,-1,-2,2,-4,-2,6,-5,-2,-1,5,0,4,-2,3,2;6731,2239,-1,1,-6,0,0,-1,5,-3,2,1,0,2;6987,2194,-2,0,0,-2,1,-1,1,3;6298,2002,0,2,-2,-1,-1,-1,2,-2,1,2;6307,2009,-2,-1,0,-2,2,3;6316,2008,-1,1,-2,-4,3,3;6326,2027,-2,-1,-2,-3,4,4;6360,1949,0,2,-2,-1,0,-2,2,1;6348,1957,-1,-1,0,-4,3,2,-2,3;6418,1956,-1,1,-1,-1,2,-3,0,3;6420,2070,-3,1,0,-3,3,0,0,2;6386,2102,-1,0,0,-2,2,0,-1,2;6373,2104,-1,1,-2,-2,1,-1,3,1,-1,1;6535,2208,0,1,-1,0,-1,-2,2,0,0,1;6500,2175,-3,1,0,-1,3,-2,0,2;6333,2196,-1,0,-2,-1,4,-2,-1,3;6162,1977,-5,-4,4,0,1,4;6115,1883,-2,0,-1,-2,3,0,0,2;6745,2072,-2,-1,0,-4,1,0,2,3,-1,2;6736,2132,-3,3,-1,0,-2,-2,0,-3,1,-1,4,0,1,3;6751,2078,0,1,-1,0,-1,-3,2,2;6735,2074,-1,3,0,-3,1,-1,0,1;6645,2249,-2,0,0,-4,2,-4,2,2,-3,4,1,2;6637,2236,-1,-1,2,-1,0,1,-1,1;6559,2249,0,1,-2,-2,1,-1,1,2;6611,1924,6,-1,1,4,-5,1,-2,-3,0,-1;6612,1946,0,1,-2,-2,0,-3,3,1,-1,3;6751,2179,0,1,-2,-2,1,-1,1,2;6743,2161,0,3,-1,0,-1,-3,2,0;6676,2208,-2,0,0,-3,3,1,-1,2;6603,2239,-1,0,0,-4,4,-1,-3,5;6585,2116,-1,4,-2,-2,2,-3,1,-1,0,2;6830,2009,-2,0,0,-1,1,-1,1,2;6984,2082,0,1,-1,-1,1,-2,1,0,-1,2;6965,2136,1,1,-7,-3,0,-2,6,4;6908,2048,-1,3,-10,1,2,-2,9,-2;6902,2042,-3,-1,3,-2,2,2,-2,1;6879,2034,-4,-4,-2,-2,6,4,0,2;6832,2029,0,1,-1,-2,1,-3,0,4;6831,2013,-1,0,0,-3,1,0,0,3;6828,2048,-3,0,1,-4,1,0,1,4;6858,2118,-1,1,-2,0,0,-2,3,1;6854,2119,-4,1,2,-3,2,2;6813,1931,-2,-4,2,3,0,1;6816,1934,-2,-2,2,1,0,1;6785,1962,-1,-2,0,-2,2,1,-1,3;6925,2210,-1,1,-4,-3,4,0,1,2;6851,2210,-1,0,-2,-2,3,-1,0,3;6823,2221,-2,0,1,-3,2,0,-1,3;6729,2288,-2,1,0,-2,3,-3,1,1,-2,1,0,2;6694,2295,-4,-1,4,-3,3,1,0,2,-3,1;6989,2191,0,-1,2,-2,-2,3;6985,2199,-1,-1,3,-3,-2,4;6842,2103,-1,2,-3,-1,4,-1;6833,2112,1,1,-4,-1,2,-1,1,1;6723,2244,-1,1,-1,0,0,-2,3,-2,3,1,-4,2
IE	3814,682,-6,-2,2,-1,3,0,1,3;3866,653,-3,2,-3,6,-7,2,3,2,-8,4,5,4,0,1,5,2,5,0,3,-2,0,-2,3,-2,4,4,3,2,0,2,6,-1,3,1,0,1,-3,0,-1,2,4,9,-1,5,2,10,-3,5,-1,5,-4,4,2,3,-4,1,-5,0,-2,1,-1,-2,-1,2,-10,1,-2,3,-5,1,-3,3,-7,-2,1,3,-1,2,-17,5,-3,-1,-8,1,3,-3,3,-1,0,-1,-11,2,11,-6,-10,2,-5,0,0,-2,9,-6,-9,-1,1,-1,4,-2,7,1,-3,-4,6,-3,16,-4,-4,-1,-3,2,-8,0,-7,2,9,-6,2,-2,-1,-1,3,-4,7,-2,-4,-1,-7,0,-2,-2,-5,-1,2,-1,-6,0,1,-2,-1,-2,8,-1,-4,-1,0,-2,7,-2,0,-2,-7,1,2,-6,-2,1,0,-3,-3,1,1,-3,10,-1,4,0,3,3,3,-2,8,1,-1,-3,8,-4,2,-3,-6,1,-6,-2,7,-5,0,-3,3,-3,9,-1,0,-1,2,0,2,3,-2,3,3,-2,0,-4,4,-1,-1,-2,1,0,6,3,-5,3
IL	4755,1188,-1,3,3,9,-1,5,-4,3,0,6,-4,-3,-4,-1,-3,2,-1,8,1,8,3,0,2,2,-5,4,-1,6,5,0,7,-3,0,6,1,3,-4,15,0,10,-2,14,-1,2,-19,-43,5,-8,-1,-2,4,-8,6,-29,6,0,2,-1,0,-4,2,1,4,-5
IM	3918,675,-4,3,-3,0,1,-4,6,-4,1,3,-1,2
IN	5477,1429,4,-3,8,0,-1,-8,1,-1,1,1,16,0,6,3,4,-1,2,-2,8,-3,1,0,1,3,3,1,7,-4,-2,-4,1,-3,-5,-10,-6,-9,-1,-6,-2,-1,-7,0,-4,-5,-1,-4,0,-11,-3,-2,-7,-1,-5,-3,-1,-2,0,-8,6,-8,4,-10,5,-4,5,2,2,4,3,2,8,-3,7,-1,7,-3,0,-5,4,-6,2,-7,11,-8,5,-14,2,-9,8,-4,2,-4,-2,-5,7,-11,5,-4,-3,-4,0,-7,-3,-6,0,-3,3,-3,10,-5,1,-3,-3,-3,-5,-2,-7,-1,-2,-6,-7,-1,-1,-1,-1,-4,-7,-5,-1,-1,2,-4,0,-3,-5,-6,0,-1,4,-3,0,-1,0,-1,-6,-1,-2,-1,1,-4,-5,-4,2,-7,7,-3,19,3,6,3,6,1,6,-4,3,0,5,-3,3,1,2,-1,1,-3,4,-2,0,-3,13,-10,3,1,2,-1,1,6,11,16,8,2,8,6,0,2,-4,3,0,2,5,13,9,8,0,3,3,3,3,11,-2,1,-1,2,-3,1,-3,-3,-3,-3,-6,1,0,1,4,7,7,7,0,5,3,3,0,4,1,4,1,1,4,-1,0,-2,2,0,7,7,4,3,2,1,4,0,8,4,1,0,1,1,1,5,12,4,7,4,1,2,-3,1,-8,10,-1,8,0,5,-2,5,1,5,8,5,1,0,1,-1,1,0,14,8,4,4,13,8,3,-1,11,6,5,0,2,4,12,3,3,-2,9,2,5,-3,12,5,3,7,10,4,3,3,7,-2,3,1,3,5,4,-2,9,2,7,4,7,-3,2,3,4,2,3,-2,5,1,4,-1,4,1,1,-1,0,-8,-2,-5,-3,-5,-1,-7,1,-8,-2,-5,10,-4,5,2,1,4,0,8,1,3,3,3,-2,3,3,6,7,3,4,-1,6,2,1,2,3,0,8,-1,1,-3,3,-1,9,3,11,0,3,-2,2,1,4,1,7,-2,0,-3,-2,-3,1,-5,-3,-4,-5,0,-4,-2,0,-6,7,1,2,-2,7,0,3,-2,2,-2,-1,-2,1,-2,6,-5,3,-7,10,-3,4,-3,0,-3,2,0,3,-4,6,-5,4,4,14,3,2,-3,0,-1,10,-6,5,5,3,0,-4,4,1,4,6,-3,4,7,-3,4,-1,5,2,1,4,-2,5,2,4,1,2,-1,6,4,2,6,0,2,-2,0,-5,5,-1,3,2,3,6,9,-4,-1,-5,-5,-12,2,-2,1,-3,4,-8,8,-6,4,0,6,3,8,-2,3,0,5,-2,5,-3,3,-1,4,3,2,2,3,-2,7,-5,11,-1,11,-11,-3,-4,1,-4,-3,4,10,1,14,-1,2,-3,0,-1,8,4,13,-2,1,-2,4,-1,1,-4,-4,-3,4,-4,-18,-4,-6,-5,-19,-3,-1,-4,1,1,4,-4,6,1,6,-2,2,-3,-2,-2,-4,-2,0,1,3,-1,0,-6,-12,1,-9,2,-4,3,0,4,-3,4,0,1,-4,3,-1,1,-12,4,1,1,-3,-11,-5,-34,0,-14,-3,-1,-3,-3,-14,-4,-7,-2,1,0,5,-4,0,-4,-3,-5,-8,-2,1,1,3,-3,0,-3,-1,-2,-3,-6,-3,0,2,2,1,0,1,-5,8,0,5,7,4,4,4,6,2,2,3,3,2,-2,2,-8,0,-2,8,-4,-1,-1,7,3,4,3,0,3,2,7,3,1,7,-2,8,4,6,1,5,4,1,-1,4,3,10,4,9,1,9,-2,0,4,7,-3,0,-2,-2,-2,4,-1,-4,0,-7,-3,-3,-1,8,1,4,-2,1,-4,-4,-1,4,-2,0,-2,-2,1,-11,-5,-3,-1,-3,1,3,5,3,-4,8,-5,4,-12,4,-5,7,1,3,4,10,-4,7,0,3,-5,3,-2,4,-3,-1,2,2,-2,2,-13,5,-2,0,1,-1,0,-3,-1,-1,-1,0,-5,4,-1,4,4,-2,2,1,-4,3,-9,10,-1,4,-11,17,-10,5,-8,12,-12,8,-5,5,-1,4,2,4,-2,5,-10,6,-8,-1,-2,1,-3,9,-2,2,-1,3,-3,0,-1,-2,-3,-1,-6,2,-2,3,-3,9,0,7,4,15,-1,6,6,19,-4,-6,-2,3,7,6,-2,17,-1,6,-5,11,-2,11,1,3,-2,3,3,0,1,3,1,22,-6,0,-5,2,-1,2,0,3,-6,12,-1,3,3,3,5,1,3,3,-9,-2,-12,4,-5,5,-1,10,-2,3,-11,8,-5,-2,-5,-4,-12,-15,-6,-14,-2,-12,2,3,1,7,2,0,-3,-10,-4,-4,0,-3,-7,-14,-5,-15,-5,-9,-8,-9,-7,-12,-5,-13,-3,-15,-4,-10,-4,-11,-10,-14,-2,-6,-2,-3,2,0,-3,-4,1,-2,-3,0,-1,-1,-5,-9,-4,-10,-7,-30,-9,-25,2,-10,-1,-3,-3,4,-1,-2,0,-6,4,1,-5,-2,-1,-3,1,-1,-2,-2,-1,-6,2,-19,-1,-6,-2,-7,-3,-2,-2,-5,2,-2,-2,0,3,-4,7,-3,-6,1,-7,0,1,-5,2,-2,-4,0,0,-5,6,-2,-5,-1,-9,1,3,2,-1,2,-4,7,4,2,2,5,-5,10,-20,10,-7,0,-5,-2,-11,-9,-7,-8,-13,-12,-6,-8,0,-2,1,-2,6,4,5,-3,2,0,2,-1,2,0,4,-2,3,-1,5,-10,1,-1,0,-2,-2,0,-1,4,-2,-1,-3,1,-9,4,-10,-2,-14,-9,-6,-9,7,-7,-5,2,-3,4,-3,0,-2,-6;6081,1857,-1,2,-3,-6,-1,-1,0,-4,3,-1,3,6,-1,4;6077,1844,-2,2,-1,-1,2,-3,1,2;6063,1821,0,1,-1,0,-1,-1,0,-2,2,2;6070,1831,-2,0,-1,-3,0,-1,1,0,2,4;6072,1826,-2,1,0,-4,0,-1,1,0,1,4;6054,1799,-2,-1,1,-2,1,3;6045,1763,-1,1,-2,-1,-1,-5,3,-3,2,5,-1,3;6047,1742,-2,0,1,-3,1,3;6048,1739,-2,0,-3,-9,1,-2,1,-6,3,-1,-2,-3,-1,-5,0,-6,2,-5,0,-9,1,-3,3,-2,0,4,-1,1,1,3,-3,7,2,3,1,7,-1,3,-1,0,1,5,-3,6,2,3,-1,9;6053,1726,1,3,-2,-2,1,-1;6045,1705,-1,2,0,-4,1,2;5608,1747,0,-2,0,2;5618,1821,-1,0,1,-1,0,1
IO	5606,2214,-1,2,-2,-4,2,0,0,3,0,-5,1,1,0,3
IQ	4879,1095,2,0,6,-6,3,1,3,-1,13,3,3,1,3,-3,3,1,1,1,1,5,2,2,6,-5,3,0,5,9,3,3,2,5,4,3,4,9,4,1,5,4,9,0,2,1,-4,2,-1,2,0,3,4,4,1,5,-4,3,-4,5,0,6,-3,0,-1,4,3,5,-2,6,8,9,3,0,0,3,4,2,3,5,-1,3,1,4,6,0,17,12,4,0,2,1,4,7,8,9,-2,10,1,10,8,0,2,13,7,5,3,6,3,2,-4,0,-5,-2,-3,2,-7,-3,-10,1,-2,2,-5,16,-5,6,-4,1,-35,-4,-62,-47,-39,-22,-26,-4,2,-3,-1,-3,-4,1,-2,-4,2,-1,-9,-22,37,-24,6,-2,4,-9,-2,-13,2,-9,-1,-4,-3,-7,0,-7,2,-4,7,-2,10,-11,0,-2
IR	5209,1352,-5,5,-2,-1,-9,4,-2,0,-1,-1,10,-5,-1,-3,4,1,6,-3,2,2,-2,1;5118,1090,5,0,10,-4,3,-7,8,-7,4,-1,15,0,0,-3,2,-1,16,1,3,2,2,4,13,3,7,4,3,1,3,-1,2,1,3,-1,11,4,5,7,14,7,8,8,16,0,1,2,4,12,-1,3,3,3,3,8,-1,5,-2,1,2,5,0,6,-2,5,-4,3,5,5,-5,1,-3,5,3,12,9,3,-6,9,1,2,9,20,1,10,3,9,18,3,2,3,3,9,0,2,-16,25,12,12,9,14,7,7,10,3,5,4,4,0,1,6,3,13,0,6,3,1,6,-1,3,3,-1,2,1,5,-1,1,0,4,-8,1,-8,2,-2,1,-1,4,-3,-1,0,2,-5,2,-1,10,-1,2,0,14,-3,2,-17,-4,-2,-4,-2,0,-2,3,-8,-2,-3,1,-6,-1,-4,-2,-9,1,-6,-3,-13,-1,-6,-3,-3,1,-1,-1,-9,-2,-7,-15,-3,-10,-3,-5,-4,-4,-9,-1,-5,1,-3,3,-6,1,-4,5,-3,0,-8,6,-5,1,-9,-5,-12,-1,-5,-3,-1,-2,-11,-5,-7,-5,-5,-7,-10,-5,-10,-1,-8,-7,0,-2,-5,-7,-1,-6,-5,-3,0,-5,-4,-2,-2,-7,-12,-13,-3,-7,-1,0,-9,4,-12,-7,-1,-1,1,-1,3,1,1,-1,-1,-2,-5,-1,1,2,-2,1,0,2,1,5,-1,2,-6,2,-3,-2,-3,-6,-7,-5,-2,-13,-8,0,-1,-10,2,-10,-8,-9,-4,-7,-2,-1,-4,0,-17,-12,-6,0,-1,-4,1,-3,-3,-5,-4,-2,0,-3,-3,0,-8,-9,2,-6,-3,-5,1,-4,3,0,0,-6,4,-5,4,-3,-1,-5,-4,-4,0,-3,1,-2,4,-2,-2,-1,-9,0,-5,-4,-4,-1,-4,-9,-4,-2,-2,-6,-3,-3,-4,-8,0,-4,-5,-4,-2,-5,1,-2,-6,-4,-3,0,0,-2,3,-9,-3,-2,-2,-11,-3,-2,-1,-6,-2,-1,-2,-4,7,-2,1,-6,2,-2,5,3,9,10,8,6,14,3,3,-1,5,0,5,-6,3,-1,9,-7,5,-4,4,-1,8,7,-3,2,0,2,0,2,4,2,0,2,-4,2,-1,2,8,6,2,0,4,5,6,-1,3,11,5,8,7,4,16,3,5,6,5,4,14,7,14,3,8,0,32,-8,3,0,-5,2,6,1,1,-2,-4,-11
IS	3741,399,5,-1,7,-2,4,0,-5,2,-4,4,7,1,-1,3,-2,3,7,-1,1,3,-3,2,5,-1,9,2,-1,3,-2,1,2,2,-2,1,3,2,0,2,-5,1,0,3,-4,2,-5,0,-3,6,-8,4,-16,3,-14,7,-21,4,-3,4,-2,0,-3,0,1,1,-8,1,-26,-3,-5,-3,1,-1,2,-1,-1,-1,-4,2,-8,-3,1,-2,-6,2,-21,1,-1,-4,1,-2,3,2,6,-1,6,-3,4,-4,3,-1,-3,0,-7,2,3,-2,-2,0,2,-3,6,-2,-1,-1,-8,3,-3,-2,1,-2,-3,-2,-15,-1,-8,2,-3,-2,3,-2,11,-2,2,1,5,-2,16,0,2,-3,-5,2,-7,-2,12,-5,-17,-3,-18,4,-9,-3,4,-2,7,2,-3,-2,0,-3,7,2,6,-2,-7,0,-2,-2,6,-1,-4,-3,1,-1,5,1,-3,-1,3,-2,6,2,1,2,6,-1,0,4,3,-1,0,-4,-7,-3,8,-1,-3,-1,-8,0,5,-3,7,1,16,8,-2,2,3,1,-2,3,-1,1,-4,0,3,2,0,1,2,0,-2,2,3,1,1,4,5,-7,2,-1,2,-1,4,2,2,-3,1,-7,3,-1,3,1,5,5,3,1,3,-7,9,-2,8,6,2,4,1,-2,-3,-6,1,-2,6,1,6,4,7,-6,5,2,6,-1,1,-2,-1,-4,5,-1,5,0,4,3,0,2,2,1
IT	4139,876,2,1,8,-2,5,1,4,-2,3,-4,-1,-3,6,-4,1,5,4,3,3,1,0,2,3,4,2,0,-1,-4,5,-7,0,-5,1,0,2,0,2,4,8,-1,3,3,1,0,-2,-6,1,-3,2,0,2,1,3,1,-1,-3,1,-5,10,2,3,-4,2,-1,11,0,7,-3,0,4,5,6,26,4,0,2,-5,3,-1,2,1,1,4,1,-2,3,0,1,2,1,0,4,3,1,3,3,-3,1,1,-1,-3,-3,-3,1,-5,-1,-4,3,-10,4,-1,0,2,-2,-1,0,-4,3,-1,5,4,5,2,1,-2,5,-2,-1,-1,2,4,13,6,6,18,10,6,10,5,12,11,11,13,8,16,0,5,1,0,3,-5,4,0,2,14,7,11,5,8,5,10,5,12,10,0,3,-2,7,-6,-2,-5,-9,-9,-2,-3,-1,-2,-3,-3,0,-2,2,-5,8,-2,9,1,3,5,1,7,5,1,10,-1,2,-3,0,-4,1,-3,2,-1,2,0,8,-5,4,-4,8,-7,0,-2,-3,0,-3,1,-3,3,-1,1,-9,6,-2,0,-5,-3,-2,-2,-8,-8,-16,-2,-1,-6,-1,-7,-4,-1,-2,1,-1,-1,-3,-4,-5,-8,2,2,-3,-3,-2,-6,0,-4,-8,-3,-3,-10,-1,-3,1,-5,-4,-4,-2,-12,-11,-6,-4,-4,-5,-7,-3,-4,0,2,-1,0,-2,-8,-7,-2,-3,-4,-1,0,-6,-5,-7,-2,-9,-1,-2,-3,-2,-6,-2,-9,-6,-11,-2,-4,2,-11,11,-10,3,0,-2,4,-6,-1,-2,-7,1,-8,-5,-1,-4,3,-5,-1,-3,-5,-2,-2,-4,0,-1,1,-1,3,0,5,-2,1,-4,-7,-9,0,-1,4,-3;4250,926,0,-2,-1,0,-1,1,2,1;4210,952,0,3,-2,-1,-4,1,0,-1,6,-2;4284,1005,-1,0,0,-1,2,1,-1,0;4250,1104,-2,0,0,-2,2,1,0,1;4322,1068,-7,10,-2,9,0,3,3,2,-1,1,2,4,-3,5,0,4,-7,-1,-6,-2,-5,-6,-3,-1,-7,-1,-18,-11,-6,-1,-3,-2,-2,-3,2,-6,4,-4,4,4,3,-1,2,-3,2,0,11,6,5,-2,10,0,5,-3,7,0,8,-3,3,0,-1,2;4196,1001,4,9,-3,6,2,6,-2,22,-2,0,-9,-2,-1,7,-2,1,-5,0,-5,-7,-1,-7,1,-6,2,0,0,-3,-3,-2,1,-9,-2,-6,-4,-3,1,-7,2,2,5,0,5,-3,8,-7,8,6,-1,2,1,1;4174,1046,-1,3,-1,-4,2,1;4169,997,-2,1,2,-3,0,2
JE	3961,795,0,1,-4,0,0,-2,4,1
JM	2310,1564,7,2,4,4,8,2,2,6,-7,1,-7,-2,-2,3,-2,0,-1,-2,-1,1,-2,4,-3,-3,-9,-1,-5,-7,-6,-2,0,-3,3,-2,5,-1,2,-1,14,1
JO	4756,1205,2,1,4,4,4,1,3,3,10,2,38,-27,9,22,-2,1,2,4,4,-1,1,3,-6,6,-41,13,25,25,-7,4,-3,8,-16,4,-4,9,-9,7,-23,-4,2,-19,0,-8,4,-17,-1,-3,0,-8,2,-5,-2,-22,4,-3
JP	6779,1118,-1,1,-2,0,-2,-3,2,-1,3,3;6862,1078,-3,-1,1,0,-1,-3,-2,-1,-1,-2,2,-6,3,6,2,0,1,4,-2,3;6834,1166,-1,2,-2,0,-3,-2,2,-4,2,-2,1,0,-1,3,2,3;6784,1267,-4,0,-2,-3,1,-2,4,2,1,3;6790,1264,-2,0,-1,-1,0,-6,1,-4,1,5,1,6;6753,1218,-2,1,-1,-1,1,-2,-2,-1,-1,-4,3,-1,2,1,1,4,-1,3;6717,1170,-1,1,-1,-1,-1,-5,3,1,0,4;6717,1165,0,1,-3,-2,-1,-6,2,-2,2,4,-1,3,1,2;6717,1204,4,1,2,2,-2,1,0,1,-1,0,-3,-5;6757,1213,-3,-1,2,-1,2,0,-1,2;6804,890,0,2,-5,-5,2,1,3,2;6812,896,-4,-1,-1,-2,1,-1,3,2,1,2;6824,971,-3,-2,1,-1,1,-1,1,4;6820,1161,-2,2,-2,-3,3,0,1,1;6924,1155,1,1,-2,0,-1,-2,2,1;6725,1203,-2,-3,0,-5,3,4,-1,4;6730,1193,-2,1,1,-4,2,0,-1,3;6732,1180,-1,1,-2,-1,0,-3,3,3;6786,1171,0,1,-2,-1,1,-2,1,2;6782,1175,4,1,-1,1,-4,0,-1,-2,2,0;6751,1232,-1,-1,1,-2,0,3;7061,1359,-2,-2,2,2;6879,921,5,0,11,4,5,0,2,-1,4,-9,3,12,3,5,10,9,4,0,2,-2,3,0,-3,2,0,3,-3,0,-6,4,-5,2,-9,-1,-3,2,-4,7,0,5,3,8,0,2,-19,-6,-18,-8,-9,1,-5,5,-9,-6,-5,0,0,3,2,4,6,4,5,0,13,8,-2,2,-8,-2,-1,3,0,4,-1,2,-4,0,-4,-3,-3,-9,-3,-4,-8,-5,-4,-7,-1,-2,3,-2,3,-6,0,-2,-6,-6,1,-1,9,3,7,1,3,-1,0,-2,-5,-9,-1,-9,-4,-6,-1,-6,-9,-11,-6,-5,-3,-6,3,-1,1,-2,1,1,32,20,28,14;6762,1183,4,1,4,-2,3,1,1,3,-1,6,8,0,0,4,3,1,0,2,3,3,-3,10,1,15,3,5,0,7,-6,-1,0,1,2,3,-3,4,-3,3,-1,-7,-4,-8,1,-1,-1,-2,-3,0,0,4,1,4,3,3,0,2,-9,-2,-3,-3,3,-1,-1,-4,-4,-4,-3,-9,3,-3,1,-10,-4,-1,1,-2,-1,-2,-7,-7,-3,-2,-2,2,4,6,3,0,2,4,-2,1,-5,-3,-4,5,-1,-3,-4,-4,-2,-5,5,4,4,1,-4,-4,-9,-5,0,-3,5,1,-2,-3,5,-3,1,-1,4,-1,0,-5,4,-3,6,2,4,5,3,1;6822,1167,7,1,4,9,2,1,-6,5,-1,5,1,4,-7,-5,-7,-1,-6,4,0,7,-2,2,1,4,-2,2,-1,0,-3,0,0,-4,-5,0,-3,-4,-1,-6,-2,-1,-1,-2,-7,2,9,-9,0,-7,2,-3,6,4,1,0,7,-2,1,-3,-2,-3,2,0,4,-2,2,-1,7,3;6870,989,5,-1,3,8,7,9,2,3,12,8,8,8,4,4,4,9,3,8,-3,4,0,5,3,9,-6,2,-1,4,2,5,9,12,4,9,1,3,-2,4,0,3,4,12,3,5,10,8,-4,2,-2,4,2,6,0,2,-4,3,-2,4,-2,-1,-1,-1,0,-1,-4,-7,2,-7,-3,-2,-3,0,0,4,-1,2,4,4,0,3,-6,-4,-5,0,0,3,2,8,0,4,-2,2,-3,-2,-2,-7,2,-1,-6,-3,-2,1,-3,9,0,3,-14,-1,-9,2,0,-1,3,-2,-1,-2,-5,0,-2,-2,1,3,-2,0,-3,-6,0,-2,-2,0,-1,2,0,7,9,7,1,2,-9,4,-3,15,-4,2,-5,-1,-12,-12,-3,-7,3,-3,0,-3,0,-2,-2,-1,-6,1,-8,-4,-10,1,-4,5,-10,3,-5,3,-3,-1,-6,2,-6,-2,-2,0,-1,3,2,10,-11,-6,-9,3,-4,-2,-3,1,-4,-7,2,-3,7,-1,3,-5,4,-3,5,-7,4,-7,1,-3,3,-3,7,-1,3,3,5,-2,7,1,22,-6,3,0,0,3,3,2,8,1,3,-3,2,-4,-4,-6,-1,-3,1,-2,2,-4,2,-9,-1,-6,-4,-6,0,-4,8,-4,2,2,-2,4,-3,3,0,1,3,2,3,5,6,2,1,0,2,-5,13,-6,3,-7,0,-9,6,-4,1,-2,-2,-11,1,-9,-2,-9,0,-4,-3,-6,-4,-5,-6,-2,0,-1,2,-2,-2,-6,-7,-8,0,-3,3,-1,1,-2,-5,-9,6,0,6,8,2,1,1,0,0,-2,1,0,5,1,1,-3,-4,-5,-1,-1,-7,3,-1,-3,-2,-7,8,4;6690,1412,-1,4,-2,0,-1,-2,0,-1,2,0,2,-3,0,2;6682,1418,-4,0,0,-1,1,-1,0,-1,4,1,-1,2;6714,1406,-4,1,0,-4,4,3;6761,1358,-5,5,-2,1,2,2,-2,2,1,3,-3,1,-1,-8,2,-1,2,-3,-2,-1,0,-2,3,2,1,-1,2,-5,2,1,0,4;6769,1331,-2,0,-1,-4,1,0,2,4;6775,1319,-1,2,-5,-3,2,-3,4,-1,3,-3,1,3,-4,4,0,1;6773,1322,-2,0,-1,-2,3,2;6950,1197,-2,-2,3,1,-1,1
KE	4910,2083,0,-1,3,-2,0,2,-3,1;4753,2054,1,-30,5,-10,5,-7,2,-4,3,-3,4,-3,0,-3,4,-7,0,-3,-2,-18,-4,-8,-3,-3,-2,-5,-1,-1,-1,-6,0,-6,-6,-4,1,-2,-1,0,-4,-8,28,-32,0,2,2,1,3,-2,6,2,1,5,0,9,5,8,20,2,26,19,32,5,3,-3,4,-7,21,-11,8,8,17,0,-12,19,-8,10,0,93,12,17,1,3,-6,7,-4,1,-2,-1,-1,3,-2,-1,0,6,-5,7,-6,0,-4,3,-1,4,0,5,-1,6,-3,2,-3,6,-3,10,-8,16,-2,0,-2,2,0,-1,-31,-25,-2,-3,-2,-1,2,-7,-1,-5,-80,-50,-3,-1
KG	5451,1017,7,-1,5,2,2,0,2,1,5,-3,2,-4,2,0,3,1,-1,-4,5,1,2,-3,6,-4,-3,-1,-7,-1,-8,-4,-3,0,-2,-3,-6,-1,-1,-3,-6,-5,-1,1,1,4,-1,0,-2,0,1,5,-12,-3,-1,0,-4,-5,-4,1,-7,-3,7,-9,3,-1,0,-3,6,-3,-5,-3,-1,1,-2,-2,3,-8,4,-3,8,-1,10,1,10,3,3,2,9,2,5,2,-3,-5,-1,-10,6,-3,1,-2,4,0,1,-1,14,7,12,3,6,1,3,-3,14,0,9,-1,5,1,27,2,8,2,5,0,8,7,11,2,8,5,2,4,-8,1,0,3,-9,3,-9,5,-6,5,0,2,-3,5,-6,1,-4,1,-14,-1,-1,1,-2,6,-1,8,-2,2,-2,-2,-7,3,-4,0,-5,-8,-8,5,-5,-1,1,4,-3,0,-4,5,-8,2,-1,6,3,5,-2,3,-2,0,-5,0,-6,3,-12,0,-4,1,-1,3,-5,-4,-5,2,-1,-1,-1,-3,-5,-1,-2,-3,-7,3,-1,2,-4,0,-5,-4,-2,-1,-5,1,-2,-1,-12,1,-6,1,-3,-6,0,-4,1,-1,3,1,0,-3,0,-1,8,-3,11,4,2,2,2,-1,0,-2,5,-3,0,-1;5459,1026,-1,-3,0,-1,-3,-1,-2,-2,0,2,2,2,0,3,4,0;5470,1024,0,-1,-2,1,2,1,0,-1;5449,1027,-5,-1,2,2,3,-1
KH	6276,1745,-1,0,0,-3,1,3;6284,1759,-1,1,-2,-2,3,1;6366,1659,0,4,-2,4,0,6,7,18,-1,10,2,8,0,7,-2,4,-2,-1,-2,0,-6,6,-4,1,-1,1,-6,1,0,7,-9,-2,-1,3,-2,0,1,9,8,6,0,6,-5,-2,-2,1,-2,-4,-1,0,-7,1,-2,3,-6,-2,1,6,-4,4,-6,0,-3,3,-4,-3,-7,-2,-2,-1,0,2,-4,1,-2,-1,-1,-3,3,-2,0,-3,-2,-4,-3,-3,-3,6,-5,0,-2,-7,1,-7,-3,-3,-1,-3,-1,-1,-1,1,-5,-9,-1,-5,1,-4,-6,-6,-2,-9,-4,-6,0,-7,5,-1,-1,-2,10,-15,10,-4,10,2,18,-2,4,1,2,4,3,-3,1,4,3,2,4,-1,5,1,4,4,3,1,1,-4,-4,-7,4,-1,1,-2,3,0,3,-3,7,6,3,0,2,-2,2,0,3,-4,3,0,2,-3
KI	7840,1950,-1,1,1,-1;7838,1952,-2,0,2,0;7843,1982,-2,-2,2,2;7843,1986,-1,0,1,-3,0,3;7844,2003,1,1,-2,4,2,-3,-2,-2,1,0;7877,2049,-1,1,0,-5,-2,-1,3,1,0,4;7883,2059,-1,1,-1,-3,2,2;7844,1995,3,-1,-3,1;7767,2051,-1,-1,1,1;178,2142,1,0,-1,0;200,2141,-1,0,1,0;127,2146,-1,0,1,0;560,2132,-1,-1,2,-1,-1,2;648,2317,-1,-2,1,2;543,2170,-2,0,2,0;505,1982,4,3,-2,0,-3,-1,-4,-3,1,-1,2,2,2,-2,-3,-2,4,1,-1,3;463,1930,2,2,-1,1,-2,0,2,-1,-1,-1,-1,1,-1,-1,2,-1;187,2098,2,3,-1,-1,1,0,-2,-2
KM	4982,2333,1,3,-1,4,-6,-5,3,0,1,-2,2,0;4966,2338,2,2,-5,-1,0,-2,3,1;4959,2328,-3,-1,-2,-3,2,-9,2,1,0,5,2,6,-1,1
KN	2629,1598,-2,0,0,-2,2,1,0,1;2627,1595,-4,-2,0,-2,2,1,2,3
KP	6646,1057,-1,7,-2,1,-20,1,-4,9,1,4,-7,-3,-3,1,0,3,-3,-4,-3,0,-4,-3,-2,1,0,4,-2,2,-2,0,-2,-3,-8,-2,4,-3,-1,-1,-11,-1,2,-3,-1,-2,1,-6,4,-3,5,0,-10,-3,-1,-2,1,-10,-4,-6,-6,-2,-9,-4,1,3,-2,1,-4,-5,-5,-3,-2,-5,5,-9,2,0,1,-2,5,-2,2,-3,1,0,1,-3,4,-1,3,-10,1,-1,-2,-7,4,-3,10,6,11,2,7,0,3,1,0,-5,-9,-7,-1,-3,17,-1,3,-4,-1,-5,2,-1,3,2,2,-2,-3,-8,-1,-6,9,3,2,4,8,4,8,7,-5,0,-3,3,-3,11,1,3,6,7,5,12,-6,3,-1,6,-6,4,-1,5,-3,2,-6,1,-1,3,-5,2,4,11,-2,-1,0,3,2,2,9,3,18,11;6563,1035,-1,-2,1,0,0,2
KR	6620,1079,-1,-4,4,-9,20,-1,2,-1,1,-7,10,12,26,22,4,6,5,8,4,10,3,7,2,1,2,-1,1,3,2,11,0,8,-4,2,-10,0,-1,2,2,4,-8,-2,-2,-2,-6,1,-1,2,3,3,0,1,-1,1,-4,-4,-2,1,0,2,3,3,-1,4,-4,-2,0,-3,-1,-3,-3,4,-1,4,-4,-1,-2,2,0,2,-1,1,-2,-5,-7,-4,1,-2,4,1,-1,-2,2,-1,-4,0,-6,-9,0,-8,2,-2,-4,-2,3,-3,0,-3,-3,-1,0,-2,-5,-4,-3,-8,-4,-5,-2,1,-5,-1,-1,-2,0,-3,4,-3,7,1,3,4,1,-3,-3,-1,-5,-6,0,-2,-5,-4,-5,-7,1,-1;6699,1153,-1,2,-5,-3,2,-4,1,0,3,5;6685,1153,0,3,-1,0,-1,-2,-2,1,-2,-4,1,-1,3,1,2,2;6651,1164,-3,-1,1,-4,3,2,-1,3;6618,1080,1,3,-2,0,-3,-4,1,-1,3,2;6662,1165,1,1,-2,0,-2,-2,3,1;6681,1158,0,1,-1,-1,0,-2,1,2;6631,1111,0,1,-2,-1,-2,-3,4,3;6646,1155,-1,0,-4,-3,1,-2,3,3,1,2;6712,1086,0,1,-2,-1,0,-1,1,-1,1,2;6664,1193,-2,0,-3,-2,3,-4,8,-2,3,1,1,1,0,3,-3,2,-7,1
KW	5031,1284,-2,0,-3,-5,2,-4,4,5,-1,4;5038,1311,-17,0,-2,-2,-4,-9,-20,-3,7,-11,4,-12,3,-2,7,0,8,3,4,10,-4,-1,-4,5,7,1,4,10,7,11
KY	2222,1542,5,0,1,1,-7,1,0,-3,1,1;2254,1533,-4,1,4,-1;2257,1533,-2,0,4,-1,-2,1
KZ	5000,902,-1,1,-3,-3,1,-3,1,0,-1,3,3,2;5002,899,-1,-1,0,-1,1,0,0,2;5046,888,-2,-1,0,-1,2,2;5435,967,-4,2,-2,3,-3,-1,-5,7,-7,3,-5,4,0,1,-4,1,-1,2,-1,4,-3,4,-2,4,2,6,-4,1,-9,-5,0,-6,-5,-4,-22,2,-3,-1,-10,-21,-10,0,-6,-24,-5,2,-9,-10,-5,-3,-10,-7,-8,4,-25,-2,-24,3,-21,-17,-5,-5,-57,-29,-47,14,23,91,-8,2,-3,-1,-16,-17,-17,-9,-8,1,-12,3,-4,3,-5,7,-3,-8,1,-8,-2,-9,-3,-1,-4,0,-2,-1,-6,0,-7,-8,-7,0,-2,-8,-6,-6,-7,-11,-3,-2,-8,-2,-2,-3,0,-3,2,-1,9,0,7,3,7,-1,-5,-2,-7,-6,0,-3,3,-3,2,-6,19,-1,11,2,5,-1,-8,-4,-2,-2,3,-9,0,-6,-3,-7,1,-4,-1,-2,-3,-4,-3,-1,-9,-1,-6,4,-3,-2,-5,-1,-3,-2,-9,-2,-5,1,-6,4,-3,0,-8,7,-11,2,1,3,-1,-1,-2,2,1,1,-14,-6,-2,-2,0,-3,7,2,1,-1,0,-1,-11,-13,-10,-10,-14,-2,-3,1,-6,-5,0,-4,-2,-3,-9,-4,-2,-4,1,-6,4,-8,-6,-6,0,-8,1,-4,5,-5,-1,-5,2,-3,2,0,6,3,12,10,2,1,6,-2,1,-3,-9,-14,4,0,8,-6,2,-5,6,-1,7,-4,7,-11,7,2,5,4,5,0,6,-4,4,-1,2,0,7,5,14,0,19,11,7,6,3,5,2,1,1,-1,0,-2,-5,-7,2,-2,16,9,7,2,6,-3,1,-4,5,-4,3,1,7,-2,3,1,6,3,4,0,2,-4,10,0,14,9,11,2,2,1,1,2,4,-2,1,-5,2,-2,8,4,10,0,7,-4,1,-9,-2,-2,-4,-3,-19,-5,-3,-3,-8,-4,6,-4,4,-1,5,-4,-8,-9,3,-7,6,0,12,1,1,-2,-2,-2,-8,-3,-9,-1,-1,-1,0,-3,3,0,2,-2,-2,-1,-4,0,-5,-1,1,-4,-1,-5,1,-1,2,-1,12,3,1,-1,9,-1,2,-1,8,-1,1,-2,12,-1,10,-4,4,1,4,-1,4,1,1,0,0,-4,4,-2,4,0,3,-2,6,1,25,-5,2,-2,6,-1,1,-2,-2,-2,5,-1,7,-5,9,1,15,5,5,-3,4,-1,5,5,11,12,2,6,-1,2,1,1,5,2,12,-1,1,-3,2,0,5,5,3,4,3,-1,-2,-3,1,-1,5,1,8,4,3,-1,4,-2,1,1,1,2,-4,3,-1,3,1,2,4,4,3,-3,3,-1,7,1,4,2,1,-1,-1,-3,5,-4,5,0,2,-2,2,-2,0,-3,4,0,9,-5,4,-1,5,-2,0,7,-4,0,2,3,34,18,51,43,19,17,1,1,0,-2,1,-2,4,-1,-2,-6,4,-2,3,0,2,2,4,0,1,6,6,0,4,5,9,-1,4,2,7,-1,2,-1,1,-3,5,0,2,-2,4,0,14,5,13,13,6,1,9,3,3,4,7,7,20,3,5,-7,1,0,2,2,-1,2,1,2,4,1,6,5,5,2,3,3,-5,0,-4,1,-1,3,3,6,-2,4,-14,3,0,5,1,7,10,16,-2,5,-4,1,-7,5,-4,-4,-13,0,-20,-6,-1,1,1,5,1,34,1,2,7,2,1,3,0,4,-6,-2,-6,2,-3,-2,-4,-3,-14,5,-4,0,-11,3,-2,3,3,3,5,-1,5,3,-1,1,0,3,5,11,10,13,3,4,0,3,4,3,0,2,-3,-1,-4,2,0,2,4,2,-5,2,0,2,0,3,5,9,0,1,-8,-5,-11,-2,-8,-7,-5,0,-8,-2,-27,-2,-5,-1,-9,1,-14,0,-3,3,-6,-1,-12,-3,-14,-7,-1,1,-4,0,-1,2,-6,3,1,10,3,5,-5,-2,-9,-2,-3,-2,-10,-3,-11,-1,-10,2,-3,5,-1,5,2,2
LA	6219,1466,12,12,3,5,1,0,2,-3,0,2,3,1,0,11,7,9,12,5,2,0,3,-4,4,-2,12,7,-1,3,-3,3,6,1,2,4,4,1,2,4,-3,7,-3,3,-7,-1,-5,0,1,5,-3,4,20,13,10,4,-1,3,1,3,6,5,3,1,6,11,21,19,2,8,3,4,2,1,2,-2,2,4,12,8,0,3,-4,3,3,5,7,6,2,3,-2,7,1,7,-2,3,-3,0,-3,4,-2,0,-2,2,-2,1,-8,-7,-3,3,-3,0,-1,2,-4,1,4,7,-1,4,-3,-1,-4,-4,-5,-1,-4,1,-3,-2,-1,-4,5,-3,1,-3,0,-9,-2,-8,0,-3,2,-3,0,-4,-6,-4,-1,-4,-8,-5,-6,-7,-2,-5,-1,-6,0,-10,-3,-4,-7,-6,-13,-16,-4,0,-7,-3,-4,1,0,3,-2,1,-2,5,-5,2,-2,4,-3,-4,-11,-6,-3,3,-4,1,-1,4,-5,4,-5,6,-1,0,-5,-3,3,-14,0,-3,-3,-4,2,-5,1,-9,-3,-8,0,-6,-6,-2,-7,3,-5,-3,-1,-3,2,-10,-6,-6,-4,3,0,-8,3,-5,6,-2,-3,-2,0,-1,3,-7,7,-5,1,-3,1,1,0,3,3,6,6,-1,4,2,2,-2,-2,-2,-2,-13,-4,-4,-2,-7,1,-2,1,-3,1,-1,3,3,4,-2,2,2
LB	4755,1158,8,-1,1,1,-2,3,4,2,3,5,-3,4,-3,3,2,2,-6,1,-1,1,-1,3,2,2,-8,9,-2,-1,0,4,-2,1,-6,0,8,-24,0,-6,3,-5,3,-2,0,-2
LC	2659,1681,-2,3,-2,-2,0,-2,4,-6,0,7
LI	4188,848,-2,0,1,-5,2,4,-1,1
LK	5769,1787,-1,0,-1,-3,2,3;5768,1801,1,2,-4,-3,3,1;5769,1782,6,0,11,11,5,10,2,1,5,7,0,4,4,2,1,7,6,9,5,12,0,10,-1,7,-3,5,-7,6,-13,5,-5,1,-5,-1,-4,-4,-6,-17,-5,-34,1,-3,0,6,1,1,1,-1,0,-9,2,-7,-1,-5,4,-8,-1,-9,5,3,3,-1,-4,-3,-5,-1,-2,-2,0,-2
LR	3745,1855,5,-8,14,-13,2,-8,5,-3,1,-8,3,-1,2,3,6,-3,1,2,2,0,3,3,3,16,-2,7,5,1,3,4,5,-1,3,-6,1,-4,3,0,3,4,3,11,-1,7,-6,7,4,1,3,4,7,1,2,1,2,6,8,4,1,7,-1,6,-2,5,-1,1,0,7,1,11,-16,-6,-20,-11,-25,-26,-11,-6,-2,-4,-9,-5,-5,-6
LS	4613,2786,-8,1,-6,8,-2,4,-6,0,-7,-8,-1,-3,-5,-13,6,-5,9,-13,5,-2,6,-4,9,-3,7,7,7,6,1,4,-2,8,-4,3,-1,5,-8,5
LT	4388,649,-1,0,3,-8,0,3,-2,5;4425,671,-3,-5,2,-7,-4,-3,-1,-2,-10,0,-13,-5,-3,0,0,-4,-5,-9,-1,-6,10,-5,8,-2,14,0,4,2,2,-2,18,3,6,-1,6,-3,5,5,12,3,12,8,7,2,-2,7,7,2,-3,3,-6,0,-1,3,-6,2,-2,5,1,4,-2,6,4,1,0,2,-1,1,-4,0,-1,-3,-7,3,-3,0,-2,4,-2,0,-6,2,-2,-1,-12,0,-2,0,-1,-5,-2,-1,-9,-5,-2,1
LU	4118,773,0,2,2,3,5,3,-2,8,-3,-1,-4,1,-4,-2,2,-2,-3,-4,0,-3,4,-6,3,1
LV	4491,640,-7,-2,-12,-8,-12,-3,-5,-5,-6,3,-6,1,-18,-3,-2,2,-4,-2,-14,0,-8,2,-10,5,-2,-17,4,-5,1,-7,4,-6,15,-3,2,3,10,6,3,6,7,2,5,-1,8,-5,-4,-15,14,-4,2,1,1,-1,1,0,12,5,7,6,3,1,9,-2,4,2,5,0,2,3,6,3,1,2,-2,8,3,0,4,6,2,1,4,7,-1,3,-4,1,-4,4,-1,3,-10,-1,-1,0,-2,3,-4,1
LY	4203,1268,8,-4,6,-10,1,-4,-3,-13,3,-5,4,-2,3,-4,4,-4,14,-9,1,-2,-2,-3,1,-14,6,2,10,6,10,2,11,-3,6,2,13,3,8,5,14,3,4,6,0,4,4,8,4,6,9,4,14,2,23,7,8,4,11,9,6,3,4,0,3,0,9,-5,8,-12,0,-6,-5,-9,-1,-7,2,-7,7,-8,14,-9,7,0,5,-4,11,1,20,7,1,7,4,3,11,2,7,4,12,-1,6,2,4,7,-5,9,3,16,-1,6,-3,6,7,26,6,107,5,124,-22,0,1,12,-177,-99,-38,21,-17,-14,-33,-9,-10,-20,-18,-6,-5,2,-3,-1,-4,-7,-2,-6,-1,-7,-13,-21,1,-5,8,-5,1,-8,-2,-5,-2,-7,4,-11,-3,-20,0,-14,-4,-13,-7,-12,4,-3
MA	3954,1146,1,3,7,6,-1,3,3,4,-2,2,2,5,0,10,2,5,-1,7,4,13,8,6,0,2,-3,3,0,6,-26,0,-9,1,-1,1,-2,5,-9,3,-7,1,-2,1,2,7,-1,4,4,3,-1,3,-7,1,-7,6,-14,5,-4,8,-6,5,-12,3,-10,1,-1,4,-3,2,-11,-1,-7,5,-4,1,-21,16,-1,27,-3,0,1,12,-1,2,-13,0,-7,6,-2,0,-5,-1,-5,1,-6,-3,-4,-1,-14,3,1,4,0,3,-4,4,-5,9,-7,3,-9,29,-12,9,-7,13,-10,4,-3,3,-5,15,-3,20,-9,11,0,3,-3,6,-5,1,-23,-1,-21,2,2,-12,3,-7,2,-3,4,-1,4,-7,1,-6,3,-5,-1,-1,10,-18,0,-1,-4,4,1,-4,7,-6,9,-10,4,-2,3,-4,2,-17,7,-13,2,-9,19,-12,9,-23,5,-6,4,-2,7,-1,10,-3,9,-4,11,-11,13,-8,6,-8,12,-19,1,-6,-1,-2,-4,-7,2,-18,3,-7,7,-9,3,-13,16,-17,4,-3,16,-6,14,-9,12,-20,9,-25,7,-1,4,-3,3,1,-1,1,0,3,1,3,9,8,4,2,6,1,14,-3,6,2,4,-1,5,-4,3,7,13,1
MC	4149,930,-1,0,1,0
MD	4519,819,4,-4,8,1,6,-3,5,2,6,4,4,0,1,1,0,1,2,0,1,2,1,-2,5,1,3,4,4,0,3,4,-1,7,9,6,0,3,2,4,6,4,2,2,0,5,5,3,-1,1,-5,0,-3,-2,-1,1,-7,-1,-1,2,-1,-4,-5,2,0,2,2,5,0,3,-4,3,0,2,-4,4,1,4,-6,1,-3,-3,2,-1,-3,-8,1,-12,0,-5,-5,-8,-10,-9,-7,-7,-8,-13,-4,-2,-4,0
ME	4385,935,1,2,9,7,7,2,6,4,2,2,-3,2,-3,0,1,5,-2,2,-3,0,-2,-4,-1,1,-7,11,2,2,0,5,-3,-2,-7,-7,-5,-3,0,-2,-3,0,-2,-2,2,-3,-2,-3,0,-6,3,0,1,-5,3,-3,4,1,-2,-6,4,0
MF	2620,1574,-2,0,1,-1,1,1
MG	5093,2342,8,16,2,12,2,12,1,17,3,11,1,6,-2,6,-3,6,-3,2,-3,-4,-2,-8,-3,-1,-2,2,0,14,2,5,0,6,-3,5,1,3,-4,3,-4,8,0,16,-4,11,-11,30,-16,46,-12,28,-11,35,-4,9,-6,14,-3,5,-7,4,-13,3,-14,8,-7,0,-8,-6,-10,-3,-1,-2,-5,-3,-2,-9,-5,-9,1,-14,2,-5,-3,-12,-4,-7,-1,-10,1,-11,4,-8,2,-7,7,-4,3,-8,8,-13,4,-11,2,-12,-4,-9,0,-9,-3,-11,0,-12,-1,-6,1,-5,11,-17,0,-10,2,-2,9,-1,7,-6,3,2,6,-1,2,-4,10,-2,3,4,2,0,1,0,-2,-2,0,-3,4,-5,10,-7,1,0,1,6,1,-1,1,-3,0,-4,4,-5,2,-5,3,-1,0,3,-2,4,2,0,6,-9,5,1,-4,-3,0,-5,5,-10,-2,-4,1,-3,2,-2,5,3,4,-5,5,-2,4,-4,3,-11,-3,-9,4,-1,6,-9,2,1,5,8;5065,2365,0,1,-2,0,-1,-4,2,0,0,-1,1,0,0,4;5095,2454,-2,5,0,-4,5,-6,-3,5
MH	7762,1882,-1,1,1,-4,2,-1,-2,4;7741,1845,-3,0,3,0;7802,1851,5,2,-5,-2;7792,1849,3,2,3,-1,-3,1,-3,-2;7687,1748,-1,0,1,0
MK	4436,967,14,-3,7,7,5,2,5,7,-1,10,-3,0,-1,4,-2,1,-12,0,-4,4,-4,2,-4,-1,-1,1,-8,1,0,-2,-4,0,-6,-9,-2,-6,2,-1,0,-7,3,-1,1,-5,5,-2,5,2,2,-3,3,-1
ML	3749,1717,0,-2,-2,-2,2,-10,-5,-11,-3,0,-2,2,-5,-8,3,-6,-2,-3,0,-6,-4,-6,1,-5,-2,-4,4,2,3,-4,4,-13,6,-6,12,13,1,0,5,-7,6,-1,10,2,11,-2,1,-4,2,-2,0,4,3,1,81,0,3,-20,-6,-7,-19,-212,39,0,129,98,0,7,10,7,2,4,1,1,10,2,5,5,15,5,2,2,0,6,1,3,-3,7,3,3,3,1,18,-4,1,54,-1,11,-7,20,-8,7,0,3,-10,-1,-1,2,-37,2,-8,7,-15,0,-1,2,-10,-4,-4,1,-3,-2,-3,1,-2,0,-6,6,-14,8,-6,1,-2,7,-2,0,-7,-2,-3,1,-6,7,-2,7,-7,0,-1,10,-5,2,-9,-5,-2,0,-6,7,2,8,-6,3,1,2,0,6,-6,7,-9,3,-4,3,2,8,-1,4,-2,6,-3,2,0,7,-1,9,-7,0,-4,5,-5,-1,1,-4,-1,-8,-4,1,0,3,-3,-1,-2,-1,-1,7,-6,1,0,4,-1,1,-2,-2,-6,-1,0,-2,-3,-3,-3,0,-4,5,-4,2,0,-4,-6,-4,-1,-13,-3,-1,-3,1,-1,0,5,-9,-5,-4,-1,-2,-3,-2,0,-6,-4,-11,-2,-2,-4,-1,-2,0,1,4,0,1,-7,3,-1,3,-3,0,-10,-4,-4,1,-3,5,-2,1,-5,-7,-3,1,-3,3,-3,1,-4,-5,3,-5
MM	6184,1518,-5,-3,-4,2,-6,0,2,5,-3,2,-6,-1,-2,8,-12,2,-8,-1,0,2,-3,5,1,9,-2,5,2,8,-4,2,-4,0,3,4,1,2,3,0,3,9,0,3,19,21,2,6,5,10,1,1,3,-3,1,1,-1,5,-5,3,2,17,-2,0,-5,3,-1,3,3,8,8,12,9,7,5,9,2,12,-1,3,0,2,3,7,5,5,2,9,4,10,-8,17,-8,12,1,5,-1,6,-3,4,-2,-3,0,-5,-2,-8,4,-8,0,-3,1,-3,-1,-9,3,-3,-2,-2,-2,2,-1,-1,0,-12,-2,0,1,-3,-1,-2,0,-6,-3,-12,-9,-15,-1,-6,-1,8,-1,-1,-1,-11,-5,-13,0,-1,2,1,-2,-3,-1,1,-2,-3,-5,-26,-4,-3,0,-11,2,-3,-8,1,-5,-9,-1,-5,-8,-8,1,2,-1,3,2,4,-2,8,-3,4,-4,2,-3,-3,-1,-4,-2,0,2,5,2,3,-4,3,-2,0,0,2,-5,2,-1,5,-6,6,-2,-1,1,-5,-1,-3,-3,7,-5,0,-2,-9,-2,5,-2,2,-1,-16,-1,5,-4,6,-3,2,-1,0,-1,-13,1,-3,1,-12,2,-5,0,-6,-6,-16,-7,-13,1,-1,-4,-4,-2,-9,-2,3,1,4,0,2,-6,-3,-5,-8,1,-1,6,4,3,-2,0,-3,-3,-3,-3,-4,-3,-2,2,-3,-3,0,-4,-3,-4,-1,-2,1,2,3,0,1,-2,0,-3,-5,1,-3,-1,0,0,-5,-1,-1,-2,7,-2,-2,1,-3,-1,-2,-4,-4,2,7,-9,-10,-7,-15,3,-4,6,5,1,-1,-4,-17,2,-4,4,3,2,0,2,-4,2,-1,-4,-13,1,-8,3,0,1,-1,0,-6,-1,-9,-4,-10,4,3,4,-1,11,3,1,-11,5,-11,2,-7,-2,-3,-3,-2,1,-4,3,-3,2,-5,0,-5,2,-3,-3,-8,0,-6,6,-4,8,-8,3,-4,2,-1,12,-2,5,5,4,1,-6,-9,-2,-3,1,-3,7,-6,-2,-7,3,-7,1,-1,5,4,3,0,5,6,8,15,1,0,2,-3,4,2,7,22,2,13,-2,3,3,5,-3,2,-2,5,-4,1,-1,7,-2,1,-2,0,-1,5,1,4,-3,3,-1,3,1,4,3,2,2,4,-2,8,3,1,6,-5,4,-1,6,0,2,1,6,-1,-3,5,5,7,-1,3,3,4,0,4,12,3,3,3,-2,4,0,8,-2,5,0,4,17,3,1,6,4,3,1,4,2,1,3,-1,6,1,4,-5,5,-3,1,1,1,4,-1,3,-6,4,-4,8,0,1,3,2,-6,2,-2,1,-1,11;6170,1753,2,6,-3,-4,-2,0,2,-2,1,0;6172,1779,-1,1,0,-2,3,-2,-2,3;6169,1740,-1,0,1,-2,1,-6,0,5,-1,3;6175,1729,-1,0,-1,-4,4,3,-2,1;6176,1733,0,6,-2,-1,-2,-6,3,0,1,1;6171,1712,1,1,0,2,-1,3,-2,0,-1,-8,3,2;6166,1723,-3,-2,1,-1,1,0,1,3;6075,1628,-1,2,-1,-4,4,-5,0,5,-2,2;6142,1620,-2,-1,-1,-4,2,-1,1,1,0,5;6049,1559,-5,-5,6,0,-1,5;6041,1528,1,4,-3,-3,0,-2,2,1;6047,1537,5,3,0,2,-2,1,-1,0,-3,-5,1,-1;6177,1753,-1,0,1,-3,0,3;6165,1735,1,1,-2,-1,0,-5,1,5;6164,1717,-2,3,-1,-2,1,-1,2,0;6167,1699,1,4,-2,-4,0,-2,1,2;6083,1631,-2,0,2,-3,0,3;6030,1528,1,2,-1,-1,-2,-6,2,5
MN	5703,796,2,0,3,-2,-1,-5,8,-1,4,1,1,-2,3,2,1,-1,1,-3,4,0,3,-2,-2,-5,6,-2,0,-2,9,-4,1,-2,4,-2,7,-1,0,-2,4,-4,8,0,0,-4,1,0,7,4,2,0,0,-2,3,0,5,4,23,1,7,8,7,5,6,0,5,2,8,1,4,-2,4,1,2,-1,6,2,13,1,6,3,3,0,2,-2,0,-2,5,-1,2,-2,1,-1,0,-5,-3,-6,-7,-3,-9,-9,-2,-8,0,-2,3,-1,-1,-6,4,-2,1,-3,0,-4,12,5,7,1,6,3,10,0,22,7,3,0,12,2,10,13,4,3,1,3,11,4,10,3,4,2,8,1,2,0,6,0,5,-4,11,-2,4,-2,19,4,9,0,15,8,14,1,5,7,17,8,12,0,21,4,4,-1,6,2,9,-5,14,-2,6,-3,6,1,4,-3,-1,-4,5,-5,10,-7,9,1,19,8,6,1,6,-3,4,0,9,4,3,26,-1,5,4,8,-4,3,6,6,8,5,4,-5,10,0,7,2,8,3,3,-8,7,-1,7,1,9,6,8,2,3,4,17,9,8,7,2,5,-2,1,-8,0,-11,-4,-2,2,-8,-1,-4,2,-3,1,-2,2,-7,-1,2,5,-10,-1,-5,3,1,2,-2,3,0,5,2,3,-3,3,-3,4,-9,2,-9,-1,-3,1,0,5,-4,5,-7,6,-19,-4,-8,-4,-10,0,-3,6,2,11,7,7,7,4,4,6,-2,1,-3,4,-8,4,-6,14,-17,8,-24,0,-26,4,-25,14,-3,3,-3,-1,-7,0,-3,-6,-15,3,-15,-6,-21,-4,-4,-1,-10,-7,-3,-1,-33,-4,-9,3,-48,-5,-16,1,-4,-5,-12,-9,-14,-16,-5,-3,-2,-5,-6,0,-8,-2,-13,-8,-5,0,-12,-7,-15,-2,-7,0,-18,-1,-12,-4,-3,1,-8,-8,-2,-5,2,-8,-4,-6,-1,-7,-8,-9,-3,-2,-8,-7,-7,-9,-6,-2,-3,-3,-4,1,-8,-5,-5,1,-3,0,-12,-5,-3,-5,-12,-4,0,-3,-8,-5,1,-3,-3,-4
MO	6467,1470,0,-1,1,1,-1,0
MP	7187,1557,-1,1,-1,-2,2,1;7199,1618,-2,-1,2,1;7199,1673,-1,1,-2,-2,2,0,1,1;7192,1574,-1,1,1,-3,1,1,-1,1;7206,1648,-2,0,1,-2,2,-1,-1,3;7205,1652,-1,1,-1,-2,0,-1,2,2
MQ	2661,1664,-1,2,-1,-1,-3,0,-1,-2,2,-2,-3,-1,-1,-5,2,0,4,3,0,1,2,5
MR	3642,1533,-1,2,-1,-2,3,-4,-1,4;3730,1656,-13,-11,-1,-5,-6,-4,-5,-11,-2,-2,-4,0,-1,-1,-3,1,-4,-7,-5,-4,-5,-2,-10,-1,-2,1,-1,1,-14,3,-10,-1,-5,8,-2,9,0,-11,2,-8,9,-24,1,-8,0,-9,-3,-19,-7,-9,3,-2,2,-2,-3,1,3,-8,2,-11,-4,-11,-2,-1,-1,2,-1,0,-6,-12,-1,0,-1,2,-2,5,3,-13,86,0,-3,-37,3,-5,9,-7,6,-1,7,-4,2,-63,72,0,0,-33,83,58,-39,0,19,212,6,7,-3,20,-81,0,-3,-1,0,-4,-2,2,-1,4,-11,2,-10,-2,-6,1,-5,7,-1,0,-12,-13,-6,6,-4,13,-3,4,-4,-2
MS	2636,1608,0,1,-1,0,1,-3,0,2
MT	4304,1127,-3,1,-2,-2,0,-2,2,0,3,3;4298,1123,-1,0,-1,-1,1,-1,1,2
MU	5257,2544,-6,1,-1,-2,1,-1,2,-5,4,-5,1,0,3,5,-1,3,-3,4
MV	5630,1948,0,-2,1,0,-1,2;5632,1924,-1,0,1,-2,0,2
MW	4766,2333,-1,0,1,-2,1,0,-1,2;4765,2331,-1,1,-2,-1,2,-1,1,1;4731,2381,-1,-1,-3,2,-3,-6,-2,-1,1,-2,-3,-2,4,-4,3,-5,1,-9,-1,-2,1,-4,9,-4,2,-4,-3,-1,-2,-4,1,-11,-1,-4,0,-3,3,-6,-2,-7,2,-2,3,-1,4,-6,-2,-4,-1,-4,-4,-5,1,-4,-4,-6,-4,0,-2,-6,2,0,3,3,5,0,1,3,7,-1,4,2,1,0,1,-4,7,6,5,7,1,13,1,4,-1,10,3,6,3,1,1,5,-8,1,-1,6,-5,8,3,12,1,18,2,3,5,2,7,8,13,20,1,5,-3,10,-1,17,-2,4,-8,1,-1,3,-3,7,2,7,0,7,-4,1,-1,-3,1,-3,0,-2,-4,-2,-10,-12,0,-5,-4,-5,8,-14,0,-7,-1,-11,-3,-5,-16,4,-9,-14
MX	1524,1210,52,-4,-4,5,70,30,60,0,4,-12,37,1,4,8,3,1,7,10,9,10,2,12,-1,3,0,4,3,7,7,6,14,8,4,-1,5,-4,6,-11,3,-3,9,-3,5,2,9,0,3,1,11,15,5,17,0,4,3,4,5,11,4,5,-2,12,4,8,0,7,7,3,1,2,7,2,1,2,10,2,8,4,6,-2,-4,9,-9,15,-6,15,-4,16,-4,21,-3,8,-1,3,1,10,2,7,5,6,-3,8,2,-8,-4,-5,-3,-6,1,10,2,3,5,20,12,21,2,13,6,7,1,4,3,3,-4,-1,6,4,2,0,-3,-3,3,2,8,0,3,4,5,1,4,9,2,0,6,-1,15,-6,9,0,6,-1,4,-3,6,-2,10,-1,2,2,-1,2,0,1,2,1,6,0,6,-4,1,-2,-2,-2,1,-3,-3,2,1,-1,11,-7,5,-5,3,-10,5,-5,2,-15,5,-12,12,-6,21,-4,10,-4,10,-1,16,4,2,-1,-1,-1,-4,0,6,-2,6,5,0,7,-5,9,-7,7,-5,7,-2,3,0,6,-3,2,-3,4,1,2,5,-1,-2,4,-4,2,0,2,2,-1,1,1,-11,25,-3,-6,1,-5,0,-3,-1,0,-3,3,-3,6,-5,1,-8,12,-2,1,-3,-2,-2,1,-1,4,-40,0,-2,14,-9,0,8,9,6,4,1,5,4,3,-1,8,-29,1,-13,20,3,5,-3,2,0,7,-2,4,-13,-17,-20,-21,-9,-6,-1,2,4,2,4,3,-9,-4,-5,-1,2,-3,-4,1,0,-2,-2,-1,-3,3,4,2,-7,1,-8,5,-17,7,-7,1,-6,-2,-8,-4,-12,-2,-8,-6,-8,-2,-5,-6,-19,-5,-7,-5,-17,-7,-11,-8,-2,-2,-2,-1,-6,-8,-6,0,-10,-3,-16,-6,-8,-13,-10,-6,-11,-6,-3,-6,-3,-4,-3,-7,-3,-10,4,-3,3,0,3,-2,1,-2,-2,-2,-3,-2,7,-7,2,-10,-4,-3,-3,-9,1,-9,-2,-7,-11,-15,-8,-17,-15,-15,4,3,1,-3,-6,-2,-3,-1,0,-5,-5,-7,3,1,2,0,0,-1,-6,-3,-6,-5,-1,-4,-5,2,-1,-2,2,-1,3,-4,-3,3,-4,1,-2,-1,-2,-2,2,-8,6,-7,2,1,-2,-2,0,-5,-3,-4,-6,0,-2,-5,0,-4,-7,-3,-3,-4,-1,-8,3,-5,-4,-1,-4,0,-4,-2,-2,-3,-2,-7,-4,-2,-4,-9,-3,-5,0,-7,-3,-2,1,-4,-4,-12,1,-7,-2,-9,0,-4,2,-6,2,-1,0,-3,-10,-4,1,-3,-6,-4,-2,3,-3,0,-13,-10,1,3,0,4,-3,2,-4,10,1,5,-1,11,-3,9,3,8,3,3,7,9,3,7,0,4,2,0,1,3,2,0,1,8,4,2,-1,15,3,4,4,3,0,9,4,3,-1,2,2,4,-1,4,2,2,1,0,-1,-4,1,-3,4,4,1,15,-1,8,1,5,3,2,0,9,3,7,-2,7,0,6,2,4,3,0,1,3,2,-3,0,-4,5,5,5,9,1,4,3,1,1,3,-2,7,-9,7,-4,1,-1,-3,-1,-8,-3,-7,-5,-3,-7,-10,-7,-5,-5,-6,-3,0,0,-3,-4,-4,0,-5,4,-11,0,-11,-2,-8,-5,-2,-6,-7,-2,-3,1,-6,-3,4,-4,0,-4,2,-4,-7,-3,0,-1,-3,-7,-3,-1,-5,-7,-8,0,-3,9,2,7,-2,-1,2,3,3,1,0,-1,-4,1,-3,-2,0,5,-7,3,-5,-1,-5,-12,-19,-5,-2,-8,-8,-1,-4,-1,-1,3,-9,0,-1,-3,-1,2,-10,-3,-4,1,-6,-4,-9,1,-4,-1,-1,3,0,1,-2,-4,-4,1,-5,-2,-4,0,-5;2103,1518,-1,1,0,-3,1,-3,2,-1,3,-1,-5,7;1682,1485,-1,2,-1,-1,0,-3,2,0,0,2;1574,1557,-1,1,-2,-2,1,-1,1,-1,1,3;1609,1400,0,3,-1,-1,-1,-4,2,2;1580,1298,-2,-1,-4,-5,-1,-3,1,-4,3,2,0,4,3,1,0,6;1530,1323,-3,-1,2,-3,1,-3,1,-1,0,5,-1,3;1600,1299,-3,6,-5,-2,3,-8,1,-1,4,-1,0,6;1470,1301,-1,1,-1,-6,1,-1,1,0,0,6;2112,1494,0,2,0,-2;1995,1559,-3,0,5,-3,1,1,-3,2;1622,1421,-1,-1,0,-4,1,5;1568,1231,-1,-1,0,-1,1,1,0,1;1604,1374,-4,5,3,-5,2,-1,-1,1;1582,1415,0,1,-6,-4,3,-1,3,4;1575,1411,-2,-2,0,-2,-2,-2,6,-12,-4,11,2,7
MY	6220,1867,1,-6,2,0,2,3,6,3,3,-1,3,6,4,0,1,7,-2,5,3,3,2,-1,1,-3,6,-3,3,3,3,0,1,-1,5,-10,4,1,1,1,5,7,13,12,8,14,1,4,0,7,-1,16,2,6,0,15,2,4,6,5,10,21,2,7,-1,2,-2,0,-1,-1,-3,-5,0,4,-7,0,-3,3,-1,0,-3,-5,-14,-8,-4,-5,-10,-5,-8,-8,-6,-3,-5,-5,1,-3,-1,-6,-13,-18,1,-1,-4,-9,0,-7,-7,-24,-1,-10,-5,-11;6610,1924,-11,-4,-11,0,-2,-1,-2,1,-4,-1,-5,2,-3,-2,-1,1,-3,3,-3,7,1,12,-3,10,-3,1,-1,0,-3,3,-1,7,3,2,-9,7,0,2,1,5,0,2,-2,1,-2,6,-2,4,-3,-1,-11,2,-6,5,-2,-2,-12,-3,0,-3,-1,-1,-11,1,-6,3,-2,7,-4,1,-2,2,-7,1,-9,-2,-13,5,-17,-17,-2,-2,-1,-4,-2,-2,2,-4,2,4,3,2,6,2,5,0,7,4,5,0,5,4,3,0,-4,-3,-1,-1,3,-5,0,-4,2,-4,0,-2,-2,-4,1,-3,3,1,2,0,0,-6,4,-5,24,-6,7,-4,8,-13,11,-13,1,-8,1,-1,3,2,3,7,3,0,3,5,2,0,3,-3,1,-6,-2,-8,6,-4,0,5,2,7,5,1,-3,-10,-2,-3,5,-1,4,-4,1,-3,-3,-1,-1,-4,3,-5,1,1,3,1,2,-2,4,-7,1,-6,8,-10,5,-12,1,1,1,3,-1,6,3,-2,4,-8,3,2,1,6,8,5,2,5,-2,2,1,5,-1,1,-2,2,7,-2,4,-2,3,4,-4,2,1,2,6,-3,2,1,4,2,2,3,8,4,5,0,2,2,0,4,-2,2,-11,4,-6,-1,-3,0,-1,4,3,4,5,5,1,1,-1,2,-12,3,-7,-2,-2,4;6314,1960,-1,0,-1,-1,1,-2,1,3;6225,1896,-2,0,0,-4,1,-1,2,2,-1,3;6214,1866,1,3,-1,1,-2,1,-3,-4,3,1,2,-2;6596,1848,-1,2,-1,-4,2,-2,2,0,1,3,-3,1;6250,1954,-2,-1,1,-1,1,2;6474,1968,-2,-1,0,-8,1,2,1,7;6617,1923,-6,1,1,-2,2,0,3,1
MZ	4680,2592,26,-27,-1,-4,3,-5,0,-7,4,-4,8,-13,1,-3,-5,-12,2,-8,-3,-4,1,-3,3,-2,3,-9,1,-28,-2,-9,2,-5,-5,-1,-2,-2,-8,-3,-7,-1,-5,-5,-5,-1,-5,-4,-18,-1,0,-12,-3,-8,0,-5,66,-25,9,14,13,-3,4,0,2,4,1,14,0,4,-8,14,4,5,0,5,10,12,4,2,0,2,-1,3,0,1,1,2,3,-1,1,-7,-2,-7,4,-10,9,-2,2,-10,0,-10,3,-10,-1,-5,-13,-20,-7,-8,-5,-2,-2,-3,-1,-18,-3,-12,5,-8,1,-6,5,-1,16,1,5,-4,3,0,4,2,2,3,3,1,8,0,4,-3,3,0,5,3,3,0,8,-3,5,-7,5,0,7,3,7,-5,12,-2,2,-3,13,-5,11,-9,3,5,-3,3,2,1,-2,3,1,3,-4,7,2,3,-1,5,2,9,-2,12,1,1,1,3,-1,4,-2,2,0,2,2,0,0,10,-1,2,1,17,0,1,3,1,-2,5,0,4,2,-3,1,0,1,1,0,6,0,2,-4,3,0,4,-2,1,1,4,-2,5,-11,13,-3,6,-4,2,1,3,-14,9,-4,5,-4,2,-5,0,-12,5,-14,8,-13,10,-1,4,-9,10,-3,6,-2,1,-1,-2,-1,3,-2,0,-6,4,-11,12,-10,8,-2,0,-3,-2,-1,-1,2,3,-2,17,5,8,3,10,0,5,2,6,1,10,-1,9,2,2,2,-9,1,5,-1,9,1,7,-5,21,1,2,1,-2,1,1,-1,6,-6,9,-6,6,-36,15,-9,6,-4,4,-5,9,5,7,2,-5,-2,19,-17,0,0,-8,-1,-6,1,-7,-2,-1,0,-5,1,-3,2,-30,-3,-14,-5,-10,0,-6,-4,-22;4765,2331,-1,-1,-2,1,2,1,1,-1;4766,2333,1,-2,-1,0,-1,2,1,0
NA	4512,2473,20,-4,10,0,6,2,5,5,-7,1,-9,6,-4,-2,-2,1,-6,4,-8,7,-1,0,-6,-11,-2,0,-49,8,-3,92,-22,0,-6,163,-7,1,-3,2,-1,2,-4,2,-1,4,-2,1,-7,-2,-16,0,-13,-4,-2,-5,0,-6,-3,-2,-1,-3,-2,-1,-4,2,-3,9,-3,0,-4,4,-15,-17,-7,-14,-4,-15,0,-7,-4,-5,0,-9,-2,-6,1,-17,-7,-21,0,-24,-1,-7,0,-3,2,1,0,-2,-1,-9,-3,-7,-7,-11,-3,-7,-8,-14,-6,-18,-2,-4,-13,-28,-9,-12,-5,-11,-1,-19,6,-2,12,1,12,-6,9,1,4,5,7,5,96,0,2,1,5,6,5,3,32,2,7,3,8,-1,7,1,43,-9
NC	7582,2538,2,2,3,-1,9,10,4,2,3,4,1,4,3,5,12,9,6,8,5,4,0,4,-1,1,-5,2,-4,-3,-2,0,-1,-2,-4,-3,-1,-3,-3,-1,-11,-8,-7,-8,-7,-11,-4,-9,1,-3,-2,-2,0,-3,1,0,2,2;7639,2598,-1,1,-2,-1,1,-2,2,2;7495,2515,1,-5,-1,5;7657,2568,3,0,-2,5,-3,0,-2,-1,0,-5,4,-1,0,2;7630,2550,-1,0,2,-3,2,-5,1,0,1,1,-2,1,0,3,-3,3;7646,2561,-1,0,-1,-1,-3,-1,-2,-4,5,-3,-3,-1,0,-1,4,-1,2,1,-2,4,2,4,-1,3
NE	4300,1684,-6,1,-3,2,-7,3,-5,4,-4,5,-8,0,-3,-2,-12,-4,-10,-1,-11,1,-10,4,-9,10,-9,-1,-10,-2,-15,-10,-5,-1,-11,6,-4,1,-2,2,-3,0,-3,-3,-5,-8,-6,-6,-18,-5,-6,3,-12,0,-6,2,-6,5,-2,13,-2,4,-7,7,0,16,1,3,-2,2,-3,-4,-3,-2,-9,-11,-2,-1,-10,4,1,9,-7,-11,0,-2,3,0,0,-2,-3,-6,-3,0,-4,2,-4,0,-11,-9,-2,-1,0,-8,4,0,-4,-3,-2,-4,-6,-2,-6,-9,0,-5,-4,-6,1,-12,16,0,8,-7,37,-2,1,-2,10,1,0,-3,8,-7,7,-20,1,-11,-1,-54,35,-8,36,-35,96,-67,33,9,17,14,16,-10,5,27,0,10,10,15,-1,2,1,3,8,10,-5,11,-4,75,-23,30,-20,34,4,17
NF	7592,2759,1,0,-1,2,-1,-1,1,-1
NG	4162,1918,-4,0,2,-3,3,1,-1,2;4300,1684,10,16,3,17,7,2,3,4,-1,16,-8,6,-5,2,-6,8,-4,7,-2,11,-3,3,-2,12,-6,4,-3,13,-1,4,-3,3,-4,1,-4,7,-2,9,-3,5,0,4,-5,8,2,4,-6,5,-1,5,-3,4,-4,3,-3,-1,-2,-7,-9,-8,-3,4,-1,1,-5,-1,-1,-2,-8,6,-3,5,-13,14,-3,5,-3,15,-5,11,-3,0,-4,-4,2,7,-1,2,-14,1,-2,-1,-1,-2,-1,2,-4,0,-5,-4,2,3,0,2,-3,3,-2,0,-4,-8,1,6,1,3,-5,1,-1,-4,-1,4,-6,0,0,-3,-2,4,-4,-1,-9,-8,-5,-12,3,-1,-2,0,-1,-3,0,-1,3,-2,1,-2,-4,2,-4,-3,1,-1,5,-1,-2,-1,-1,-2,-3,3,-2,-1,0,-3,-5,-7,-10,-8,-7,-1,-14,0,0,-1,6,-4,-1,0,-6,2,-2,3,-14,1,2,-9,-2,-7,2,-12,-3,-10,2,-30,6,-1,3,-6,-1,-3,5,-5,0,-3,5,-3,1,-3,1,-4,-2,-3,1,-2,1,-2,3,0,1,-5,-2,-3,-1,-8,-5,-8,1,-6,3,-3,-1,-3,0,-16,7,-7,2,-4,2,-13,6,-5,9,-2,9,0,6,-3,18,5,6,6,5,8,3,3,3,0,2,-2,4,-1,11,-6,5,1,15,10,10,2,9,1,9,-10,10,-4,11,-1,10,1,12,4,3,2,8,0,4,-5,5,-4,7,-3,3,-2,6,-1
NI	2171,1652,-4,4,-1,-2,-1,2,2,2,2,10,-6,9,-5,17,0,23,-2,0,-1,-2,1,-6,-1,2,-3,3,2,6,-1,6,-2,-1,0,4,-2,1,3,1,1,5,-2,2,-4,7,2,7,1,2,2,0,-1,2,-3,3,-8,-1,-4,-5,-7,-2,-5,2,-15,-6,-3,4,-5,-7,-10,-11,-6,-10,-18,-19,0,-1,2,-2,3,3,2,-2,8,0,2,-6,5,-2,0,-11,9,-1,5,-5,2,-2,1,2,4,4,2,-1,1,-3,11,-8,1,-6,3,-2,2,-3,3,-2,6,5,5,-2,1,0,1,-1,2,0,2,-1,5,0,5,-2,2,-3,9,0
NL	4115,758,-5,0,-2,-2,2,-3,1,-3,0,-2,-6,-3,-5,0,-3,-2,-1,-3,-3,2,-2,-2,-3,2,-2,-2,-2,1,-1,2,-7,-2,-3,1,-5,-1,-2,-2,5,-2,8,4,3,-1,-6,-3,4,0,-5,-5,3,-4,7,-8,5,-15,2,1,3,-1,6,-4,3,-4,6,-2,18,-2,3,3,4,1,1,7,-3,8,-5,0,-1,3,1,2,5,1,0,3,-5,5,1,2,-1,2,-7,2,-4,-1,-4,1,5,9,-2,5,1,2,-5,3,4,3,-1,4;4081,742,-1,2,-5,3,-7,-2,-2,1,-2,-3,17,-1;4119,691,-3,1,3,-1;4111,693,-5,-1,5,1;4096,696,-4,2,4,-2;4100,694,-2,0,7,-1,-5,1;4092,702,-2,2,-1,-1,3,-4,0,3;4075,734,3,2,-3,1,-5,-2,5,-1;4126,690,-1,0,2,-1,1,0,-2,1;2621,1589,-1,0,0,-1,1,1;2615,1585,-1,0,1,0
NO	4333,338,-8,1,4,3,-1,4,-4,3,5,1,-4,3,-28,-4,-2,0,1,7,-3,5,-10,-3,-9,5,-2,6,-6,2,-1,2,6,6,0,2,-15,12,2,4,-7,3,-8,1,2,7,-1,11,-13,16,8,3,2,4,-1,4,-2,2,-13,-2,-7,2,-10,9,1,3,-3,4,4,7,-1,1,1,8,3,7,-1,13,8,4,6,4,-3,6,-7,2,6,12,-1,8,-5,4,-4,2,-1,4,-3,2,3,7,-2,9,-3,0,-3,-5,-9,-1,-4,-5,-2,-9,-1,2,1,2,-3,2,1,5,-4,7,-1,-1,-5,2,-4,-4,-1,0,3,3,-1,1,-6,2,2,1,-2,2,-1,0,-12,10,-7,4,-12,3,-8,0,-2,-1,-1,-2,-1,0,-1,2,-3,-1,-1,-1,3,-2,-1,-1,-5,0,-12,-6,-4,-5,1,-6,9,3,5,-3,-5,1,-4,-3,2,-3,-1,-2,8,-6,-15,6,-3,3,-3,0,-1,-1,1,-8,4,-4,6,1,1,-1,7,-2,-7,0,-2,-1,6,-5,1,-4,6,-4,1,1,0,5,3,-6,5,-2,-12,2,-3,2,-4,4,-1,2,-3,1,-3,5,-6,4,-1,-2,2,-6,-1,-3,5,1,4,-1,-7,-2,-3,-6,9,-5,-7,3,-3,-2,-1,-2,-1,-7,17,-2,8,1,6,-1,3,2,2,2,0,-3,9,-3,-3,0,-1,-2,1,-3,-2,1,0,5,-2,0,-9,-1,-1,-2,-2,3,-2,1,-5,-1,-11,2,-6,-2,-2,-2,0,-4,5,-1,-7,-5,0,-4,9,0,10,2,8,0,4,-2,-10,1,-15,-2,-3,-2,0,-3,2,-1,2,1,3,-4,6,-2,3,1,9,-1,2,-1,-10,1,0,-1,4,-4,10,0,11,2,2,-1,-3,-1,0,-1,10,-1,-1,-1,-11,1,-3,-1,-9,1,4,-5,10,-4,9,1,2,2,8,3,-9,-7,2,-3,6,-1,-1,-2,-3,0,-1,-2,4,-2,4,-1,5,1,0,2,1,1,3,-2,6,-1,6,5,5,-2,8,0,-2,-2,1,-1,10,-5,-1,-1,-2,-1,4,-2,0,-1,-2,0,-4,1,-3,2,3,2,-2,1,-15,6,-2,0,-3,-4,-3,0,0,-2,4,-3,3,-4,3,-2,5,-5,11,-6,5,-2,2,-1,-1,0,-5,1,1,-3,2,-2,11,-4,3,2,3,-1,4,-2,2,-3,-8,3,-5,-2,0,-1,2,-5,5,-5,1,-2,6,-1,-5,-3,15,-2,6,-3,-15,2,-2,-4,1,-3,1,0,0,-2,6,-3,6,0,-5,-3,3,-1,4,-3,11,-2,10,0,0,-1,-2,0,-14,-1,4,-5,4,-1,7,2,4,3,-1,-2,2,-2,-4,0,-4,-2,0,-1,1,-2,-7,2,-2,0,0,-3,5,-4,5,1,3,0,0,-1,-4,0,-1,-2,11,-3,2,4,4,3,-1,-2,1,-2,-2,-1,-1,-4,3,-2,9,1,9,-2,-2,-1,-14,1,-1,-2,2,-2,8,-1,4,-3,1,-4,3,-2,6,-1,-1,-4,2,-3,7,3,4,0,-5,-2,0,-1,6,-2,0,-2,2,-2,8,-1,1,8,3,-9,6,-2,1,1,0,6,-4,5,2,1,5,-5,4,1,-4,-4,0,-3,1,-2,8,1,1,-3,3,0,10,4,-4,-5,-8,-3,3,-1,4,1,6,-2,2,1,2,-1,4,-1,4,1,3,4,5,3,1,-1,-3,-2,1,-3,4,-3,6,-1,5,-5,-4,-2,6,-4,10,3,3,-1,5,1,0,1,-6,5,-1,5,-2,2,1,2,3,0,3,-2,0,-2,13,-12,3,-1,1,2,-1,4,1,1,0,4,6,-2,2,-5,2,-1,3,0,-5,-3,5,-3,13,3,0,3,-6,3,5,-1,1,1,-1,2,2,6,3,-10,3,-2,5,0,11,4,5,-1,3,2,0,1,6,1,6,2,1,3,-9,3,-24,0,0,1,14,2,1,4,3,1,5,1,2,-4,2,1,1,3,1,-2,6,0,2,4,-1,1,-3,1,-8,-3,1,2,-1,3,-11,3,-2,4,-3,2,-3,-2,0,-2,6,-6,-4,-4,-12,-4,-10,-5,-2,0,-9,4,-10,-1,-6,5,-3,9,1,6,-2,3,-5,1,-2,4,-2,1,-19,-5,-2,2,-6,2,-15,-2,-2,-3,-13,-9,-6,0,-3,1,2,3,-1,1,-7,0;4087,514,-3,0,1,-2,1,-1,1,3;4090,531,0,3,-1,0,-2,-2,1,-4,2,3;4479,322,-2,1,0,-3,4,1,-2,1;4201,412,-4,0,2,-2,2,1,0,1;4145,456,-3,-1,7,-2,2,0,-1,2,-5,1;4139,463,-4,0,-1,-2,4,-1,2,1,-1,2;4370,301,-4,4,-4,1,-7,1,-7,-3,15,-1,4,-2,3,0;4403,294,6,1,3,1,0,1,-8,1,-5,-2,4,-2;4374,306,1,2,-5,3,-2,0,-1,-1,-3,0,1,-2,4,-1,4,-2,1,1;4381,306,-3,1,-2,-1,-1,-3,1,-1,5,2,0,2;4226,355,4,0,-1,2,-9,3,-1,-1,0,1,-3,1,-1,-2,2,-2,2,0,2,-2,5,0;4212,363,-2,2,2,-5,1,-1,1,1,0,2,-2,1;4246,340,3,4,0,2,-2,1,-5,0,-3,-1,-3,1,-3,-2,3,-2,4,1,0,-3,3,0,0,-2,3,1;4315,313,5,2,-4,1,-4,-4,3,1;4331,316,-5,0,-1,-2,1,-1,5,0,0,3;4307,316,2,1,4,0,0,1,-4,3,-5,2,-3,4,-8,1,-3,-2,2,-1,2,-2,4,-1,1,0,0,-2,3,-3,2,0,1,-4,1,-1,1,4;4209,406,-1,0,0,-1,2,-1,3,0,-4,2;4207,403,-1,0,2,-3,2,0,0,2,-3,1;4190,428,-8,0,4,-2,2,0,2,2;4281,326,2,1,2,0,4,1,2,3,-2,1,0,3,-6,1,-1,-1,-6,4,-5,-1,3,-2,-1,-5,2,-1,4,1,0,-1,-2,-1,3,-1,1,-2;4256,349,4,-3,1,-4,3,0,3,1,1,2,0,2,-5,2,-3,3,-4,0,-5,2,-2,-1,-2,1,-4,0,-5,2,-6,1,0,-2,5,-3,8,-1,5,-4,2,-5,-2,-1,0,-3,7,-5,3,0,0,1,-5,5,2,2,1,4,-2,4;3859,300,-3,0,10,-3,3,-3,5,0,0,2,-15,4;4379,148,-6,-1,-1,-1,2,-1,7,2,-2,1;4448,121,-14,0,29,-1,-15,1;4408,143,9,0,-5,1,-20,0,8,-2,8,1
NP	5891,1328,1,3,-1,8,1,7,3,5,2,5,-1,9,-4,-1,-4,1,-5,-1,-3,2,-4,-2,-2,-3,-7,3,-7,-4,-9,-2,-4,2,-4,-6,-9,2,-3,-3,-10,-4,-3,-7,-3,-1,-9,-4,-5,3,-9,-2,-3,2,-12,-3,-2,-4,-5,0,-11,-6,-3,1,-13,-8,-4,-4,-14,-8,-1,0,-1,1,-1,0,-9,-6,1,-6,1,-3,0,-9,4,-8,6,-7,2,0,3,3,2,0,3,-7,4,-2,9,2,6,6,6,4,9,6,7,2,11,11,7,-3,4,2,4,7,14,9,8,0,-1,5,1,1,12,1,9,10,1,-1,0,-4,1,0,7,4,2,-1,0,-3,1,0,13,6,10,1,5,-2,6,1
NR	7710,2042,-1,1,0,-2,1,1
NU	288,2509,-2,1,-1,-1,1,-2,1,-1,1,3
NZ	7520,3066,3,1,21,-9,2,0,-5,2,-7,6,9,-5,1,-2,4,0,0,1,2,0,-10,6,2,0,7,-4,-1,2,-11,6,-1,4,-4,2,2,0,1,2,-30,19,-16,12,-17,7,0,2,-6,3,4,-1,-2,5,5,1,-2,3,-2,2,-4,0,-1,0,0,-1,-6,0,3,-1,-1,-2,-7,4,-2,-4,0,5,-15,5,-5,1,-4,3,-2,0,0,1,-15,15,-3,0,2,1,-24,18,-1,2,-2,2,-8,2,-28,15,-8,2,-5,0,-5,-2,-9,1,3,-3,-1,-3,-7,1,0,-5,-2,-1,-5,3,-12,-2,1,-1,8,-4,-6,2,-1,0,5,-4,-6,2,1,-2,2,-2,12,-2,-4,-1,3,-2,5,-2,-6,0,4,-3,3,0,2,-2,2,2,2,-2,2,-1,-2,-1,2,-3,3,-2,1,1,1,0,0,-2,8,-4,-1,3,4,-5,9,-4,1,2,2,-4,19,-11,7,-3,3,1,8,-3,1,1,2,-3,18,-6,2,-2,2,-1,-1,0,13,-7,1,0,1,1,1,-1,-1,-1,5,-2,2,2,-1,-2,4,-2,0,2,2,-3,9,-5,-2,4,1,0,3,-4,7,-5,3,-1,0,-2,16,-15,7,-2,8,-4,15,-15,6,-4,13,-6,4,-1,2,1,-5,0,-3,3,-1,3,3,2,-6,10;7545,3056,-4,2,3,-4,5,-2,-4,4;7307,3175,-2,2,-3,-1,5,-2,0,1;7322,3163,-2,3,-1,0,3,-3;7309,3205,-3,1,1,2,2,0,-2,2,-18,4,13,-8,4,-5,3,0,0,4;7656,2941,0,2,-2,-1,-1,-2,4,-4,0,3,-1,2;7631,2908,-1,1,6,-4,-1,3,4,1,1,2,1,-1,4,3,-2,4,5,-2,-1,9,-2,2,-1,3,-4,0,0,13,-4,5,0,3,-6,5,2,2,3,-1,5,3,-2,6,3,0,7,-13,1,-4,2,-2,1,7,2,0,-7,17,0,3,0,1,-1,0,-1,1,1,1,3,1,6,5,9,2,7,-2,7,-5,8,-4,6,1,3,3,-7,7,-13,14,-9,5,-6,7,-1,3,-3,3,0,-4,-5,-1,-12,4,-4,4,-4,5,0,1,2,1,-14,13,-39,26,-22,10,-1,-1,2,-4,-6,0,4,-5,-4,3,-2,0,0,-1,24,-17,8,-8,2,-4,0,-5,-3,-2,-4,-1,-1,-4,-7,-4,-1,-2,1,-2,4,-5,15,-4,7,-5,11,-14,6,-5,1,-3,5,-2,1,-9,3,-3,-1,0,1,-6,2,0,-1,3,3,-3,3,0,0,-4,-5,1,-2,-1,2,-5,0,-6,1,0,1,2,3,-2,1,-1,-1,-2,3,-4,-1,-2,-2,3,-2,-4,0,-5,-1,3,0,8,-3,1,0,-21,8,-6,-3,1,-5,4,0,-4,-1,-4,5,-4,-3,-14,8,-1,-3,3,1,10;7201,3342,0,1,-3,0,0,-1,3,0;7187,3300,-1,2,-3,0,0,-1,-3,0,7,-3,3,-3,3,0,-6,5;466,3128,-1,0,0,3,-3,-3,-2,1,9,6,-2,2,-4,-2,0,-3,-2,-2,-6,0,0,-2,2,0,1,-1,8,1;478,3142,-3,-2,3,1,0,1
OM	5281,1520,-2,0,0,-3,5,-8,1,4,-2,2,-2,5;5165,1610,-8,-16,-1,0,-20,-43,64,-25,10,-51,-12,-17,0,-9,5,-17,0,-2,-1,-3,1,-2,10,-2,-2,-3,-4,-1,1,-3,-1,-3,0,-10,2,-2,2,0,0,2,2,3,6,-6,7,13,12,13,11,4,11,2,4,2,6,0,4,3,17,22,2,2,7,2,0,7,-8,18,-9,10,-8,17,-6,0,1,-4,-2,0,-1,0,-5,9,-2,14,4,16,-3,2,-11,1,-7,4,-4,4,-1,11,-3,4,-20,4,-4,6,1,7,-4,7,-7,2,-4,-2,-11,1,-10,6,-7,1,-4,2;5215,1384,-1,0,-2,-1,-1,-9,-2,-1,1,-3,3,-1,2,-3,1,0,0,6,0,8,-1,4;5216,1394,-1,1,0,-3,1,0,0,2
PA	2287,1811,-2,4,5,13,-3,4,-1,3,-4,3,-1,1,-2,-4,-2,0,1,4,-2,3,-2,5,-6,-8,-4,-9,-1,-4,3,-1,0,-4,4,-3,2,2,6,4,-5,-5,-2,-4,-3,3,-1,-2,-3,-1,1,2,-1,2,-2,-7,-13,-10,-3,0,-6,1,-4,3,-3,5,1,2,-8,6,-6,1,-2,2,0,4,8,10,1,4,-2,2,-4,0,-3,4,-6,1,-4,0,-1,-1,-3,-16,-2,1,-1,5,-1,1,-6,-2,-4,-11,-5,-2,-4,1,-2,-1,0,-2,-3,1,-7,-2,-4,2,-1,5,0,-3,-3,-4,4,-3,1,-4,-2,-3,5,-5,-1,-1,-4,-2,1,-10,3,-4,3,3,2,-2,4,4,1,5,3,1,-1,4,3,2,7,-1,-3,-4,4,3,4,5,4,1,12,-3,6,-5,10,-3,12,-10,11,2,3,3,10,0,9,4,5,5,3,4,7,6;2253,1821,-1,1,-1,-3,1,-2,1,-1,1,3,-1,2;2192,1844,-4,-1,-2,-2,2,-3,1,-1,2,3,-1,2,2,2;2180,1793,0,1,-2,-2,2,0,0,1;2249,1821,-1,1,0,-2,1,1
PE	2447,2135,0,2,-2,1,-2,-1,-2,0,-4,-4,-8,1,-4,4,-20,4,-11,7,-7,7,-4,2,-2,13,-5,11,2,6,1,3,-3,3,-5,3,-6,6,-1,4,2,6,-5,1,0,4,0,1,6,6,-1,3,3,4,2,7,5,3,1,5,8,8,0,3,-5,8,9,0,9,2,2,1,1,6,2,1,0,4,21,0,15,-14,-1,3,1,4,-2,3,2,30,2,-2,4,3,2,0,7,-3,9,0,22,39,-2,3,0,2,-4,5,1,15,-2,5,5,12,-2,3,0,2,-5,6,0,4,-2,1,0,4,5,7,-5,10,6,13,2,2,5,1,2,2,-4,3,0,4,-3,4,-5,8,-3,3,-1,1,3,3,1,3,-4,4,-3,1,2,7,-3,6,-5,3,-5,0,-22,-16,-2,-7,-3,-3,-13,-7,-9,-8,-7,-2,-14,-8,-8,-3,-10,-7,-5,-2,-17,-10,-11,-13,-9,-7,-6,-10,-3,-3,0,-4,-2,-2,2,-2,1,-7,-1,-4,-7,-10,-8,-16,-8,-7,-2,-10,-2,-3,-8,-6,-3,-12,-11,-18,-7,-18,-5,-11,-3,-8,-6,-11,-8,-9,-6,-14,-12,-16,-16,-9,-7,-6,-1,-4,1,-2,3,1,1,0,1,-5,-7,-12,1,-4,-5,-9,2,-11,9,-12,11,-9,1,1,2,11,-3,4,-3,-1,-1,1,0,4,3,1,-2,5,2,1,5,-4,8,4,3,0,3,2,1,3,4,7,6,1,3,-3,0,-4,5,-3,0,-6,5,-14,2,-10,1,0,1,3,2,-1,-1,-3,7,-9,26,-11,13,-11,11,-15,4,-15,1,1,2,0,0,-9,-9,-12,7,0,2,-2,2,0,5,4,3,0,1,2,3,2,5,5,2,7,2,3,4,2,4,4,5,1,3,5,1,6,6,4,2,6,-1,5,5,3,3,0,4,-1,5,2,4,-1,5,-2,5,-4,8,5,5,-1,5,-3,7,5,12,7,1,2,-14,26,4,2,5,-1,8,10
PF	676,2448,-1,-2,2,1,-1,1;717,2470,-1,0,-1,-2,3,1,-1,1;679,2453,-2,0,0,-3,3,3,-1,0;729,2474,3,1,1,3,-3,-1,-1,-2,-6,0,-1,-3,0,-2,2,-1,3,1,2,4;924,2273,5,1,-1,1,-5,1,-2,-1,3,-2;924,2279,-2,2,0,-2,2,0;935,2293,-1,1,0,-3,1,1,0,1;899,2253,-3,0,0,-3,4,0,-1,3;900,2266,-1,-2,1,-1,1,1,-1,2;916,2478,-1,-1,1,-2,3,-2,-3,2,0,3;911,2254,-2,0,1,-2,2,1,-1,1;921,2491,-2,-1,2,1;917,2486,-3,-3,3,3;1018,2495,-4,-2,4,2;1002,2490,-2,-2,2,2;982,2554,-2,-3,2,3;870,2434,0,-2,0,2;852,2447,2,1,-4,-1,2,0;850,2447,-4,-1,4,1;813,2428,0,1,-3,-4,3,3;806,2440,-4,-5,0,-2,4,7
PG	7395,2148,-2,2,-3,-5,-1,-3,0,-9,-8,-14,-2,-2,-7,-3,-7,-6,-11,-8,-7,-2,2,-1,0,-3,8,5,1,2,5,2,7,6,5,2,21,21,3,4,0,2,-2,3,-2,7;7372,2137,1,0,3,-2,2,2,5,1,-1,4,0,6,-1,2,-2,3,-6,2,0,1,2,8,-1,2,-5,3,-8,-1,-2,5,-5,5,-10,4,-8,4,-18,1,-5,-5,-7,1,-8,-7,-6,-2,-2,-3,1,-3,2,-2,3,1,9,0,8,2,6,-1,5,0,3,-2,2,-8,2,-3,1,1,-2,3,0,3,2,6,2,0,5,-2,2,2,3,-1,4,-1,6,-9,4,-3,6,-1,2,-1,0,-7,-2,-8,1,-3,5,1,2,2;7120,2258,5,-55,-3,-5,4,-10,2,-32,2,-62,3,0,32,15,8,3,13,3,12,10,9,0,3,4,5,3,5,6,6,1,9,11,0,9,-2,6,3,1,12,4,13,8,7,1,4,2,5,7,0,8,-3,2,-13,0,-4,3,0,2,4,11,11,13,9,6,1,11,4,4,3,9,4,0,7,-1,2,0,1,4,-1,5,1,3,4,2,9,1,3,2,-1,1,-5,1,2,6,10,4,7,2,4,-1,-5,3,-4,-1,-1,1,1,2,3,2,-4,3,-3,1,-7,-2,-5,-6,-17,-2,-6,-3,-5,1,-4,-1,-11,-2,-4,-4,-3,-6,-8,-7,-1,-4,1,-4,-3,0,-3,-1,-1,-2,-12,-22,-6,-3,-6,-1,-11,-3,-1,-2,-1,-2,-7,-2,-2,1,0,2,-2,0,-3,2,-2,0,-5,-2,-5,-6,5,13,-2,0,1,2,-1,0,-7,-1,1,5,-11,3,-9,-1,-4,1,-2,0,-2,-4,-3,1,3,0,3,4,7,0,7,3,5,7,-1,5,-16,9,-9,-4,-14,2,-4,-2,-7,2,-3,-3;7283,2175,-3,-2,-2,-3,1,-3,5,3,-1,5;7241,2148,-2,0,-1,-2,2,-3,1,3,0,2;7390,2108,-1,2,-2,-3,2,-2,1,3;7377,2103,-1,1,-1,-4,2,3;7327,2068,0,1,-2,-1,-3,-2,1,-3,3,2,1,3;7342,2281,4,-3,1,1,-2,6,-6,-2,0,-3,-1,0,-2,-7,5,6,1,2;7327,2268,-2,0,-3,-4,1,-2,1,-2,3,2,0,3,0,3;7345,2249,0,1,-1,-2,1,-4,-2,-1,3,-2,-1,8;7408,2315,-1,1,-3,0,-1,0,-1,-2,2,1,0,-2,4,2;7179,2242,-5,-3,5,1,0,2;7265,2165,-1,1,-2,-4,3,-3,1,2,0,3,-1,1;7266,2078,9,1,0,2,-3,0,-3,3,-10,-1,-4,1,-1,-2,2,0,0,-2,1,-2,9,0;7341,2096,-6,0,-5,-5,6,-2,5,2,0,5;7331,2264,3,2,3,0,1,2,0,4,-1,1,0,-1,-9,-1,2,-2,-1,-3,0,-2,2,0;7378,2254,4,0,3,3,1,1,-1,2,-2,1,-3,-2,-2,-2,-2,-2,2,-1;7391,2318,4,2,-4,1,-4,-1,0,-2,-2,1,1,-2,-2,-1,0,-2,7,4;7179,2246,0,1,-3,-1,-5,-5,5,2,3,3;7284,2086,-1,2,-2,-1,2,-2,1,1;7374,2100,0,-3,1,1,0,1,-1,1;7336,2295,-1,2,-2,-1,1,-2,2,1;7411,2132,-2,0,2,-2,0,2;7457,2197,-1,3,0,-1,-5,2,-4,0,-4,-3,-2,-5,0,-6,-4,-2,-5,-7,0,-5,1,-7,5,2,2,2,2,5,4,4,1,4,4,2,4,4,2,8;7431,2165,-2,-8,2,-2,2,5,-2,5
PH	6649,1560,18,9,4,-1,1,-4,2,-1,1,1,2,4,-2,6,1,10,3,6,4,3,1,4,2,1,-4,24,-7,2,-4,4,0,3,2,4,-4,8,9,15,-1,1,0,3,4,10,4,4,7,2,1,-1,-2,-4,6,-5,3,1,7,3,4,6,0,4,1,1,3,0,1,-2,0,-3,-1,-1,1,-2,3,2,8,4,1,1,0,2,-5,0,-1,2,7,9,0,4,8,2,1,6,-1,6,-3,-1,-2,-2,1,-6,-7,0,-7,-3,-1,-5,-4,-5,-7,-5,-7,-7,-2,-1,0,1,1,6,4,7,1,3,-1,2,-3,-2,0,-2,-3,-4,-8,-7,-7,-4,-6,3,0,3,-2,1,-6,0,-4,-2,-2,-3,-3,-1,-2,3,-1,-10,6,-8,0,-4,-9,-6,0,3,1,7,0,1,-3,0,-5,-8,-2,-1,-2,-1,-5,-14,-3,-11,-3,-4,-1,-6,1,-2,8,7,4,0,0,-1,0,-3,-3,-11,1,-8,-2,-10,-2,-7,2,-22,4,-2,6,-1;6598,1816,-2,2,0,-2,2,-6,11,-14,3,0,2,-2,18,-26,4,-3,1,-5,-1,-4,4,-13,1,2,0,8,5,12,-2,2,-4,2,-4,7,-8,3,0,4,-7,13,-6,4,-3,5,-9,6,-1,3,-4,2;6705,1737,3,1,2,-1,2,0,3,2,-1,2,6,-2,0,6,-2,4,-5,3,0,5,-5,3,-7,2,-5,4,-1,-11,2,-5,-1,-14,-1,-2,-4,-2,0,-1,3,-1,11,7;6725,1801,-3,0,-3,-7,-7,-4,-4,-5,0,-3,1,-4,5,-1,3,-2,-2,-10,3,-5,0,-5,5,-3,6,2,2,4,-6,23,0,6,4,9,-2,3,-2,2;6752,1743,1,1,4,-2,2,1,3,4,1,10,4,4,3,8,0,2,-3,-1,1,2,-4,-4,1,8,-5,-3,-1,-4,-1,-3,0,-7,-1,-4,-2,-2,-4,1,-1,0,-5,-14,1,-1,1,0,5,4;6763,1714,2,2,0,3,5,3,-1,6,2,9,3,7,0,2,3,2,1,3,-3,-2,-8,-1,-8,-8,-1,-2,2,-5,-3,0,-5,-7,-6,-3,-3,-6,-1,-4,6,1,13,-1,2,1;6660,1690,6,0,3,2,2,-1,8,7,-1,5,3,8,-2,5,0,3,-2,0,-2,2,-2,0,-5,-7,-8,-16,-4,-3,-1,-3,-3,-1,1,-2,7,1;6788,1794,2,2,3,-1,0,4,3,5,0,2,-3,7,5,2,1,4,1,3,1,10,3,4,1,10,-3,6,-3,4,-2,-1,0,1,1,3,0,11,-4,-13,-6,-13,-3,2,-1,4,-4,8,-1,3,5,5,3,6,0,6,-4,8,-2,2,-3,-4,0,-7,-1,-1,-4,5,-2,0,-17,-9,-3,-4,-3,-15,4,-7,0,-3,-6,-7,-7,-4,-3,0,-2,10,-5,-3,-2,-4,-2,4,-3,0,-2,-4,-2,-2,-2,1,-3,3,-6,17,-1,1,-3,-2,-1,-2,0,-3,2,-4,1,-12,3,-3,3,-3,11,-2,2,-2,1,-5,2,-2,4,-2,2,-3,5,2,4,5,1,6,-2,3,1,0,8,-4,4,-10,5,2,3,-1,0,-7,2,-3,6,3,1,-4,4,1,3,-1,0,-3,-3,-13,1,-3,9,6,3,5;6730,1791,-1,1,0,-2,0,-12,6,-13,3,-12,1,-6,1,-2,2,17,0,5,-6,7,-4,14,-2,3;6666,1553,-1,2,-1,0,1,-4,1,0,1,1,-1,1;6655,1542,1,2,-2,0,-2,-3,3,1;6660,1516,-1,1,1,-3,1,0,-1,2;6656,1506,-1,2,0,-4,1,2;6687,1876,1,2,4,0,1,1,-3,2,-2,-2,-6,1,-1,-1,3,-4,3,1;6593,1830,-1,2,-1,-2,0,-4,2,0,0,4;6651,1765,-2,1,-1,-3,1,-2,4,2,-2,2;6650,1723,2,0,1,-2,3,4,0,2,-7,0,-4,-5,0,-3,1,0,4,4;6650,1734,-2,1,-2,-7,1,-1,3,2,1,3,-1,2;6712,1765,-3,2,0,-5,3,-3,1,2,-1,4;6756,1783,0,1,-2,0,-3,3,-5,0,-4,0,-3,-5,7,-8,4,-1,6,4,0,6;6668,1897,-1,2,-2,-1,-3,3,-3,0,0,-1,7,-5,1,-1,1,3;6707,1867,-3,0,-4,-5,1,-1,5,-2,5,3,1,1,-5,4;6789,1783,-2,-2,2,-5,2,6,-2,1;6780,1779,0,1,-4,-6,0,-5,2,-3,2,13;6650,1683,0,2,-4,-3,0,-1,2,0,2,2;6686,1688,2,0,3,2,0,3,-2,4,-4,-4,0,-5,1,0;6694,1718,-1,6,-3,-5,1,-3,0,-4,3,-2,0,8;6706,1719,-1,1,-4,-5,4,0,1,1,0,3;6719,1705,2,4,-10,-9,0,-1,2,0,6,6;6731,1715,0,3,-4,-5,-1,-2,1,-1,2,2,2,3;6730,1720,4,3,4,5,1,5,-5,-4,-3,-1,0,-1,-6,-6,-6,8,1,-12,-2,-5,8,4,4,4;6740,1686,-1,1,-1,0,-2,1,-3,-3,1,-3,0,-5,2,-2,5,5,0,5,-1,1;6691,1675,0,1,-5,-3,-1,-2,6,4;6685,1651,0,1,-1,2,1,3,0,3,-1,0,-1,-4,-3,-4,0,-2,3,0,2,1;6748,1762,0,-3,1,2,-1,1;6771,1778,0,1,-3,-3,-1,-3,3,1,1,4;6724,1842,0,2,-3,1,0,-3,3,0;6788,1854,0,1,-3,-4,1,-3,1,1,1,5;6752,1740,-3,0,-3,-5,3,0,3,3,0,2;6762,1799,0,1,-3,-1,0,-2,2,-1,1,3;6650,1549,1,1,-2,0,0,-4,1,3;6647,1739,1,1,-1,3,-3,-3,3,-1;6734,1745,1,3,-1,0,-1,-2,1,-1;6698,1714,-1,0,0,-2,1,2;6787,1787,0,1,-1,-1,1,-4,0,4;6757,1737,0,1,-2,-1,-1,-3,3,3;6599,1822,-2,1,0,-3,2,0,0,2;6738,1796,0,3,-2,1,-3,-2,4,-3,1,1
PK	5603,1132,10,14,0,3,-4,2,-1,3,-2,1,-3,-1,-5,3,-3,0,-3,2,-5,2,-10,-4,-19,-3,-7,3,-1,6,0,2,4,3,-1,3,1,1,7,2,0,2,-4,3,0,1,5,6,0,3,-2,4,1,1,7,5,1,4,1,1,7,1,2,6,7,1,5,2,3,3,-1,3,-10,5,-3,3,0,3,3,6,0,7,3,4,-5,4,-7,11,2,5,-1,2,-1,2,-8,4,-2,9,-5,14,-10,6,-3,11,-4,4,0,5,-7,3,-7,1,-8,3,-3,-2,-2,-4,-5,-2,-5,4,-4,10,-6,8,0,8,1,2,5,3,7,1,3,2,0,11,1,4,4,5,7,0,2,1,1,6,6,9,5,10,-1,3,2,4,-7,4,-3,-1,-1,-3,-1,0,-8,3,-2,2,-4,1,-6,-3,-16,0,-1,-1,-1,1,1,8,-10,1,-2,2,-1,2,-2,-2,-1,0,-3,-2,0,2,-4,1,0,-3,-2,1,-1,-1,-5,-6,-5,-15,-10,-3,-2,-9,-4,-6,-5,-3,-2,0,-2,2,5,0,2,2,-5,-1,-11,3,-6,-1,-14,2,-2,3,-11,-4,-2,-1,-3,1,-5,-1,-3,1,-1,1,0,3,-18,-2,-7,3,-3,-2,-2,2,-4,1,-7,-2,0,-14,1,-2,1,-10,5,-2,0,-2,3,1,1,-4,2,-1,8,-2,8,-1,0,-4,1,-1,-1,-5,1,-2,-3,-3,-6,1,-3,-1,0,-6,-3,-13,-1,-6,-4,0,-5,-4,-10,-3,-7,-7,-9,-14,-12,-12,37,11,23,-2,12,2,5,-3,15,-1,23,-8,2,-2,-2,-4,0,-5,-2,-7,0,-5,1,-3,3,-3,4,-6,2,-1,8,2,4,0,5,-3,-4,-4,8,-4,3,-3,6,1,3,-1,5,4,2,0,4,-3,3,-5,-4,-12,2,-6,1,-9,3,-2,5,0,6,-5,0,-2,-4,-6,-7,-7,-1,-3,2,-1,8,2,7,1,8,-3,-1,-8,-4,-4,5,-8,3,-3,2,-5,-2,-3,0,-3,-1,-3,-5,-8,-7,-5,7,-10,3,0,8,-7,7,-3,10,-1,13,0,6,2,11,-6,6,2,5,0,5,1,3,5,5,0,5,3,4,6,1,5,0,3,4,2,2,4,3,0,5,-2,1,3,5,3
PL	4450,739,2,3,0,2,10,11,-2,2,3,4,0,2,-2,3,-5,1,-5,5,-13,15,2,6,0,3,3,2,0,2,-16,-5,-3,-3,-5,-2,-11,0,-1,2,-3,1,-5,-2,-5,0,-3,2,-2,3,-3,-1,-3,0,0,-4,-3,-1,-4,-4,-4,2,-1,3,-4,0,-1,-3,-2,0,0,-3,-5,-3,-1,-3,-5,-1,-5,-3,-3,1,-5,-3,-1,-1,2,-2,0,-2,-6,2,-5,-3,-5,-1,2,4,-6,3,-9,-7,3,-4,-3,-2,-5,1,-5,-3,-8,-2,-2,-3,-5,-2,0,3,-3,1,3,-9,-3,-5,-3,-2,0,-2,-3,-5,2,-6,-2,-4,-2,-3,1,-4,-3,-3,-7,-5,4,-8,-4,-13,7,2,-1,-4,-7,-1,0,-2,3,0,17,-5,16,-3,6,-7,6,-1,7,-3,15,-3,4,0,9,4,1,1,-7,-2,5,7,6,2,8,-1,3,-1,48,2,11,0,3,-1,11,6,5,13,7,14,2,8,-9,4,-4,6,10,6,0,5,-1,3,2,4
PM	2894,855,-2,0,2,-1,0,1;2892,853,-2,1,2,-2,0,-5,2,1,-2,3,0,2
PN	1223,2643,-1,-2,1,2
PR	2553,1565,1,0,0,-1,10,2,0,4,-9,7,-6,0,-11,-1,-3,1,-6,-1,1,-6,-2,-3,3,-4,2,0,20,2;2568,1573,-3,0,4,-1,2,1,-3,0;2514,1574,-1,-1,2,0,-1,1
PS	4731,1234,1,2,-5,8,-1,-3,5,-7;4752,1214,2,16,-2,7,-7,3,-4,0,-1,-1,1,-5,5,-4,-2,-2,-3,0,0,-2,-1,-6,1,-8,3,-2,4,1,4,3
PT	3637,1202,3,1,3,0,4,2,-3,2,-4,0,-4,-3,1,-2;3822,975,4,-3,7,-2,1,0,1,3,-2,3,2,2,4,-2,11,1,4,-1,1,-2,11,1,1,1,0,5,5,1,2,3,-15,13,2,6,-1,8,1,2,-5,5,3,3,-2,6,-3,3,-9,0,4,5,4,9,3,2,-1,3,-5,5,-1,7,4,7,3,-1,-1,4,-4,1,-5,7,-1,3,1,11,-9,4,-15,-3,-6,1,-1,2,-2,-1,4,-10,1,-7,-2,-6,2,-6,-1,-6,4,0,-2,-2,-9,2,-1,-5,5,-3,2,-6,3,-2,-3,2,-4,6,-5,2,-2,-1,3,-13,-1,-2,5,-6,7,-14,0,-4,4,-12,1,-8,-3,-12,0,-2,1,-1,-1,0,-1,-2,2,-4;3480,1099,-2,1,-1,-2,2,0,1,1;3361,1038,-1,1,-2,-1,0,-2,2,-1,1,1,0,2;3442,1057,-5,-1,-1,-2,5,-1,2,1,-1,3;3427,1059,-6,-1,-4,-4,10,5;3409,1060,-2,0,-1,-2,3,-1,1,2,-1,1;3419,1062,2,1,-3,0,-5,0,-2,-3,3,-1,5,3;3470,1077,9,0,0,2,-2,1,-3,0,-6,-1,-2,-2,0,-1,1,-1,3,2
PW	6912,1953,0,-1,1,0,-1,1;6982,1843,-1,1,-1,-5,3,-4,-1,8
PY	2731,2536,4,8,1,4,2,1,0,5,2,3,0,9,-1,4,1,5,-1,8,1,2,3,1,2,-1,4,2,7,0,7,2,6,-1,2,-3,2,-1,5,5,8,1,6,9,0,6,4,13,0,4,2,3,1,6,5,2,5,-1,7,-4,9,6,-1,2,1,4,-2,21,-2,8,1,14,-1,13,-1,3,-2,2,-4,5,-6,2,-3,4,0,5,-2,1,-5,-2,-5,0,-4,6,-1,0,-4,-2,-2,0,-6,-1,-3,1,-23,-5,-9,1,-1,-5,3,-5,2,-2,2,-5,-1,-7,1,-5,5,-4,2,-8,3,-4,-2,-5,-8,-7,-4,-2,-5,0,-4,-3,-15,-7,-16,-12,-5,-2,-9,-1,-12,-6,-4,-5,-14,-9,-10,-14,-11,-10,5,-29,-1,-13,7,-13,2,-10,38,-9,20,0,21,13,1,9
QA	5109,1410,-6,1,-3,-3,-1,-3,1,-2,-4,-13,4,-15,5,-4,7,6,1,3,-1,7,4,12,-3,9,-4,2
RE	5215,2566,-5,0,-5,-2,-2,-5,2,-4,3,-1,5,1,3,6,-1,5
RO	4560,887,6,4,6,2,0,-2,2,0,7,-2,3,-1,3,1,4,3,-2,10,-10,3,0,-5,1,-1,-3,0,-1,2,1,2,-2,6,2,0,-4,7,1,8,-1,6,-7,-1,-4,-1,-3,-4,-3,1,-7,-2,-7,-4,-17,4,-5,4,-2,2,-6,3,-47,-5,-6,1,-1,-3,3,-4,-7,-4,-5,-4,1,-3,3,0,1,-2,-5,-2,-8,4,-4,-3,-5,-1,-6,-3,0,-1,3,-1,-4,-3,2,0,1,-3,-10,-4,-5,-4,-1,-7,-1,1,-11,-10,5,-1,3,1,2,-3,6,0,1,-1,1,-3,2,0,0,-5,4,-2,-1,-2,3,-5,0,-2,5,-8,0,-3,5,-5,6,-1,10,-8,5,2,5,0,11,2,7,0,7,5,4,-1,1,-2,6,-2,13,-2,2,-5,8,-2,6,3,8,13,7,7,10,9,5,8,0,5,-1,12,3,8,-2,1,3,3
RS	4426,903,6,3,5,1,4,3,8,-4,5,2,0,1,-4,1,-1,1,1,3,4,4,-1,1,-1,3,-3,1,0,6,4,8,9,7,0,2,-4,5,-5,1,0,6,2,3,-2,4,-3,-1,-14,3,-1,-2,2,-1,2,-7,-8,-3,0,-2,-3,-2,-4,-4,-5,-2,-1,-2,-3,1,0,4,-2,2,0,3,-3,1,-2,-3,-13,-6,-9,-8,1,-2,4,0,0,-2,-5,-8,6,0,0,-2,-10,-7,0,-4,4,-9,-3,-1,-4,1,0,-1,1,-1,0,-1,-1,-4,2,0,0,-1,3,0,2,0,0,-1,-8,-4,0,-3,-3,-2,1,-2,-3,-4,1,-2,4,-2,4,0,6,-4,12,1,11,10,1,-1,1,7,5,4,10,4,-1,3,-2,0,4,3,-3,1,0,1
RU	6931,937,1,1,-1,-1;6938,933,-2,0,2,0;6935,938,0,-1,0,1;6543,653,2,4,-7,0,2,-4,3,0;6696,561,-3,0,2,-1,-1,-2,3,2,-1,1;5845,255,-6,1,-4,-2,4,-1,6,2;5892,239,-5,-1,5,0,0,1;5511,156,-4,-1,4,0,0,-1,5,1,-5,1;5551,174,-3,-1,0,-1,7,2,-4,0;5424,186,-2,0,-4,-2,6,2;5422,194,-2,-1,-1,-2,4,1,-1,2;5391,130,-2,0,-2,-1,5,0,-1,1;5172,247,-11,-1,2,-1,9,2;5253,234,-1,1,-6,-1,3,-1,4,1;5277,227,1,1,-6,-1,6,-1,-1,1;5297,216,6,0,1,1,0,2,-9,0,-3,-1,1,-1,4,-1;4802,104,-10,-1,6,-1,4,2;1094,340,4,1,1,2,4,1,0,4,-1,-2,-3,3,6,3,-5,3,7,-2,-2,-4,0,-1,1,1,4,5,-4,2,5,0,15,12,-6,5,-5,2,8,-2,0,2,-9,5,-8,7,-7,3,3,1,1,1,-4,4,9,-2,-8,5,12,-5,0,-1,-3,-2,2,-1,8,-3,4,-4,-1,-2,-3,0,1,-1,16,-1,6,2,-6,2,-4,2,1,1,6,-4,2,2,8,-1,-5,-1,1,-1,15,3,0,5,2,3,1,4,-4,2,6,0,-1,2,-2,0,7,1,-2,2,-3,1,-5,0,-11,3,-10,5,-4,-1,-3,-3,-1,1,1,3,-2,2,-3,1,-4,-1,-9,1,1,-1,-4,-1,0,-2,-5,0,1,1,0,3,-3,1,4,0,-7,3,-7,1,5,1,-4,3,-22,6,3,-1,1,1,-6,4,4,2,-1,2,-7,1,2,-2,-1,-1,-5,4,-7,2,-2,-1,1,-1,6,-4,-12,4,-2,-2,0,-4,-2,-2,-5,-2,-6,0,-1,-5,7,-5,2,-2,1,-3,-11,-3,-11,3,-16,0,1,-2,6,-4,-2,-1,1,-1,3,-4,2,1,17,-9,-13,5,-2,-1,4,-3,-6,2,-4,2,-6,1,0,-1,-11,6,-2,2,1,4,-4,2,-17,7,-9,3,129,-85,2,1;6643,966,-7,-6,1,-1,-1,-1,-5,-3,2,-2,7,-1,1,-1,-1,-4,0,-2,-2,-6,-6,-8,-4,-9,-17,-20,1,-1,6,-2,1,-2,0,-3,1,-3,4,2,23,5,2,-3,-5,-9,3,-2,-3,-7,2,-2,-2,-4,1,-3,-4,-6,-1,-6,-3,-5,0,-5,-4,-4,1,-3,3,-1,1,-6,-9,-8,0,-3,-2,-2,-9,-3,-8,2,-4,5,-6,-1,-5,4,-1,0,-1,6,-13,1,-10,-1,-6,0,-10,-8,-2,-2,-2,-5,-9,-7,-2,-4,-2,-2,-8,-1,-21,-12,-4,1,-5,-1,-6,-2,-4,-3,-13,0,-8,-2,-5,-3,-4,-5,-2,-5,-8,-4,-7,-8,-14,-10,-10,-9,-14,-11,-11,-10,-11,-6,-1,-3,-6,-3,-3,-1,-5,-3,-13,-4,-4,1,-30,-10,-9,1,-10,2,-4,-1,-14,4,-8,1,-3,2,-5,10,2,3,9,1,4,1,10,11,1,3,-5,9,2,12,0,6,1,4,0,7,6,3,2,5,-1,1,-7,2,-4,3,-6,8,-14,-3,-26,-9,-7,3,-6,-1,-19,-8,-9,-1,-10,7,-5,5,1,4,-4,3,-6,-1,-6,3,-14,2,-9,5,-6,-2,-4,1,-21,-4,-12,0,-17,-8,-5,-7,-14,-1,-15,-8,-9,0,-19,-4,-4,2,-11,2,-5,4,-6,0,-2,0,-8,-1,-4,-2,-10,-3,-11,-4,-1,-3,-4,-3,-10,-13,-12,-2,-3,0,-22,-7,-10,0,-6,-3,-7,-1,-12,-5,0,4,-1,3,-4,2,1,6,-3,1,0,2,2,8,9,9,7,3,3,6,0,5,-1,1,-2,2,-5,1,0,2,-2,2,-3,0,-6,-3,-13,-1,-6,-2,-2,1,-4,-1,-4,2,-8,-1,-5,-2,-6,0,-7,-5,-7,-8,-23,-1,-5,-4,-3,0,0,2,-2,0,-7,-4,-1,0,0,4,-8,0,-4,4,0,2,-7,1,-4,2,-1,2,-9,4,0,2,-6,2,2,5,-3,2,-4,0,-1,3,-1,1,-3,-2,-1,2,-4,-1,-8,1,1,5,-2,2,-8,1,-2,1,-2,0,-3,-3,-5,-2,-9,-6,-1,0,-1,-2,1,-2,-2,-2,-1,0,-5,7,-20,-3,-7,-7,-3,-4,-9,-3,-6,-1,-13,-13,-14,-5,-4,0,-2,2,-5,0,-1,3,-2,1,-7,1,-4,-2,-9,1,-4,-5,-6,0,-1,-6,-4,0,-2,-2,-3,0,-4,2,2,6,-4,1,-1,2,0,2,-1,-1,-19,-17,-51,-43,-34,-18,-2,-3,4,0,0,-7,-5,2,-4,1,-9,5,-4,0,0,3,-2,2,-2,2,-5,0,-5,4,1,3,-1,1,-4,-2,-7,-1,-3,1,-3,3,-4,-4,-1,-2,1,-3,4,-3,-1,-2,-1,-1,-4,2,-3,1,-8,-4,-5,-1,-1,1,2,3,-3,1,-3,-4,-5,-5,-2,0,-1,3,-12,1,-5,-2,-1,-1,1,-2,-2,-6,-11,-12,-5,-5,-4,1,-5,3,-15,-5,-9,-1,-7,5,-5,1,2,2,-1,2,-6,1,-2,2,-25,5,-6,-1,-3,2,-4,0,-4,2,0,4,-1,0,-4,-1,-4,1,-4,-1,-10,4,-12,1,-1,2,-8,1,-2,1,-9,1,-1,1,-12,-3,-2,1,-1,1,1,5,-1,4,5,1,4,0,2,1,-2,2,-3,0,0,3,1,1,9,1,8,3,2,2,-1,2,-12,-1,-6,0,-3,7,8,9,-5,4,-4,1,-6,4,8,4,3,3,19,5,4,3,2,2,-1,9,-7,4,-10,0,-8,-4,-2,2,-1,5,-4,2,-1,-2,-2,-1,-11,-2,-14,-9,-10,0,-2,4,-4,0,-6,-3,-3,-1,-7,2,-3,-1,-5,4,-1,4,-6,3,-7,-2,-16,-9,-2,2,5,7,0,2,-1,1,-2,-1,-3,-5,-7,-6,-19,-11,-14,0,-7,-5,-2,0,-4,1,-6,4,-5,0,-5,-4,-7,-2,-7,11,-7,4,-6,1,-2,5,-8,6,-4,0,9,14,-1,3,-6,2,-2,-1,-16,-12,-2,-1,-3,1,-1,4,0,5,-4,3,-1,4,0,8,6,6,-4,8,-1,6,2,4,9,4,2,3,0,4,6,5,3,-1,14,2,10,10,11,13,0,1,-1,1,-7,-2,0,2,1,2,15,7,1,1,-3,0,0,2,-7,3,2,5,-5,-1,-5,4,-6,2,-3,0,-1,2,-4,-2,2,4,-1,2,0,3,-2,7,-1,5,-2,-1,-1,2,-3,3,0,2,1,4,6,2,7,6,6,13,0,-6,2,-2,-1,10,2,11,4,4,3,5,9,8,8,10,5,3,-3,6,-6,4,-2,6,-7,-1,-6,-2,-2,-3,-11,-9,-4,0,-1,-2,-12,-4,-8,-4,1,-7,-2,-1,-6,0,-5,-4,-6,-2,-1,4,-3,-3,-3,0,-10,4,-3,0,-2,-1,0,-3,-15,-6,-3,-3,-5,-2,-3,0,-4,-1,-7,1,-10,-1,-5,-3,-5,-1,-10,-4,-2,1,-8,-2,-1,1,-2,3,-29,-22,-11,-3,-8,-7,-3,1,-4,-1,-7,-7,-12,-4,-1,-1,6,-3,-4,-2,1,-1,1,0,8,4,8,-3,0,-2,-1,-1,-1,-1,4,-6,1,-5,1,-1,2,3,1,-4,6,0,-9,-8,-4,0,-4,-6,4,1,5,-2,6,1,-2,-4,15,-6,0,-1,-3,-4,-3,0,-1,2,-5,1,-3,0,4,-3,-4,1,-6,3,-1,-2,1,-2,-1,-1,0,-6,7,-3,2,-4,18,0,1,-1,-1,-2,2,-8,-2,-1,1,-1,-2,-4,-4,-2,0,-3,1,-2,4,0,-5,-3,-2,-2,4,-1,3,-5,-2,-8,-6,0,-7,-4,-3,0,-3,-3,-5,1,-5,-3,-4,0,-4,-2,-2,0,0,2,-2,1,-7,-5,-7,-7,-13,3,-2,2,-3,-2,-3,0,-5,-3,-4,-1,-4,2,-1,0,-5,-4,0,-5,-4,-5,0,-2,-3,-1,-3,-3,-6,1,-10,-2,0,-2,-4,-9,4,0,0,-2,-6,-5,-5,-6,-4,-3,-11,0,-6,3,-7,-2,-2,1,0,4,-3,1,-7,-1,-5,-5,0,-5,-3,-4,1,-2,-7,-6,2,-4,5,0,4,2,5,0,5,-2,1,-2,4,-1,-1,-2,-5,-4,-1,-3,-5,-2,-8,-1,0,-5,-9,-4,-5,-6,-2,-1,1,-3,-8,-4,0,-3,3,-4,-5,-6,1,-2,0,-4,-14,-6,-6,0,-7,3,-3,-2,0,-3,-7,-2,-4,1,-5,-3,-5,1,-3,-2,1,-3,-4,-7,-2,-1,-4,-6,-3,0,2,-8,-1,-2,-6,-3,-1,-2,-3,-1,1,-3,2,-3,4,-2,-3,-1,-4,-7,0,-5,-4,-8,5,-6,1,-6,4,-2,-3,-2,1,-2,-2,-4,1,-1,5,2,3,-4,4,1,4,-1,2,-4,18,3,1,-2,-10,-5,-11,0,-9,-4,-3,-4,3,1,-1,-2,-2,-2,-6,3,-6,0,9,-8,13,-9,27,-27,4,-10,-8,-6,-15,-7,-8,-5,3,-2,4,-6,-1,-3,-7,-3,-3,-4,1,-3,0,-2,-6,-1,-4,-4,0,-1,3,-3,-1,-1,-3,-1,1,-2,-1,-3,1,-2,-2,-1,6,-1,0,-3,-5,-6,-18,-17,0,-2,1,-3,10,-10,0,-2,-13,-9,-11,-2,-5,-7,3,-7,-7,-2,11,-3,3,-5,9,-2,2,-3,0,-3,8,3,3,-1,1,-1,-2,-4,12,2,1,0,2,-3,3,1,-1,-3,18,5,0,2,-1,0,-12,-1,-1,0,4,2,1,2,10,0,0,2,8,-1,-1,6,-2,2,4,-2,3,-4,9,0,13,2,4,-1,10,2,34,11,13,7,7,1,14,5,4,0,-2,-2,1,0,12,7,10,3,6,10,5,1,0,6,0,2,-9,8,-5,3,-13,4,-10,1,-13,0,-16,-4,-26,-3,-12,-4,-6,1,-1,-1,0,-1,-23,-4,-6,-4,1,-2,-17,-1,11,3,0,2,7,4,6,1,1,3,8,2,0,2,-4,1,13,2,12,6,2,2,0,2,-1,5,-3,3,10,9,1,4,3,1,-2,1,1,3,4,3,7,2,4,-1,9,5,5,4,20,4,3,-2,5,-1,1,-2,0,-1,-4,-5,-4,-2,-9,0,-13,-9,-2,-3,4,-1,1,-4,4,-1,7,2,9,5,7,1,22,6,3,0,1,-3,3,-1,6,-1,-4,-5,-11,-7,-1,-2,0,-3,7,-4,5,-4,12,-4,9,-8,7,2,11,0,8,3,-1,3,5,0,5,3,-1,-5,2,-10,-3,-5,-3,-4,-8,-2,-2,-1,1,-16,-2,-6,-1,-1,-17,-8,13,3,17,-1,14,2,17,11,1,3,-18,2,-8,6,0,1,1,2,12,3,8,7,11,2,17,-4,0,-7,0,-4,-1,-2,11,-3,3,1,1,-2,-4,-3,7,0,11,-4,10,-5,19,-5,6,2,-1,2,3,0,4,-2,1,-1,-4,-2,-4,0,5,-3,15,-6,11,0,-10,2,3,1,-1,5,3,2,2,2,-1,1,-3,0,-5,1,-1,2,12,1,8,-2,5,3,2,-1,-1,-3,6,-5,10,-1,18,2,14,-8,1,2,1,-2,11,-2,2,2,6,4,-3,2,2,4,11,2,1,-1,1,-1,-3,-6,9,0,4,-6,-3,-3,-2,1,-14,-11,1,-1,4,-1,4,-3,42,4,15,3,14,4,0,2,2,-1,26,7,11,2,16,8,13,4,2,-1,2,-5,0,-8,-5,1,-5,-1,-10,-6,-5,-5,-7,-3,-10,-2,-1,1,0,2,-4,-4,-1,-6,2,0,1,-2,-3,-2,-5,-11,-3,-2,-7,1,-2,-2,1,-3,-3,0,1,-5,8,-2,8,-6,1,-6,-3,-14,2,-6,4,0,0,2,2,0,27,-1,23,5,4,7,2,7,0,6,-3,3,1,2,5,3,10,3,5,4,7,10,-1,4,9,10,4,7,3,7,4,4,5,3,16,5,2,2,-2,1,-2,6,4,4,1,5,-6,4,-4,12,-2,2,-6,-1,7,6,-4,0,-4,3,-4,1,-6,-2,0,-2,3,-1,-6,1,-9,-3,-13,1,5,4,16,4,6,1,17,0,13,2,3,-1,-1,-5,14,-7,3,-3,-1,-9,6,-7,-4,-7,-11,-7,-1,-6,0,-2,7,-2,20,-2,20,11,8,11,1,3,12,5,19,0,-24,-4,-5,-5,0,-4,4,-2,-14,-14,-32,-7,-9,0,-4,3,-4,0,-8,-1,-6,1,-4,-2,-1,-5,-9,-6,-1,-2,-2,-8,2,-8,-21,-13,-11,-5,3,-8,10,-3,6,-3,0,-2,-5,-6,-8,-6,5,0,4,1,7,4,2,3,4,3,-1,2,1,4,-2,1,2,3,6,3,2,2,-2,2,3,2,7,2,17,1,4,2,0,-2,10,1,15,5,11,-1,0,-1,-5,1,-5,-1,-8,-5,-6,-1,-6,0,-20,-5,-12,-7,4,-2,7,-1,14,4,8,-1,0,-1,-5,-3,-8,0,-2,-1,5,-4,7,-1,15,0,26,6,3,2,17,6,16,-1,6,1,3,1,0,4,-7,4,3,5,4,4,1,4,4,4,-1,-3,0,-3,-1,-4,3,-1,4,1,5,7,1,3,0,4,4,2,4,1,-3,-4,6,-2,1,-1,-1,-3,-19,-11,-1,-8,-2,-4,-9,-4,-9,-1,-15,-7,-17,-2,-6,-2,-6,-5,-1,-4,-7,-3,-4,-3,-3,-3,2,-2,-2,-2,17,-2,26,0,17,-2,8,1,3,0,1,-2,18,-2,4,2,-7,4,-3,1,-3,2,0,1,3,2,17,4,-15,-5,-3,-2,5,-2,11,-1,1,-3,2,-1,-7,-1,-16,-8,-10,-1,1,-2,3,-1,10,3,4,-1,-16,-5,-10,-1,-1,-2,3,0,1,-1,9,2,2,0,5,-5,-1,-1,-9,-1,-1,-2,11,0,11,-4,6,-2,5,0,6,-2,18,-1,4,-2,29,-3,0,-1,-9,0,-1,1,-5,-1,-3,1,-2,-1,0,-2,3,1,1,-2,6,1,5,-1,7,0,0,-1,15,1,8,1,1,1,-3,2,2,1,8,-3,2,0,1,2,9,-2,4,1,0,-1,0,-1,3,0,8,-3,21,4,1,3,-1,1,2,0,1,-2,-5,-4,-22,-7,11,1,17,-1,13,1,0,-1,-12,-1,-1,-3,-6,-2,-3,-3,2,-1,1,-3,9,-6,4,-2,6,0,5,-2,29,4,8,2,-4,1,-2,2,-14,3,21,0,5,2,4,-1,12,0,9,2,-2,7,-4,-1,2,2,19,0,1,-1,-2,-3,2,0,43,0,16,3,5,1,0,2,4,-1,6,1,9,5,0,1,4,-1,-4,-2,4,0,14,6,3,0,2,1,3,5,-1,0,-3,-1,-19,-4,14,5,3,0,12,2,2,3,-3,6,-7,3,-3,2,-6,2,-4,2,-6,2,0,1,-5,2,3,1,0,2,-8,3,-6,6,-5,2,-7,0,-3,6,-7,0,-1,7,-4,4,8,-1,3,-2,0,-4,2,0,19,-1,6,-2,0,-1,10,-1,1,-2,8,0,9,-4,1,-1,-3,-1,-8,1,-7,-1,-2,-1,0,-2,4,-2,14,1,-1,-2,7,1,-4,1,6,3,14,2,9,-1,0,-1,-4,-3,4,1,12,5,0,4,8,2,6,7,1,2,-1,2,7,3,6,1,-11,-4,-1,-5,-4,-3,3,-3,-10,-3,7,-1,11,-1,6,-2,50,3,10,2,-7,0,1,2,4,3,26,5,20,1,11,-1,15,2,2,-1,-6,-2,11,1,1,-1,-1,-2,1,-1,-10,-5,-3,-2,-1,-2,6,0,2,-2,7,-1,22,5,1,1,8,-2,4,4,6,1,2,-2,0,-3,12,2,12,3,2,1,5,0,6,2,3,1,3,0,1,2,-4,3,7,0,8,4,-3,2,-5,1,16,2,5,2,4,3,0,2,-5,0,-28,-7,36,14,1,-2,-3,-2,2,1,9,3,-4,0,-4,2,7,1,22,10,18,4,2,0,0,-1,10,4,2,0,2,-1,-3,-8,1,-1,-3,-2,-4,-6,-1,-6,16,7,13,3,17,1,0,-1,6,-2,2,-1,8,0,21,4,21,5,-4,-1,2,-1,0,-1,3,0,-8,-2,-2,-3,1,-1,5,1,1,-2,2,0,11,4,11,-1,-10,-4,-5,-4,-7,-1,3,-1,-1,-3,4,-1,-10,-1,-1,2,-4,0,-5,-4,2,-3,13,0,7,-2,-14,-5,0,-1,1,0,25,3,23,1,49,5,3,2,-24,-1,0,2,-5,1,7,1,6,-1,27,-1,1,1,0,2,-2,4,-2,0,-2,-4,-10,-2,3,3,5,3,-3,1,-7,-1,4,4,5,1,8,-1,2,-1,2,-3,0,-5,1,-3,19,1,21,3,16,5,0,1,-12,1,1,2,1,0,9,1,14,3,8,0,3,1,-2,5,9,-4,12,2,16,6,-4,1,17,3,19,-1,6,-2,17,-2,3,-1,12,0,24,1,28,5,13,4,13,6,9,9,5,2,22,4,17,11,11,4,4,6,-1,2,3,0,-3,-6,1,-1,-1,-1,-14,-10,3,-5,14,-2,11,-1,13,3,40,2,3,-1,3,-4,4,0,9,4,12,6,22,4,14,7,14,-1,0,-5,-2,-2,-21,-9,-8,-1,-2,-5,-8,-6,38,3,16,3,-2,-2,11,1,14,1,17,-1,24,5,39,6,5,2,6,0,21,6,129,85,-2,1,0,4,-4,1,-3,4,-2,0,-17,-2,-18,-7,-8,-1,-7,0,13,1,7,4,1,1,-1,0,-13,-1,-10,-3,-1,3,-16,4,16,-3,3,-2,11,4,0,3,4,-2,7,1,1,-2,4,-1,2,0,9,7,8,3,9,2,1,0,-3,-3,24,12,7,4,-4,1,2,1,4,0,6,4,-3,-4,8,5,12,3,4,3,0,1,13,6,3,3,-1,4,4,3,-26,-5,-14,-1,-5,-4,-5,0,2,2,7,3,-7,1,-1,3,-11,6,0,1,-4,3,-1,-1,0,3,-6,1,-2,2,-4,0,0,7,-6,-2,5,4,-3,0,1,3,-2,0,3,2,-2,4,-1,2,-2,-1,-1,3,-4,5,-3,2,9,10,-9,-2,-18,-8,-11,-4,-19,0,-11,4,-2,3,1,8,0,2,-2,0,-4,-3,-11,-12,-3,1,0,2,-5,4,-1,1,-2,1,4,4,1,2,-14,-5,-3,0,0,4,-2,-2,-8,-1,0,6,11,11,1,4,-2,-1,0,1,4,3,-2,7,1,6,7,8,5,4,11,3,1,2,-3,-4,2,-2,14,4,3,4,0,6,3,3,12,10,5,2,7,1,13,11,0,4,-4,0,-9,-4,-1,-3,2,-1,-1,-3,-2,1,-4,0,-1,2,5,3,-4,4,9,14,9,7,9,5,8,5,-2,6,-2,0,-6,0,-5,-2,-5,2,-5,8,2,4,3,6,8,5,3,4,8,7,-11,-3,-7,4,-1,4,-7,-4,-1,1,1,2,5,2,4,6,6,5,5,14,0,5,-3,3,1,2,-1,5,-3,5,-7,-6,-7,-3,-29,-28,-13,-8,-67,-60,-16,-17,-10,-14,-1,-2,3,-9,-2,-3,-2,-4,-10,-7,0,-1,10,0,-1,-5,11,0,-1,-4,5,-8,-1,-7,-4,-7,2,-6,0,-4,3,-2,1,-5,-1,-4,2,-3,-3,-7,6,-4,1,-3,6,-1,3,-2,-5,-3,-2,-2,1,-3,-1,-2,-6,-3,-4,-4,0,-1,-13,-13,2,-4,13,2,-2,-2,4,0,-2,-1,-13,-2,-10,-3,-14,4,1,2,3,2,1,2,8,9,2,2,7,2,1,3,-1,1,-7,-4,-2,0,1,1,-6,0,-4,16,1,4,-5,1,-2,2,-7,-9,-4,0,-2,1,-1,1,-2,0,-2,-4,-5,-4,-4,-8,-6,-5,-2,-1,-6,5,-12,-5,-8,3,-4,-1,-3,2,-11,-1,-1,1,-3,2,-2,4,5,5,-2,6,2,7,-5,7,1,6,3,5,-2,1,4,4,1,3,4,2,4,-2,9,2,6,2,4,4,-6,0,-1,2,-6,-2,-1,2,-4,1,-9,-3,-6,0,2,3,-4,0,0,3,0,1,-12,-3,-2,1,1,2,-13,1,-9,-5,5,-2,9,0,3,-1,-3,-2,-7,-1,-14,-5,-7,-1,0,3,-7,-1,2,-1,-24,-5,-3,0,-4,3,6,3,-4,1,-4,-2,0,2,3,2,4,0,1,2,-3,1,-4,0,-8,-4,-6,1,-1,2,-3,1,-22,-5,-1,1,2,5,-3,1,-10,-5,-4,-1,-18,1,-12,-1,-5,2,-6,-1,-8,3,-3,2,-2,4,1,8,-2,3,-4,3,-1,2,5,12,-5,3,0,4,-2,1,0,3,-3,2,0,4,-3,2,-1,8,2,5,0,7,-2,0,0,4,-5,6,-4,3,0,5,-4,5,-2,1,-2,4,1,2,3,3,14,4,17,-1,4,4,8,12,3,3,2,1,0,-2,6,1,-3,-5,-5,-3,0,-1,3,-2,5,0,0,3,-3,1,8,3,5,1,0,1,-2,1,1,4,-3,3,1,0,12,-1,3,-3,-1,-4,2,-1,3,3,0,7,4,0,-1,-5,-1,-3,-7,-9,-3,-2,15,3,5,-2,14,5,8,6,10,5,20,8,2,2,1,2,-1,2,-8,-1,13,5,5,7,1,3,12,6,0,3,3,4,-1,4,-1,3,3,9,10,17,10,10,2,1,1,4,6,8,6,13,3,2,0,5,4,9,-5,13,2,12,-3,8,2,8,2,5,-1,2,2,5,-1,10,-3,11,-3,5,-2,9,-1,4,0,4,-3,3,-1,10,1,4,-2,3,0,4,-14,15,-4,3,-3,0,-6,3,-5,-3,-3,0,-4,-2,-5,0,-3,0,-7,-10,-3,4,-2,1,0,-5,-2,0,-3,2,-1,10,-1,1,-1,4,-9,-1,4,3,1,6;4646,110,14,1,5,1,0,2,-14,-2,-4,2,-14,2,-4,-2,-15,0,32,-4;4684,109,7,0,15,4,-8,2,-15,1,-1,0,1,1,-2,0,-11,1,-1,0,4,1,1,2,-5,-1,-2,2,-9,0,-2,-1,4,-1,-1,-1,-12,1,-6,-2,15,-3,16,0,1,0,-2,-3,0,-1,13,-2;4994,193,-17,5,-34,5,-26,7,-4,0,-6,5,-5,1,4,2,-4,3,-5,0,1,2,-1,1,-7,-2,-1,4,-7,0,4,4,0,2,-1,2,-9,2,3,3,-1,2,-7,-2,5,4,-4,3,-1,3,-4,1,-18,-1,-9,-2,-10,2,-4,-2,1,-1,-9,-5,7,-3,4,-1,5,-9,12,-2,-8,-1,-2,-2,3,-3,7,-3,-3,-1,-5,0,-4,-2,-1,0,1,-1,4,-1,7,2,3,-3,-2,-2,11,1,1,-4,3,-1,-1,-1,9,-4,16,-2,0,-2,2,-1,10,1,1,-1,-2,-2,1,-1,27,1,20,-3,16,-3,2,-4,8,-3,11,-2,13,2,10,4,2,3,-6,5,-6,1;4846,250,19,2,0,2,-2,2,1,4,-5,1,0,4,-3,1,1,3,5,3,-1,6,28,17,23,8,-6,3,-14,-3,-2,0,6,2,-1,1,-6,-2,0,1,-5,0,-3,-2,-9,1,-8,-2,0,2,-21,-4,3,-1,-2,-3,1,-1,8,0,-11,-4,0,-1,-4,0,-2,-1,0,-3,-7,1,-8,-1,-7,2,-4,-1,-5,-3,-4,-6,1,-3,4,-1,7,0,1,-2,2,-1,0,-4,1,-1,-1,-1,1,-2,-6,0,-1,-1,0,-1,4,-2,7,-1,-3,-1,-2,-3,0,-1,7,-2,7,0,8,-2,8,1;5310,107,25,5,1,1,-8,1,0,1,10,3,-1,1,-34,2,-10,2,-33,-4,-4,-1,3,-2,8,-1,2,-1,3,-3,-10,0,3,-3,3,0,18,-2,2,-1,-1,-1,9,0,14,3;5345,121,8,2,-1,0,-1,3,3,1,2,-2,5,0,0,-1,-2,-1,1,-1,11,1,12,3,4,1,-1,1,0,2,6,6,-1,0,-7,0,15,4,5,2,-4,3,-14,0,-13,0,-14,-3,-14,0,-6,-2,-5,1,-5,-1,-15,-6,-18,-2,2,-2,4,-2,3,-2,-1,-2,5,-2,6,0,1,-1,29,0;5438,137,3,8,2,-1,1,-4,10,-1,19,6,7,0,10,6,-4,3,-22,1,-2,2,-23,0,-10,4,-11,-1,-2,-1,1,0,-1,-2,3,-3,-4,-7,0,-1,7,-1,-4,-2,-1,-1,1,-1,-2,-2,0,-1,3,-1,-1,-2,3,0,5,2,3,0,-3,-2,0,-1,1,-1,12,2,1,1,-2,1;6068,200,18,4,0,-1,-8,-6,2,-2,4,0,22,5,9,1,6,-1,32,5,4,1,-4,1,0,2,5,2,-2,4,-18,-1,-14,-4,-7,-4,1,-1,0,-1,-9,-2,-5,2,10,5,28,7,-2,3,-3,1,-13,-4,-21,3,-12,-2,-1,1,3,4,-2,1,-19,-3,-13,-4,-17,-5,-4,-2,5,0,-13,-7,6,0,-8,-3,0,-1,10,-4,30,6;6184,209,4,0,4,-1,14,0,9,3,23,1,10,2,1,-1,2,0,4,4,-2,2,-8,1,-21,0,-44,-8,-8,-7,6,1,6,3;6826,301,-12,-6,-2,-3,2,-1,1,-3,4,-2,19,11,-2,2,-10,2;6662,670,9,6,6,9,16,12,9,8,7,8,3,6,9,10,10,9,5,2,32,29,12,9,19,18,13,9,4,4,-5,-4,-17,-10,-8,-2,-10,1,-2,1,1,3,9,25,6,8,9,7,6,4,15,12,3,0,3,2,9,9,3,8,-13,-13,-9,-1,-5,-2,-2,0,-1,3,5,12,0,4,-4,-2,-10,-11,-8,-17,-10,-11,-3,-10,-6,-7,-14,-12,-2,-8,-7,-12,-12,-15,-10,-10,-5,-9,-5,-6,-10,-7,-10,-5,1,-1,-6,-4,-7,-8,-7,-12,-12,-14,0,-2,3,-1,5,2,3,-1,-1,-2,-2,-2,-1,-1,2,-1,-4,-5,-15,-9,4,0,1,-1,-1,-2,2,0;1200,285,7,1,1,2,0,1,2,3,-3,2,-8,2,-31,3,-6,-2,19,-11,19,-1;4603,422,2,2,0,1,-1,1,-5,-4,4,0;4708,389,-4,-1,-1,-1,3,0,2,2;4830,290,6,3,1,1,-1,3,2,1,-2,0,-10,-6,-5,-1,0,-1,3,-1,6,1;7129,666,-19,-7,19,7;6540,301,-3,0,-5,-2,8,2;6611,341,-3,-2,-9,-2,-9,-7,-2,-1,2,-2,0,-2,5,3,1,2,-2,0,1,1,16,10;6248,195,-6,0,2,-1,4,1;6174,185,-11,0,2,-2,9,0,-1,0,1,2;6161,287,-1,2,-6,-2,-2,1,-6,-2,11,-1,4,2;5533,158,-1,1,-17,-1,14,-1,4,1;5641,186,5,2,0,1,-13,-3,8,0;5416,192,2,1,-4,0,2,2,-17,-2,-1,-1,18,0;5395,178,-5,1,-9,-1,14,-3,2,1,-2,2;5294,175,-5,0,-1,-1,5,-1,2,1,-1,1;5149,259,-9,-2,-2,-2,3,-1,10,1,-3,1,-1,1,2,2;5153,247,-2,1,0,-1,2,-1,7,-1,-2,2,-5,0;5266,235,-2,0,-10,-1,4,-1,6,1,2,0,0,1;5081,328,0,2,-4,-1,2,-2,2,1;5056,306,-4,-1,-1,-3,5,4;5163,393,-3,0,-4,-1,-5,-4,10,1,3,3,-1,1;4690,122,-8,-1,9,-1,2,0,-3,2;4710,124,-13,0,-5,-1,10,-1,5,0,3,2;4689,107,-6,-1,7,0,1,0,-2,1;4763,119,-7,0,3,-1,4,1;4746,116,-2,1,-7,-1,1,-1,-1,-1,8,1,1,1;4825,124,-7,0,-4,-1,-1,-1,8,-1,6,2,-2,1;4796,107,7,4,-3,1,-10,-1,-13,-3,10,-2,9,1;4953,887,-2,-2,0,-2,2,4;4810,335,1,2,0,1,-3,-2,-5,6,-15,3,-4,-2,-3,-3,-3,-7,1,-1,6,-4,5,0,18,6,2,1;4865,113,-13,-2,6,-2,13,-1,0,-3,13,1,6,3,-9,3,-16,1;4799,121,-9,0,-9,-5,20,0,13,2,-12,0,-1,1,1,1,-3,1;4847,111,1,0,1,3,-5,0,-7,3,-11,-1,-8,1,-6,-2,-1,-3,3,-2,10,1,14,-1,9,1;4831,109,-15,-1,6,-1,12,0,2,0,-5,2;4737,120,-12,0,-7,-1,12,-2,10,2,-3,1;4784,118,2,2,1,2,-1,0,-18,-1,3,-1,-2,-2,15,0;4779,100,11,2,-8,1,3,1,-6,2,-10,-1,-3,0,-11,0,-5,-2,9,1,10,-4,10,0;4742,106,25,2,20,3,-17,3,-24,-2,-10,-2,4,-1,0,-1,2,-2;4856,99,-21,-1,21,0,2,0,-2,1;4783,97,-5,0,0,-1,1,0,15,-1,3,1,0,1,-14,0;5286,129,-7,0,-14,-3,-7,-3,3,-1,11,0,25,3,-1,1,-10,3;5241,106,-3,1,-20,-1,16,-1,7,1;6138,236,-7,2,-6,-2,-6,-4,0,-1,12,0,7,5;6159,238,27,7,11,7,-17,-1,-32,-4,-10,2,-4,-1,9,-1,1,-2,-2,-4,1,-2,16,-1;6021,208,-7,1,-10,-9,14,5,0,1,3,2;6067,238,-21,-7,14,3,6,2,1,2;6557,653,7,2,-1,1,1,5,-2,3,-9,-5,-2,2,-2,-3,1,-3,-2,-4,9,2;6715,327,-16,-2,-14,-4,-1,-1,2,-3,2,0,20,3,4,2,-1,0,4,5;6941,571,-1,2,-2,-1,1,-2,-2,-3,-5,-5,6,-2,2,-3,5,2,6,6,-5,1,-3,2,-2,3;7096,659,4,4,-25,-12,-7,-2,2,-2,7,1,3,4,16,7;6999,793,-1,1,-2,-1,-2,-2,-1,-7,2,1,1,4,3,4;7001,760,-5,-1,-1,-2,1,-2,3,1,2,4;7000,769,0,2,-4,1,0,3,-4,-1,-5,-5,2,0,0,-2,4,-1,-2,-7,0,-1,2,-1,3,3,3,5,1,4;6995,806,0,1,-1,-1,1,-2,-1,-1,2,0,-1,3;6983,756,-1,0,-4,-2,3,0,2,2;6996,831,0,1,-1,0,-1,-2,2,1;6991,852,-2,3,-3,-2,3,0,1,-6,2,-1,-1,6;6969,883,-4,1,0,-6,2,-1,0,-4,4,-4,4,0,-2,5,1,2,-4,3,-1,4;6954,891,-5,2,-3,6,-5,0,1,4,-3,4,0,3,-2,0,-2,3,-1,-2,2,-4,-1,-3,0,-2,2,-2,2,-6,2,-1,-2,-4,5,3,5,0,2,-5,2,-1,4,4,0,1,-3,0;6943,930,-2,0,-1,-2,3,-1,2,1,-2,2;6920,911,4,2,4,-1,0,2,-1,0,-2,2,-3,1,-1,4,-1,4,-2,2,3,5,-4,-2,-2,-3,3,-5,0,-11,2,0;5710,228,1,3,-3,1,0,2,-12,-1,-13,-4,5,0,-2,-4,1,0,23,3;5059,129,21,3,-13,0,-1,-1,-7,0,-3,-1,3,-1;5090,110,-14,0,1,-1,8,-1,9,1,0,1,-4,0;5084,255,-8,1,-3,-1,0,-3,-3,-3,1,-2,3,0,9,-1,5,1,8,4,2,2,-14,2;5204,271,-12,0,-1,-2,7,-5,2,0,10,2,2,1,-8,4;5226,262,-10,0,-4,-1,-2,-2,5,-4,8,3,3,4;5221,208,2,1,-2,1,1,1,-10,-2,2,-2,4,1,-2,-1,1,-1,2,0,2,2;4966,319,2,4,-3,1,-10,0,-3,-4,-7,-1,-2,1,-10,-6,-2,-2,0,-1,3,-2,3,-1,29,11;4388,649,-6,7,6,2,5,-1,0,-8,3,0,13,5,10,0,1,2,4,3,-2,7,3,5,-60,-2,5,-5,1,-2,0,-5,10,-1,6,-7,1,0;4664,872,1,-3,3,0,5,2,7,1,2,3,5,0,2,2,1,2,4,2,6,7,5,3,2,0,5,-2,4,0,2,-2,9,2,-3,8,-10,1,-4,-2,-4,0,-2,3,-3,2,-1,2,-8,0,-4,2,-3,5,-4,3,-3,1,-6,-1,-4,-3,2,-9,-2,-5,-4,-2,-4,0,-6,-4,-6,1,-2,-2,11,-9,3,0,6,-5,-2,-3
RW	4657,2064,6,-2,2,4,4,-3,5,-7,4,0,-1,1,1,2,2,4,2,1,2,4,0,10,2,5,-1,5,-6,1,-4,-2,-6,3,-4,-2,-2,9,-4,2,-6,0,-2,-3,-5,-2,-2,3,-2,-1,-1,-6,6,-6,0,-10,5,-7,5,-3
SA	4797,1390,-4,-4,-4,-1,-1,-2,10,6,-1,1;4921,1608,2,0,-1,-1,1,-1,2,2,0,4,-2,-3,-4,0,-3,-4,2,-1,0,-3,2,2,0,4,1,1;5136,1551,-63,10,-18,11,-12,18,-3,8,-6,4,-4,0,-6,-8,-9,1,-17,-1,-9,-4,-21,1,-5,2,-5,-1,-3,-3,-4,-1,-4,4,1,2,-2,2,0,7,1,3,0,3,-7,8,-3,-9,-8,-10,-2,-8,-13,-11,-7,-14,-5,-6,-3,-10,-9,-17,-3,-2,-3,-4,-10,-7,-4,-1,-3,-2,-11,-15,-5,-8,1,-6,-4,-9,2,-13,-2,-5,-1,-4,-3,-3,1,0,-3,-4,-2,-6,-6,-11,-4,-5,-9,-7,-2,0,-2,-2,-4,0,-9,-14,2,-3,-3,-8,-6,-9,-4,-3,-2,-7,-4,-2,-7,-12,-9,-12,-2,-5,-5,-4,-4,-8,-5,-7,-3,-2,-8,-1,-1,2,-1,-2,3,-9,2,-22,24,4,8,-7,4,-9,16,-4,3,-8,7,-4,-25,-25,41,-13,4,-3,26,4,39,22,61,47,36,4,4,-1,20,3,4,9,2,2,17,0,5,10,4,6,0,4,3,3,8,3,-2,2,6,6,3,1,4,5,7,3,4,4,-4,0,1,3,4,4,1,2,-1,5,-2,0,1,4,4,8,6,5,3,9,7,10,3,3,6,-1,4,1,-2,5,6,2,0,5,24,29,56,8,1,-2,12,17,-10,51,-64,25;4790,1382,-1,-1,0,-3,1,4
SB	7536,2243,-3,-1,0,-2,2,0,1,3;7686,2322,-3,1,-1,-3,3,0,1,2;7672,2299,-4,1,-2,2,-1,0,-1,-2,3,-3,3,0,3,1,-1,1;7545,2326,-3,0,-3,-4,-6,-2,0,-2,2,0,10,8;7574,2271,0,4,-3,-3,0,-8,3,7;7523,2258,-3,-1,2,-2,2,1,-1,2;7545,2255,2,0,3,4,-1,1,-5,-3,0,-1,1,-1;7494,2236,2,7,-2,2,-1,-2,-4,-2,0,-4,-5,0,-1,1,-1,0,0,-1,6,-8,3,1,0,6,3,0;7502,2251,-1,-1,2,-3,0,3,-1,1;7500,2247,-2,2,-2,0,-1,-2,1,-3,2,-1,3,1,-1,1,0,2;7484,2248,-3,-4,4,-3,0,1,-2,4,1,2;7471,2228,-4,-5,2,-4,5,4,-3,5;7468,2234,-1,-2,1,-3,0,5;7481,2233,-3,0,-2,-3,2,-3,2,-1,2,3,-1,4;7454,2207,-3,1,-1,-1,2,-3,2,2,0,1;7490,2249,0,1,-1,0,-3,-2,3,0,1,1;7535,2262,5,4,8,0,6,4,1,3,2,2,1,2,-4,2,-7,-3,-12,-2,-2,-3,-1,-4,0,-4,3,-1;7540,2243,-5,-4,-15,-8,-7,-7,0,-3,-2,-2,6,1,7,8,7,3,9,7,-2,2,2,3;7490,2213,0,1,-2,2,-2,-1,0,-2,-5,0,-4,-4,-4,-6,-4,-4,-1,-3,1,-1,3,1,8,6,3,7,3,3,4,1;7560,2238,4,7,-1,5,4,4,2,6,0,3,2,5,-1,3,-3,-6,-7,-6,-1,-5,-2,-8,1,-2,-2,-5,0,-1,4,0;7576,2290,2,2,6,0,3,6,0,2,1,1,-5,0,-5,-1,-7,-5,0,-6,-4,0,0,-3,4,0,5,4
SC	5233,2147,0,2,-4,-4,2,-2,2,4
SD	4754,1791,-4,0,-1,-1,2,-9,-1,-8,-12,-12,-6,-3,1,-2,-3,-19,3,-16,-11,0,1,6,-15,0,6,7,0,10,2,6,-10,11,-2,4,-4,7,-11,11,-9,1,-6,-6,-11,-8,-8,6,0,3,-3,4,-5,1,-6,3,-3,4,0,3,-17,0,-4,-7,-18,0,-9,3,-3,-1,-8,-11,-6,-5,-1,-6,-2,0,-16,3,-1,6,-5,7,0,6,-2,4,0,5,-3,7,-7,3,-1,3,-11,-2,-3,-2,0,-3,-1,-1,-1,-4,4,-5,0,-12,-8,-15,-10,-13,2,-7,-1,-4,-7,-6,-1,-2,0,-8,-2,-2,-2,-10,0,-2,-1,-3,-3,-1,-6,1,-3,-3,4,-8,3,-3,2,-3,-3,-11,1,-3,8,-6,-2,-4,-1,-6,6,-5,0,-3,2,-4,3,-4,1,-3,-1,-6,4,-4,11,-1,8,0,-4,-107,22,0,-2,-51,136,0,1,0,3,-5,1,2,0,3,118,0,2,11,8,12,0,2,-3,-2,0,3,3,11,0,11,2,8,0,5,5,19,3,3,3,1,5,3,6,8,2,-1,7,7,-7,10,-10,4,-5,3,-3,7,-8,0,-1,6,-2,5,1,8,-7,26,-2,3,3,22,-2,16,-5,13,0,9,-10,3,-9,17,-3,4,-3,13,0,10,-3,3,-5,-3,-3,2,-2,4,-1,3,1,8,-3,9,-2,10
SE	4345,589,-4,3,0,5,3,2,-3,1,-1,3,-4,2,-2,4,-3,2,2,-4,-4,-5,1,-1,-1,-5,6,-7,4,-1,1,1,2,-2,3,2;4303,625,-1,1,-1,-1,-1,-6,4,-7,1,-1,4,-10,2,0,-8,24;4204,561,2,3,3,0,2,-9,-3,-7,3,-2,1,-4,4,-2,5,-4,1,-8,-6,-12,7,-2,3,-6,-6,-4,-8,-4,1,-13,-3,-7,-1,-8,1,-1,-4,-7,3,-4,-1,-3,10,-9,7,-2,13,2,2,-2,1,-4,-2,-4,-8,-3,13,-16,1,-11,-2,-7,8,-1,7,-3,-2,-4,15,-12,0,-2,-6,-6,1,-2,4,-1,2,-1,2,-6,9,-5,10,3,3,-5,-1,-7,3,0,27,4,4,-3,-5,-1,4,-3,1,-4,-4,-3,8,-1,5,2,0,1,19,8,15,4,4,2,2,3,2,0,6,4,-2,1,2,6,-1,3,5,1,1,2,-2,2,1,2,7,7,-1,5,-2,2,1,5,4,3,5,7,-4,1,-4,-1,-7,0,-2,2,-7,-3,-3,1,-2,-1,-2,2,0,4,-3,-1,2,2,-4,0,1,1,-1,1,-6,1,0,1,2,2,-4,-1,4,4,-6,7,7,8,0,1,-7,5,-3,7,-9,5,-5,1,-3,3,-4,-1,0,2,-2,-1,-2,3,-3,2,-4,0,1,1,-4,1,-1,2,-3,2,3,0,-1,2,-4,2,-4,-1,-1,-1,2,4,-2,1,3,2,-6,3,-5,-1,0,1,1,3,4,2,-2,1,-1,7,2,4,-5,-1,1,2,-2,2,3,14,2,3,0,3,2,1,4,0,2,2,5,-1,4,4,8,4,-1,2,5,2,5,5,-1,2,-6,5,-10,4,3,1,7,-1,1,1,-3,1,-2,4,-14,6,-8,5,-14,0,11,2,2,2,-4,1,2,5,-1,2,1,5,-2,0,0,3,2,7,-2,5,1,5,-2,8,-3,5,-2,7,-3,2,-4,-1,-17,1,1,2,-3,0,-6,5,0,2,3,5,-3,3,-7,-1,-9,2,-8,-1,1,-8,-10,-13,4,2,2,-1,-3,-4,4,0,1,-2,-1,-2,-3,-1,-6,-6,-6,-8,-2,-5,-2,1,-2,-6,-2,-1,-1,-6,-3,-1,-2,-3,-1,-5,-3,0,0,-3,-3,-12,0,-2,4,1;4346,587,0,2,-2,-2,2,-1,3,0,-3,1;4330,561,-1,0,0,-1,2,-1,-1,2;4332,551,-1,1,0,-1,0,-1,2,-1,-1,2
SG	6310,1995,-4,2,-4,-2,2,-2,2,-1,4,2,0,1
SH	3875,2431,-2,0,2,-2,1,0,-1,2;3682,2229,-1,0,0,-2,2,1,-1,1
SI	4326,862,-4,-1,-2,1,0,3,-3,0,-2,2,-6,2,-1,2,2,2,0,4,-7,4,2,1,-2,2,2,3,-2,1,-6,-2,-3,1,-5,-5,-4,5,-7,-1,-2,2,-6,-1,0,-1,5,-3,-3,-3,-3,-1,0,-4,-2,-1,0,-1,2,-3,-4,-1,-1,-1,1,-2,5,-3,0,-2,17,3,7,-5,10,0,7,-2,3,0,1,-3,2,-1,3,0,3,5,3,4
SJ	4290,228,-2,1,-5,-3,6,0,1,1,0,1;4305,149,7,0,5,7,10,-1,7,2,-4,1,0,2,9,2,7,0,11,3,-11,1,-4,4,-5,2,-4,0,-4,2,-5,-1,0,-1,-1,-1,3,-2,0,-1,-25,2,-1,-2,4,-1,2,-3,3,-2,-9,-3,-5,-4,-4,-1,0,-2,-5,-1,19,-2;4287,119,9,0,12,3,1,-2,-1,-3,7,-1,5,1,-2,3,8,0,9,-2,21,2,14,1,4,1,2,3,-15,5,-3,4,-7,1,-6,0,-10,3,-15,-1,-3,-2,2,-1,-28,0,-14,-2,-4,-1,1,-1,11,0,3,-2,-25,0,-9,-2,-2,-2,8,-2,-13,-1,11,-1,9,1,2,0,-3,-1,-3,-2,9,2,0,-2,-3,-2,10,1,8,2;4232,125,2,-1,4,0,9,3,2,1,-3,4,1,1,-1,1,10,-4,6,4,1,2,-2,1,6,2,10,0,2,1,3,0,0,-1,7,1,2,0,-3,2,14,4,-4,2,-20,1,-6,4,-2,3,1,3,-8,1,0,6,-1,3,-5,0,-3,2,-6,7,2,1,-3,3,2,3,-5,2,-18,-6,-7,-4,-11,-3,-6,-3,-1,-2,1,-1,5,0,4,1,3,-3,30,-2,-2,-2,-40,2,-5,-1,-2,-3,4,-1,5,1,-1,-1,20,-3,-1,-1,2,-1,17,-1,2,-1,-6,1,-4,-2,4,-3,-4,0,-7,3,-8,0,-2,-2,1,-3,-5,2,-5,-1,-3,1,1,1,-1,2,3,1,-7,3,-13,1,-7,-3,-7,-4,-6,-1,-1,-2,1,-1,-7,-3,2,0,11,1,1,-1,-6,-1,-1,-2,2,-2,-2,-1,-5,0,1,2,-2,1,-4,0,-8,-7,1,-2,-2,-3,3,0,4,1,1,-1,6,-1,8,2,-1,-1,1,-1,7,1,12,-1,4,0,0,1,-2,1,-10,1,-6,2,10,0,1,2,9,2,1,-1,-1,-3,7,-4,4,0,15,11,9,4,-9,-10,-1,-4,3,-3,-1,-2,2,-1,4,1,4,2;4159,149,0,1,9,2,4,4,-2,0,-6,-3,-7,-1,-7,-6,-2,-3,6,1,3,3,-1,0,3,2;4258,118,-3,1,-5,0,1,-1,7,0
SK	4437,799,-3,9,-3,3,0,4,-8,1,-5,-5,-8,1,-4,0,-7,0,-2,6,-8,3,-6,-2,-3,3,-11,2,-2,1,-1,5,-18,1,-3,-1,-7,-5,-4,-1,-5,-9,1,-7,3,-4,7,1,5,-2,6,-4,1,-5,8,-6,6,0,1,3,4,0,1,-3,4,-2,4,4,3,1,0,4,1,1,2,-1,3,1,2,-3,3,-2,5,0,7,2,2,-3,5,0,11,2,3,3,10,4
SL	3772,1815,-1,8,-5,3,-2,8,-14,13,-5,8,-5,-5,-17,-7,2,-4,-2,-3,1,-2,-2,1,-3,0,-4,-3,-2,-8,-1,-2,-3,0,-3,-5,0,-2,4,2,5,-5,-5,0,-2,1,-1,-3,1,-4,3,-1,-2,0,-3,-4,3,0,3,-1,1,-4,5,-3,5,-12,2,-1,3,-1,3,1,5,-1,1,-2,14,0,1,1,11,16,-1,6,3,1,0,5,3,4,-5,9,3,1,4,-5,2,0;3722,1842,-1,-1,-8,-3,2,-1,6,0,2,1,-1,4
SM	4250,926,-2,-1,1,-1,1,0,0,2
SN	3730,1656,2,4,-1,5,4,6,0,6,2,3,-3,6,5,8,2,-2,3,0,5,11,-2,10,2,2,0,2,-15,0,-5,2,-11,-3,-3,-2,-3,1,-1,-4,-46,-1,-9,5,-5,1,-7,-1,-9,3,-4,0,0,-1,-1,-3,7,-2,-3,-3,-2,3,-1,0,-1,-1,0,-11,3,-2,18,0,0,-4,12,-2,3,-4,16,7,4,1,9,-3,0,-2,0,-1,-3,-2,-9,1,-12,-7,-4,-1,-7,2,-2,4,-23,0,0,-3,-4,-5,3,-3,-4,0,0,-2,-4,-8,-2,-2,-2,-4,-4,-2,-1,0,-1,2,-2,-2,9,-5,7,-9,6,-11,3,-12,5,-8,10,1,14,-3,1,-1,3,-1,9,1,5,2,7,6,2,5,3,-1,1,1,4,0,2,2,5,11,6,4,1,5,13,11
SO	4923,2071,-1,-3,-12,-17,0,-94,8,-9,15,-23,17,-4,7,-9,10,-5,9,-3,21,1,32,-40,34,-37,20,-37,-2,-45,10,-3,5,-2,11,-2,7,-5,4,-6,3,-1,11,4,-4,13,2,17,0,4,-2,1,4,-1,0,-2,4,2,0,3,-4,-2,-6,3,-1,23,-9,14,-6,17,-6,5,-3,13,-10,17,-3,15,-9,18,-9,13,-5,12,-24,30,-18,21,-25,16,-13,11,-19,19,-33,40,-10,18;5081,1746,2,45,-20,37,-23,0,-66,-25,-14,-13,-5,-10,-2,-1,-6,-7,-4,-10,12,-23,5,4,9,14,12,9,13,0,8,-5,11,-5,16,2,18,-10,7,1,7,0,12,-5,8,2
SR	2798,1894,-6,9,0,13,2,11,7,11,0,4,-4,8,0,8,-5,9,-3,3,-3,0,-1,-3,-4,0,-2,-4,-8,3,-1,1,-8,1,-5,-3,-4,7,5,5,-1,5,-11,-2,-5,-2,-9,-19,-2,-2,-2,-13,-6,0,-2,-1,0,-3,-4,-4,-4,-8,-1,-4,5,-13,-1,-3,1,-2,3,-3,7,0,2,-1,0,-2,3,-2,-2,-1,-1,-2,3,-5,4,-11,2,-1,16,3,6,2,1,2,0,-4,2,-2,22,-1,10,2,7,3,0,5,-3,6
SS	4754,1923,-11,11,-7,0,-4,-3,-3,2,-11,3,-5,4,-4,-2,-3,-5,-6,3,-8,-2,-5,3,-2,4,-2,-3,-4,0,-2,-6,-7,-3,-11,-16,-3,-1,-2,1,-5,5,-7,-2,-4,-1,-7,5,-5,-1,-3,-2,-6,-5,-3,-5,-4,-3,-5,-8,-1,-7,-2,-4,-9,-7,-5,-2,-5,-10,1,-4,-10,-11,-14,-9,-2,-3,1,-5,-1,-2,-8,-8,-10,-3,-4,-3,-1,-2,1,-4,-1,-2,3,-3,5,-2,3,-7,0,-5,2,-4,0,-6,5,-7,1,-6,18,-3,1,5,6,6,8,11,3,1,2,0,7,-3,18,0,4,7,17,0,0,-3,3,-4,6,-3,5,-1,3,-4,0,-3,8,-6,11,8,6,6,9,-1,11,-11,4,-7,2,-4,10,-11,-2,-6,0,-10,-6,-7,15,0,-1,-6,11,0,-3,16,3,19,-1,2,6,3,12,12,1,8,-2,9,1,1,4,0,1,20,-1,3,-2,2,-15,1,-6,13,5,4,10,2,5,4,3,3,1,4,5,6,4,2,5,6,6,16,1,4,2,5,4,5,-28,32
ST	4165,1989,-1,1,-1,-2,2,-2,0,1,0,2;4148,2026,-2,2,-1,-1,-1,-4,1,-3,4,-1,1,4,-2,3
SV	2033,1666,5,1,8,9,5,1,0,3,8,-3,3,3,4,-1,1,2,-1,8,1,1,-3,2,0,3,-1,1,-1,1,-6,1,-11,-3,4,2,-8,-2,-8,-5,-12,-2,-6,-5,0,-2,2,-2,11,-8,0,-4,5,-1
SX	2618,1574,2,0,0,1,-2,-1
SY	4749,1125,6,2,0,-2,3,-2,0,-4,5,-2,-3,-5,2,-9,6,1,3,3,7,0,15,-6,6,1,7,4,12,0,13,-3,14,-7,17,0,10,-3,3,-2,3,1,1,3,0,2,-10,11,-7,2,-2,4,0,7,3,7,1,4,-2,9,2,13,-4,9,-6,2,-37,24,-38,27,-10,-2,-3,-3,-4,-1,-4,-4,-2,-1,1,-5,-3,-10,5,-6,-2,-2,0,-2,2,-2,6,-1,-2,-2,3,-3,3,-4,-3,-5,-4,-2,2,-3,-1,-1,-8,1,-3,-8,0,-7,-1,-5,-4,-4,2,-9
SZ	4689,2682,2,1,-1,7,1,6,0,8,-3,-1,-1,13,-11,-1,-4,-1,-4,-3,-3,-8,-2,-1,1,-9,6,-11,6,-5,2,0,9,5,2,0
TC	2441,1481,-4,0,0,-2,4,1,0,1;2437,1479,-2,0,-1,-2,2,0,1,2;2427,1479,4,2,-5,0,1,-2
TD	4524,1538,3,95,-8,0,-11,1,-4,4,1,6,-1,3,-3,4,-2,4,0,3,-6,5,1,6,2,4,-8,6,-1,3,3,11,-2,3,-3,3,-4,8,3,3,6,-1,3,1,1,3,0,2,2,10,2,2,0,8,1,2,7,6,1,4,-2,7,-8,-2,-7,4,-3,1,-6,4,-1,2,0,5,-1,2,-3,2,-3,5,-3,1,-10,14,-10,7,-6,0,-9,3,-11,0,-4,2,-2,3,5,4,-12,15,-20,2,-19,11,-5,-5,-1,-3,-3,2,0,3,-8,2,-1,2,-3,1,-8,-1,2,-4,-1,-3,-2,-2,-7,-17,-18,-17,-7,-9,-1,-3,6,-7,13,1,7,-1,9,0,2,-1,-8,-9,-4,-7,-2,-12,2,-11,-1,-7,-5,-11,0,-6,-2,-4,-5,-4,-1,-4,-1,-1,-9,-1,-10,-16,-4,-17,20,-34,23,-30,4,-75,5,-11,-8,-10,-1,-3,1,-2,-10,-15,0,-10,-5,-27,22,-11,177,99
TF	5342,3260,3,0,6,-3,-1,2,1,1,-4,0,-1,2,3,2,13,-3,3,-2,3,0,0,2,-1,3,-4,2,0,2,-4,-2,-5,0,-2,2,-2,0,1,3,2,1,2,0,1,-2,3,0,1,2,-5,3,-4,-1,-2,-2,-3,1,-8,-3,-3,3,-4,2,-1,-2,3,-5,1,-5,2,-2,-2,-2,4,-5,6,-5,-1,5,-3,4,0,1,2,1;5344,3259,-1,0,1,-5,4,1,0,1,-4,3;5023,3194,-3,0,0,-1,2,-1,1,2
TG	4020,1752,-3,7,0,9,12,9,2,16,4,8,1,52,-2,0,1,10,4,4,0,3,-13,6,0,-2,-3,-1,-1,-3,-6,-4,-4,-10,2,-12,-3,-2,0,-3,2,-5,0,-12,2,-2,-1,-5,-5,-4,-1,-3,3,-2,-1,-7,2,-7,-3,-2,-3,2,-1,-1,1,-3,2,-1,-2,-1,1,-1,1,-15,-9,-9,-1,-2,2,-7,-2,-3,13,3,0,1,9,-1
TH	6266,1735,-1,3,-1,-1,1,-2,1,0;6261,1727,-3,0,-1,-4,4,4;6180,1830,0,2,-3,1,-1,-4,1,-6,3,2,0,5;6184,1518,1,1,3,-3,5,5,1,2,-2,9,1,3,2,2,3,1,3,0,4,-3,6,2,0,6,3,8,-1,9,-2,5,3,4,0,3,-3,14,1,2,4,1,1,0,5,-6,5,-4,1,-4,4,-1,3,-3,11,6,3,4,2,-4,5,-2,2,-5,2,-1,0,-3,4,-1,7,3,4,0,13,16,7,6,3,4,0,10,1,6,2,5,6,7,8,5,1,4,6,4,0,4,-2,3,0,3,2,8,0,10,-7,5,-1,3,-2,-1,-1,-3,-4,-1,-18,2,-8,-2,-9,2,-3,2,-3,3,-3,8,-4,4,1,2,-5,1,0,7,4,6,2,9,6,6,-1,4,1,5,6,9,-9,-12,-1,2,-5,-3,-2,-4,0,2,-5,-5,-5,-3,-2,-1,-6,1,-8,-1,-3,1,-2,-1,0,-1,0,-18,-8,-4,-2,2,-6,1,-5,3,0,3,3,5,-2,9,2,13,-7,17,-1,15,-6,14,1,4,0,11,3,8,0,4,3,1,7,-3,2,1,5,18,3,4,1,-2,3,6,5,21,2,5,-2,-1,-2,-7,-2,0,0,-4,-1,-2,-2,1,0,4,6,10,4,0,10,8,6,-1,5,1,7,10,7,6,-5,10,-4,1,-3,-3,-6,3,-1,3,-2,1,-3,-3,2,-5,-1,-7,-4,0,-3,-6,-3,1,-6,-3,-2,-3,-2,0,-1,6,-6,-8,-4,-3,0,-6,-4,-3,1,-3,-4,0,-1,-1,-3,-6,-2,-2,-2,0,-1,-5,-6,-4,-2,-5,-3,-2,-2,1,-1,3,-2,0,-3,-6,0,-9,1,-5,1,-8,6,-23,1,-6,-1,-5,8,-12,8,-17,-4,-10,-2,-9,-5,-5,-3,-7,0,-2,1,-3,-2,-12,-5,-9,-9,-7,-8,-12,-3,-8,1,-3,5,-3,2,0,-2,-17,5,-3,1,-5,-1,-1,-3,3,-1,-1,-5,-10,-2,-6,-19,-21,0,-3,-3,-9,-3,0,-1,-2,-3,-4,4,0,4,-2,-2,-8,2,-5,-1,-9,3,-5,0,-2,8,1,12,-2,2,-8,6,1,3,-2,-2,-5,6,0,4,-2,5,3;6214,1785,-2,-3,1,0,1,3;6214,1788,0,3,-2,1,-1,-4,3,0;6209,1865,-1,-2,1,-3,1,4,-1,1;6184,1829,-2,-4,2,1,0,3;6176,1801,-1,0,1,-2,0,2;6195,1838,1,3,-2,-2,0,-2,1,1
TJ	5406,1094,-1,-8,6,-14,0,-4,-7,-7,-2,-5,0,-6,-2,-2,-7,0,-2,-3,-7,-2,0,-7,2,-2,3,-2,16,3,2,-3,0,-5,2,0,0,-2,2,0,-2,-3,3,-1,-1,-1,-6,0,-1,-1,6,-2,7,1,-2,-2,2,-1,-4,-6,2,-2,-1,-3,1,-1,8,4,10,-6,1,-4,9,8,-5,7,0,1,4,2,2,3,7,-1,0,1,-5,3,0,2,-2,1,-2,-2,-11,-4,-8,3,0,1,0,3,-3,-1,-1,1,0,4,3,6,6,-1,12,-1,2,1,5,-1,2,1,5,4,4,0,1,-2,7,-3,2,3,5,1,1,3,1,1,5,-2,5,4,1,-3,4,-1,12,0,6,-3,4,1,1,5,6,7,-2,3,4,6,5,2,2,-4,3,1,12,5,1,6,6,11,1,4,6,5,-4,4,-6,-4,-6,0,-2,0,-1,2,-8,2,-3,0,1,-2,0,-2,-8,-1,-8,4,-3,3,-1,3,-6,2,-9,7,-3,0,-4,-4,-4,-7,-2,-20,-6,0,-1,-6,-2,-4,-9,-3,-3,0,-2,3,-2,6,-3,4,2,6,-1,3,-2,0,-5,-1,-7,1,-1,4,2,5,-2,2,-9,-5,-2,1,-3,1,-5,3,-2,3,-4,1,-2,0,-5,-5;5439,1000,-2,-2,2,2;5449,1027,-3,1,-2,-2,5,1
TK	181,2245,0,-1,0,1;212,2264,-1,0,1,0
TL	6783,2234,-2,4,-2,-1,4,-3;6767,2268,-1,-7,3,-1,1,-4,-1,-1,-4,2,0,-3,6,-8,14,-4,19,0,8,-4,7,3,-9,7,-6,2,-4,3,-7,2,-6,3,-12,4,-8,6;6745,2264,9,-4,-1,3,-3,3,-4,0,-1,-2
TM	5094,1053,-2,-2,-1,-5,1,0,-1,1,3,6;5138,990,22,1,1,-2,-3,-2,-3,-10,5,-7,10,-2,2,-7,6,2,3,3,1,0,-8,-8,1,-2,5,1,2,-3,7,5,6,1,5,5,10,1,4,2,0,6,4,1,3,3,-3,1,3,4,-1,3,1,2,9,5,8,-1,8,1,5,-2,9,5,7,10,8,9,5,9,24,15,7,5,9,5,3,0,8,5,24,13,7,0,14,6,1,2,-1,3,3,11,-9,-1,-8,-4,-2,2,-1,6,-9,0,-5,3,-2,20,-2,3,-5,2,-1,3,-3,0,-15,4,2,4,-1,6,-6,5,-5,0,-3,2,-8,-7,-8,0,-7,-4,-1,0,-2,-6,-3,-3,0,-6,-4,-11,-16,0,-8,-8,-14,-7,-5,-7,-11,-4,-3,1,-2,-1,-3,1,-3,-1,-7,-4,-13,-3,-2,-4,-3,-2,-16,-1,-2,1,0,3,-15,0,-4,1,-8,7,-3,7,-10,4,-5,0,-5,-15,-4,-26,-4,-4,-1,-2,-8,-4,-3,1,-1,1,-1,-4,1,-4,4,2,4,-1,-3,-3,-1,-6,-2,-1,-9,-1,0,3,2,3,-6,-7,-3,-9,0,-16,5,5,5,1,5,0,4,3,2,1,6,-2,4,1,-2,-4,1,-1,4,1,3,-1,-1,-5,-15,-11,-10,-15,-13,1,-3,3,-2,6,2,2,2,11,-10,-14,5,-7,4,-3,12,-3,8,-1,17,9,16,17,3,1,8,-2
TN	4243,1194,-1,14,2,3,-1,2,-14,9,-4,4,-3,4,-4,2,-3,5,3,13,-1,4,-6,10,-8,4,-12,-46,-15,-12,-3,-10,-2,-3,-8,-5,-5,-14,0,-7,5,-4,2,-4,5,-4,3,-4,0,-6,3,-6,-2,-5,0,-6,-2,-4,2,-14,-3,-4,3,-3,2,-3,3,-2,-1,-2,5,-2,7,-5,11,-3,3,0,-1,3,1,2,1,-1,0,-2,4,0,2,1,1,4,3,5,-1,2,2,1,4,-4,9,-5,2,5,-3,4,-3,6,-6,4,-1,4,3,7,9,6,1,8,2,2,-9,14,-11,10,-2,4,0,2,3,5,3,3,3,2,6,-1,0,5,4,-1,1,-2,2,1,2,5,2,2,-1,1,7,2;4236,1154,-3,2,3,-3,0,1;4231,1180,-2,1,-3,-1,0,-4,4,0,2,2,0,1,-1,1
TO	185,2561,2,-1,-1,4,-6,-4,1,-1,4,2;195,2498,0,1,-3,-1,2,-2,1,0,0,2;192,2565,0,3,-1,-2,1,-1
TR	4531,1020,-4,0,-2,0,2,-2,3,-1,1,3;4843,985,7,2,2,-1,11,1,2,-3,4,0,1,2,8,5,-1,0,2,2,5,1,1,2,4,4,3,5,-1,4,-1,2,4,8,0,1,6,2,7,0,2,1,10,9,-5,-3,-2,2,-1,6,-7,2,2,4,2,1,1,6,3,2,2,11,3,2,-3,10,9,5,-1,2,2,5,5,4,0,4,-4,-1,-6,5,-2,-2,-1,-5,-1,-1,-3,-1,-3,3,-3,-1,-13,-3,-3,1,-3,-1,-6,6,-2,0,-1,-3,-3,-1,-3,2,-10,3,-17,0,-14,7,-13,3,-12,0,-7,-4,-6,-1,-15,6,-7,0,-3,-3,-6,-1,-2,9,3,5,-5,2,0,4,-3,2,0,2,-6,-2,1,-2,-4,-8,6,-8,0,-4,-3,-3,-8,5,-2,3,-3,1,-15,-6,-8,5,-6,8,-5,3,-16,2,-2,1,-9,-3,-9,-9,-17,-7,-12,-1,-1,1,0,7,-2,6,-1,1,-3,-1,-11,3,-10,-4,-2,-2,-3,-7,-2,-1,-3,1,-7,-3,-4,0,-2,3,-3,1,1,-3,-6,1,-3,1,-4,-1,3,-2,8,-1,4,-5,-18,1,-2,1,0,-3,0,-1,5,-1,0,-2,-7,-4,-2,-5,-2,-1,3,-2,0,-6,-8,-2,-4,-4,-2,1,-6,-3,1,-2,1,0,-1,-7,1,0,3,2,1,4,1,2,1,-2,3,1,6,-2,-5,-1,-4,-6,3,-1,2,-3,-4,-2,0,-4,-4,-4,4,-7,-16,2,0,-1,0,-12,3,-1,7,-9,6,0,2,-1,3,0,2,2,3,1,5,0,2,-2,-3,-2,3,-1,3,1,-1,2,1,1,21,-1,1,-1,-6,-2,3,-3,18,-3,-10,-1,-6,-3,-1,-2,1,-5,16,1,8,-1,10,3,9,-1,2,-1,2,-4,11,-7,4,-3,21,-7,28,1,5,-2,3,0,0,4,4,4,6,2,7,-2,2,1,4,6,5,4,3,1,2,-3,3,0,4,2,2,2,15,3,3,2,10,2,21,-5,8,3,9,1,16,-7,6,-4,1,-3;4568,974,-1,3,6,7,18,8,-1,6,-4,1,-12,-3,-5,2,-4,0,-5,1,-1,3,-3,4,-9,5,-8,9,-3,1,1,-6,3,-3,6,-3,1,-2,-14,1,-2,-3,5,-6,0,-7,5,-3,0,-1,-1,-5,-6,-3,0,-1,3,-2,2,-3,13,-3,6,4,7,-1,3,0
TT	2658,1748,-1,0,0,-1,2,-2,4,-1,0,1,-5,3;2651,1774,-4,1,-16,0,6,-4,3,-1,1,-8,-4,-3,13,-3,4,0,-3,4,0,5,1,4,-1,5
TV	7968,2243,0,-1,0,1
TW	6628,1460,-1,6,1,11,-2,-1,-6,-10,-6,-4,-8,-14,0,-8,-2,-6,7,-21,6,-14,6,-3,3,-3,1,0,7,4,3,4,-2,3,2,8,-3,12,0,22,-1,5,-5,9;6563,1412,1,3,-3,-1,-1,-1,3,-1
TZ	4876,2184,1,5,-2,2,-1,-3,-1,1,-1,-2,-2,0,-1,-3,0,-6,3,-5,2,10,2,1;4885,2152,-1,9,-2,5,-2,-2,1,-7,-1,-4,3,0,2,-1;4728,2265,-10,-6,-11,-2,0,-3,-6,-1,-2,-3,-1,-2,-4,-3,-6,0,-2,-1,-3,-4,-13,-34,-11,-11,-4,-7,-1,-8,3,-7,-6,-21,2,-11,7,0,5,-4,4,-5,6,-13,5,-4,0,-2,4,-2,-1,-7,-7,-3,1,-4,-1,-2,3,-6,5,-1,1,-2,-1,-18,-7,-11,1,-1,6,-2,71,0,81,51,1,5,-2,7,2,1,2,3,31,26,-5,21,-4,9,0,5,1,6,5,6,4,6,4,2,1,4,-6,12,0,7,1,-1,2,1,1,5,-4,11,2,7,2,4,-1,2,4,6,0,6,3,12,-1,2,3,1,2,3,3,0,6,5,2,3,-11,9,-13,5,-2,3,-12,2,-7,5,-7,-3,-5,0,-5,7,-8,3,-3,0,-5,-3,-3,0,-4,3,-8,0,-3,-1,-2,-3,-4,-2,-3,0,-5,4,-13,-1,-1,-5,-3,-1,-3,-6,1,-8,-1,-6,-1,-8,0,-5,-5,-7,-7,-6,-1,4,-1,0,-4,-2,-7,1,-1,-3,-5,0,-3,-3,-2,0;4880,2229,-2,1,-1,-2,7,-7,-2,7,-2,1
UA	4751,847,-13,1,-3,3,-6,1,-4,4,-5,-1,-5,3,-9,1,-7,6,-2,4,-4,2,4,-4,0,-2,-2,-2,-2,4,-4,2,1,5,4,7,-1,0,-3,-2,-1,-2,-2,-2,-5,0,-2,-3,-7,-1,-5,-2,-3,0,-1,3,-3,1,-5,-3,-14,2,-9,-4,-4,-1,-1,-1,4,-1,0,-2,-6,-1,-4,-2,16,2,4,-3,-4,1,-6,-2,-3,-3,-1,-5,-4,-6,4,7,0,7,-7,0,1,-3,-3,4,-5,0,-7,1,-1,7,-7,10,-8,4,-3,-1,-1,1,0,3,2,1,2,7,-4,-3,-3,-1,-3,1,-7,2,-2,0,0,2,-6,-2,-6,-4,6,-1,-1,-4,4,-4,0,-2,4,-3,0,-3,-2,-5,0,-2,5,-2,1,4,1,-2,7,1,1,-1,3,2,5,0,1,-1,-5,-3,0,-5,-2,-2,-6,-4,-2,-4,0,-3,-9,-6,1,-7,-3,-4,-4,0,-3,-4,-5,-1,-1,2,-1,-2,-2,0,0,-1,-1,-1,-4,0,-6,-4,-5,-2,-6,3,-8,-1,-4,4,-6,1,-2,5,-13,2,-6,2,-1,2,-4,1,-7,-5,-1,-1,-6,1,-11,-2,-5,0,-5,-2,-2,2,-3,1,-2,-4,-4,0,-2,-2,-3,-1,-2,-4,-3,0,0,-4,3,-3,3,-9,6,0,0,-1,-3,-2,0,-3,-2,-6,1,-2,6,-7,11,-11,5,-1,2,-3,0,-2,-3,-4,2,-2,-10,-11,-2,-7,3,-1,4,2,6,-7,17,-2,13,1,16,3,8,1,3,3,8,1,0,2,3,-3,3,1,3,-1,8,2,1,2,2,0,2,-2,4,-2,6,6,15,-3,3,2,1,2,4,1,2,-2,-3,-6,0,-2,3,-5,3,-3,11,-2,11,1,3,-1,0,-4,2,-1,7,2,6,-3,11,0,4,3,5,6,6,5,0,2,-4,0,4,9,0,2,10,2,6,-1,3,3,3,1,0,2,4,5,0,5,5,4,1,0,4,-2,4,1,5,3,3,0,3,2,2,-2,13,-3,7,7,7,5,2,-1,0,-2,2,0,4,2,4,0,5,3,5,-1,3,3,3,0,7,4,6,0,2,8,-3,5,-4,1,2,2,5,3,-4,0,-1,2,0,3,4,2,2,4,-1,1,2,1,-2,8,1,2,-2,1,-15,-1,-2,1,-2,4,-5,1,-2,2,0,6,1,1,-1,2,1,2;4633,869,3,1,-3,0,-9,-2,-2,-3,3,2,8,2
UG	4753,2054,-69,0,-4,2,-6,0,-5,7,-4,3,-2,-4,-6,2,0,-11,3,-27,5,-10,0,-8,6,-4,3,-5,3,-1,17,-21,1,-2,-3,-3,-2,-1,-2,-3,-3,0,-3,-1,3,-11,-2,-4,3,-9,-1,-2,2,-4,5,-3,8,2,6,-3,3,5,4,2,5,-4,11,-3,3,-2,4,3,7,0,11,-11,4,8,1,0,-1,2,6,4,0,6,1,6,1,1,2,5,3,3,4,8,2,20,-4,8,0,3,-4,3,-3,3,-2,4,-5,7,-5,10,-1,30
US	1570,620,-3,0,0,-1,7,-6,1,3,-1,3,-4,1;1563,626,-2,0,0,-2,4,-3,5,1,-3,3,-4,1;1578,580,-3,0,-2,-2,3,-1,2,3;1433,531,-3,0,5,-2,-2,2;1430,543,5,-3,6,-2,-11,5;1375,537,-5,0,6,-2,1,1,-2,1;1312,530,5,-3,-5,3;1034,648,-3,1,-1,-1,1,-1,3,1;1042,656,-1,0,2,-2,0,1,-1,1;1044,652,-4,2,5,-4,-1,2;885,686,0,-1,5,-2,-5,3;652,732,-2,1,-1,-1,1,-2,2,2;1233,399,8,-2,-8,2;1065,456,9,1,10,-2,3,2,-2,3,5,1,0,1,12,2,-6,3,-9,0,-11,5,2,-4,-4,-2,1,-2,-1,-1,-4,-2,-4,0,-9,2,-3,0,-1,-2,1,-1,8,-5,2,-1,1,2;1063,530,0,1,5,0,-7,6,0,1,-2,2,-11,2,-3,2,-1,-1,-5,-1,-5,-4,1,-4,10,0,12,-4,6,0;1233,589,-1,2,6,-2,3,0,-4,3,0,2,3,1,-6,2,-2,1,-8,-1,-2,1,4,0,-1,3,-14,2,-13,4,1,1,-1,2,-11,4,-1,0,1,-1,9,-4,-2,-1,-3,0,4,-2,-7,0,2,1,-1,2,-5,2,0,-3,3,-4,1,-3,8,-5,7,-2,4,0,-2,6,1,2,1,-4,4,-4,3,-1,0,-3,3,-2,2,0,1,4,3,-2,3,0,6,-4,3,2,-2,1;1606,635,-7,5,-6,9,-9,6,-11,6,-5,-1,4,-8,9,-4,-2,-1,7,-9,1,-5,5,-3,-19,5,-9,8,-3,-1,2,-4,15,-10,7,-1,-6,-1,1,-3,-2,-1,1,-5,-2,0,2,-3,-2,-1,-1,-2,4,-4,-10,-2,4,-4,3,-5,0,-2,3,-2,5,3,-3,-4,1,-2,2,-1,6,0,-6,-1,-5,2,0,-5,4,-6,8,-5,-12,7,-2,-3,-3,-1,-1,-1,3,-8,0,-1,8,-14,-5,3,0,2,-2,0,-1,3,-10,17,-3,3,-3,-1,0,-3,-2,0,-6,0,5,-4,2,-6,5,-2,-4,1,2,-4,-5,5,-3,1,-2,-2,0,-2,-6,-2,-1,2,-3,2,3,0,3,1,0,2,2,1,-4,2,5,0,-1,4,-2,2,-8,1,-4,2,-10,-8,1,-1,-2,-4,1,-4,-3,-3,-2,-1,1,-1,-5,-2,-9,-6,8,-4,2,-4,4,-2,1,-1,1,2,-6,7,6,-5,5,-1,-4,-1,0,-3,-13,5,-12,2,-6,-1,-7,-3,5,-3,1,-1,-1,-1,-3,2,-5,1,-13,-3,-6,0,-24,2,3,-1,0,-2,-6,-2,-2,-2,12,-8,-17,7,-9,-2,8,-4,-8,0,1,-2,-1,0,-6,0,6,-2,-3,-1,3,-3,2,-1,7,-2,-1,0,-4,0,-11,3,-3,0,-5,2,-1,-2,-7,2,-2,0,0,-1,11,-6,-9,3,-5,0,-3,2,4,-1,-7,4,-5,1,3,3,-3,2,-9,2,11,-2,1,1,0,1,-7,3,-6,5,-8,4,-7,1,-4,-1,-1,-1,-3,0,0,-2,-11,8,1,-4,-6,5,-2,-2,-2,3,-7,3,-7,0,-14,7,-3,-1,-1,1,-12,1,-2,-1,4,-3,12,-3,13,-6,-10,3,-5,-2,1,-1,7,-5,13,-7,7,-4,6,-6,24,-7,1,0,2,2,9,0,8,2,0,-2,-6,-1,-4,-4,20,-7,-6,0,-9,5,-10,0,0,-1,-10,2,-21,7,-4,3,-15,6,-7,4,-8,2,-5,-1,2,4,-3,3,-4,1,-10,2,2,1,-3,2,-6,1,1,-1,-7,2,-5,3,-9,3,-7,5,0,1,6,2,3,2,-1,2,-5,3,-12,4,-9,5,-5,1,1,1,-4,3,-7,1,-2,1,-9,1,-25,10,-4,1,-4,2,-3,0,-6,2,-3,4,-9,4,-3,1,-11,4,-7,1,-6,3,-5,0,-5,1,-2,1,2,1,-11,2,-5,3,2,0,0,2,-7,3,-1,0,2,-2,-9,4,-18,5,-7,4,4,-5,-1,0,-21,7,-2,0,-5,1,-1,-1,-9,3,-5,1,5,-4,4,0,-1,-2,-3,0,-23,11,-8,2,1,-1,1,-2,0,-1,-1,0,-8,6,-4,1,0,-3,-2,0,-4,4,-6,1,8,-6,5,-2,4,0,28,-12,13,-5,12,-2,-1,1,6,-1,-4,3,0,3,5,-3,6,2,1,-2,-2,-1,1,-2,13,-7,40,-14,-2,2,4,0,6,-5,13,-6,15,-6,6,1,-1,-1,1,-3,11,-9,4,-2,7,-1,-3,-2,3,-4,18,-7,0,-1,13,-8,-12,6,-26,6,-1,-1,2,-5,5,-3,5,0,-3,-2,-8,4,-2,-2,-7,6,-6,7,-4,1,-1,-2,2,-7,-1,-3,-7,2,-2,-2,0,-3,-12,4,-10,2,-5,3,-9,1,-6,-1,11,-3,5,-6,5,-2,-5,1,0,-2,3,-3,11,-7,5,-9,4,-5,0,-2,19,-9,-3,0,-22,9,2,1,-1,1,-6,5,-25,4,-4,0,-2,-2,3,-2,-2,-4,1,-3,-2,-1,-2,-2,4,-2,-5,-1,20,-8,5,3,-6,4,11,-4,2,1,-2,3,10,-4,-2,-1,-4,-1,7,-1,-1,-1,-7,2,-18,-2,10,-4,-4,1,2,-3,-4,1,0,-1,3,-1,-6,3,-4,1,4,-5,-2,-1,6,-4,-5,0,2,-3,8,-1,-2,-1,0,-1,10,-2,1,-2,4,-3,20,-8,5,-2,3,1,1,-2,8,-3,-6,2,8,-7,6,-2,5,0,1,-1,-1,-1,5,-2,9,-1,2,1,0,2,-5,2,6,-2,2,2,18,-5,13,-6,3,0,-1,1,1,0,9,0,9,-2,13,-6,8,-10,0,-3,-3,-1,4,-2,9,-1,7,-4,0,-4,-10,3,-4,0,-30,10,3,-4,-2,-3,-3,1,0,2,2,0,-4,2,-3,-2,-2,-1,-11,0,-15,3,-16,-3,-2,-1,1,-2,6,-5,-1,0,0,-5,6,0,4,-2,7,-1,-17,-3,-6,-3,1,-2,6,-2,-2,2,14,-4,6,0,20,-6,12,0,2,-1,-2,-1,3,-2,30,-6,13,0,-4,0,1,1,-14,7,2,3,14,0,3,1,11,0,15,-5,2,1,3,0,-1,1,3,-3,-5,-2,-5,1,-1,-1,3,-2,1,-4,-3,-1,0,-2,2,-1,6,-2,1,1,-2,3,2,0,-4,2,-1,3,2,2,8,-1,5,3,9,-1,3,-4,-5,0,-2,-2,-12,3,-3,-3,2,-3,10,-3,-1,-1,-11,0,3,-2,-6,2,-6,0,-7,-2,0,-2,4,-6,1,-3,-7,-9,-6,-3,-1,-2,-6,-2,8,-1,17,-10,19,0,13,-2,10,-2,22,-7,15,-8,35,-12,-1,1,-8,2,22,-3,23,-6,2,1,-10,5,3,0,-1,1,8,-5,8,0,-6,0,0,-2,-2,0,11,-3,9,-2,1,0,-4,2,25,-2,40,-11,-4,1,0,1,10,2,-1,2,-15,4,1,0,-1,1,8,-1,13,-4,3,0,1,2,-5,2,7,2,19,-2,12,1,-9,4,2,1,-1,1,1,0,7,0,-7,2,11,1,12,-2,3,2,9,-2,9,0,7,2,0,2,7,-1,3,1,0,2,28,1,6,3,8,1,26,-3,6,2,2,3,7,2,2,3,6,0,-120,101,-114,106,6,2,4,-2,5,2,9,-3,11,0,-8,6,0,2,4,2,-1,3,6,13,-3,5,-3,2,2,0,16,-6,4,0,5,-3,4,-4,6,-2,0,-1,19,-5,3,5,-3,4,-1,3,4,5,-1,4,4,5,1,7,-2,1,-3,27,-4,3,4,1,-5,4,3,2,-3,4,5,0,4,5,5,1,0,2,3,1,-1,2,3,1,2,0,-3,5;966,656,-2,4,2,2,0,1,-4,-1,-6,3,-12,0,-9,4,-7,0,3,-4,15,-7,3,0,13,-4,4,0,0,2;1538,643,-12,6,3,-3,0,-2,9,-1;1565,654,-2,4,-4,0,2,-3,-2,0,5,-5,1,-1,1,2,-1,3;1572,630,-4,3,-3,1,-1,-1,1,-2,-3,-1,1,-3,13,-7,1,1,-1,5,-4,4;1580,644,-10,7,-1,-2,-2,0,3,-3,-11,6,3,-6,8,-4,5,-6,10,-3,0,5,-5,6;1569,609,3,0,2,1,-5,6,-3,2,-1,-5,-1,5,-3,2,-8,1,5,-8,-1,-5,4,-1,8,2;1533,658,2,-1,2,1,-6,5,-1,-2,-1,-5,2,-5,-2,0,2,-3,3,0,1,3,-2,7;1413,528,5,1,-13,3,2,-3,4,-1,2,0;1374,543,-3,0,1,-1,4,-2,21,-10,2,1,-1,2,-24,10;1391,528,-10,6,2,-2,6,-4,3,-1,-1,1;1396,520,-3,0,3,-2,1,0,-1,2;1213,606,-8,3,0,-2,5,-3,6,1,-3,1;1257,574,-2,-1,7,-2,-5,3;1227,589,-1,0,-1,-3,2,1,0,2;1134,636,-3,1,5,-3,-2,2;1166,622,-2,0,3,-2,7,-2,-8,4;1176,620,-1,-1,1,0,4,-1,-4,2;1027,648,4,-1,-3,1,-1,3,-7,1,4,-4,4,-2,-1,2;985,659,-1,0,0,-2,5,-1,-4,3;969,670,-2,0,-1,-1,1,-1,2,0,0,2;1037,652,-12,5,6,-4,9,-4,-3,3;900,678,-4,0,1,-2,4,-2,2,1,1,2,-4,1;907,676,-1,0,2,-3,3,0,-1,1,1,1,-4,1;1107,572,-3,0,2,-2,11,-3,-10,5;948,528,2,2,3,-1,-1,3,-6,-1,-3,-4,6,-2,-2,2,1,1;903,604,-5,1,1,-1,6,-1,-2,1;798,707,-2,2,-5,-1,5,-2,2,1;772,714,-2,0,2,-1,5,-2,-2,2,-3,1;731,721,-3,0,2,-1,5,-1,0,1,-4,1;895,617,4,1,-3,1,-2,-1,1,-1;646,733,-3,1,2,-2,1,-1,0,2;657,728,-2,0,-1,-1,4,-2,0,2,-1,1;628,735,-11,0,1,-1,10,-2,6,-3,0,1,-6,5;7394,730,-1,0,-2,-2,3,2;7425,743,-3,0,-19,-7,5,1,17,6;7291,719,-8,-2,3,-1,2,0,3,3;1547,600,-8,15,-12,12,0,-1,2,-6,5,-4,-3,1,-1,-2,2,-2,-3,0,7,-5,-2,-1,2,-4,-9,5,-3,0,6,-6,5,-2,7,-4,2,0,3,4;1570,581,7,1,-1,6,-2,6,-1,-1,3,-8,-1,-1,-1,0,-3,4,0,7,-4,3,-1,2,-18,8,0,-1,2,-3,9,-7,0,-3,7,-11,3,-5,1,0,0,3;1553,580,0,2,-4,2,0,1,8,-3,3,1,2,2,-5,5,-8,1,6,1,-1,3,-4,2,-7,-4,-8,6,-3,-1,2,-5,-3,-5,1,-2,9,-6,1,3,3,-2,8,-1;1551,624,6,1,-1,3,-2,2,4,2,1,3,-2,4,1,5,-4,-2,-5,2,4,0,2,3,0,1,-3,2,4,1,-9,9,-2,2,-2,0,0,-4,-3,-1,2,-5,-2,0,-2,3,-1,-1,1,-3,-1,-3,4,-2,0,-2,3,-2,-4,-1,0,-2,-3,0,-1,-2,3,-1,3,1,5,-3,2,-2,-1,-1,-9,2,8,-4,0,-2,4,-3;1554,612,-1,2,2,0,-1,3,-3,1,-12,11,-6,1,2,-3,6,-5,3,-1,-2,-2,2,-4,3,-3,6,-2,1,2;1255,577,3,-1,1,1,1,0,0,1,1,0,-6,3,0,-2,-4,3,-5,1,1,-2,-4,3,-7,1,-5,-2,12,-5,3,1,2,-3,5,-1,2,2;843,695,-9,3,-9,5,-16,5,11,-5,6,-5,7,-1,3,-3,4,-2,6,-2,3,1,-6,4;882,682,-1,1,2,-1,6,-2,1,1,-11,5,3,0,-1,1,-13,5,-19,5,-3,0,-1,-1,3,-1,15,-4,6,-4,2,0,1,1,3,-2,-4,-1,-1,-1,5,-3,8,-2,-1,3;707,724,9,2,-8,1,-9,0,-1,-2,9,-1;683,727,-11,1,-1,-1,24,-5,2,-1,-2,-1,7,-2,1,1,-3,3,-3,1,-1,1,-13,3;642,731,0,1,2,0,-2,2,-14,3,15,-9,2,0,0,1,-3,2;612,736,-2,1,-1,-1,4,-3,-1,-2,1,-1,5,0,1,2,2,0,-9,4;7416,730,-3,0,-3,-2,1,-1,5,1,0,2;7373,731,-1,1,-3,-2,2,-3,-1,-2,2,0,3,4,-2,2;7257,703,6,1,10,3,-6,1,-1,2,-13,-5,1,-2,3,0;599,1551,-3,1,-3,-3,1,-8,-1,-9,6,-7,-1,-4,2,-2,12,7,2,3,0,3,2,0,0,3,3,3,-7,5,-6,1,-6,4,-1,3;576,1495,11,2,-4,2,-9,-1,2,-3;590,1502,5,0,5,5,-3,2,-7,1,0,-4,-3,-1,-1,-2,1,-3,2,0,1,2;565,1489,2,0,1,4,-2,0,-2,1,-2,-2,-1,0,0,-1,-1,0,0,2,-2,-1,-2,-6,3,-1,4,-2,2,6;534,1477,-2,1,-3,0,-3,-4,5,-4,5,0,1,3,-3,4;516,1479,-2,1,1,-2,4,-3,1,0,-2,3,-2,1;581,1506,-2,1,-1,-4,4,0,1,2,-2,1;2512,898,64,0,6,-7,4,1,3,-2,2,2,3,-3,2,-1,1,-3,7,-5,4,-4,4,-8,5,-5,4,-6,21,-19,4,1,-1,4,1,1,15,-3,6,6,-11,34,3,2,3,1,-2,3,0,2,-1,3,2,3,1,-1,3,0,-2,7,2,2,-6,4,-3,-1,-4,1,-3,2,-3,0,-3,3,-3,2,-1,-3,-3,0,-2,1,-1,-1,-4,6,-1,-1,-4,-1,3,-3,-1,0,1,-3,-5,4,0,2,-6,7,-3,2,-2,-1,-4,3,0,-2,-2,2,0,-2,-3,3,-1,-1,-1,3,-1,-1,-2,1,1,-2,-3,1,-5,4,1,1,-9,7,-6,7,-4,6,1,4,2,-1,0,2,-5,1,-6,6,5,2,1,5,-1,1,2,2,-1,3,2,1,2,1,7,-3,-1,-5,-2,-1,3,0,1,3,-1,7,-10,1,-6,3,1,-5,-12,6,1,-4,2,-3,-3,2,-2,-3,0,3,-6,8,-20,2,-9,0,-15,7,-11,6,5,-7,1,-3,-1,-2,0,3,-2,5,-10,10,-1,2,5,0,0,1,-7,15,1,-4,-5,9,-3,2,-1,-1,-2,4,-4,3,-6,7,-3,1,2,-5,-4,-1,-6,-7,4,-8,6,-2,2,-3,-2,3,-5,1,-6,5,0,4,1,5,0,5,2,7,2,1,-4,4,3,1,-1,3,-1,2,0,-1,-1,0,-2,4,-1,0,-4,4,-8,11,0,2,-6,3,-4,7,-1,-2,1,-4,11,-14,-4,0,2,-3,-2,-2,3,-5,-5,2,-3,-2,0,-2,1,-4,5,-1,-3,-3,-1,0,-2,1,2,-2,3,-1,-1,-3,-2,1,1,-2,3,0,1,-2,1,-1,-3,1,1,-3,4,-4,5,0,-3,-1,4,-3,-2,0,0,-2,-2,1,-2,3,-2,1,-1,-1,-1,3,-1,-2,-3,4,-2,-1,1,4,-1,2,-2,-1,1,3,-2,5,-1,6,1,4,-3,-2,-1,-4,-1,2,0,2,4,4,0,5,-2,-2,-6,-3,-1,-3,-1,3,-1,-4,-5,1,1,-3,6,-6,0,-3,-1,3,-5,4,-3,5,0,1,5,0,2,4,7,3,4,5,-3,5,-3,0,-6,-10,-3,-2,8,12,4,3,-2,1,2,1,0,1,-1,2,-2,-1,-1,3,-1,0,-5,-6,2,5,4,4,1,3,-3,1,-3,-3,0,-2,-7,-3,-5,0,10,4,0,3,2,2,0,2,6,-2,5,1,0,17,1,11,-2,-7,0,-14,-2,4,1,9,-1,-1,-5,-3,-1,4,-2,-2,0,2,-3,0,-3,3,-2,0,-2,-2,0,-4,-1,7,13,0,-2,7,2,-1,2,-4,3,-2,1,0,0,3,-2,5,-10,7,-7,-1,0,-3,-2,2,-3,0,-5,-2,1,2,8,5,-4,4,-3,3,-2,-1,-3,-4,1,4,4,2,6,-1,2,1,-2,2,-7,4,-9,0,-4,2,-1,0,0,-3,-1,5,-9,6,-3,4,-3,5,1,-6,-3,7,-8,0,-10,4,-9,8,-2,4,1,-4,-2,3,0,3,-1,1,-7,4,-2,2,-4,3,-3,-1,0,2,-1,2,-10,4,-6,0,3,2,-3,4,-1,-3,-1,1,-2,-2,0,2,1,3,-4,3,-2,4,-5,2,1,2,-4,2,0,3,-2,1,2,1,-4,4,-2,0,2,2,-2,3,-2,-1,-1,2,-3,8,0,25,4,19,5,14,-2,6,1,9,-2,-7,2,-9,-3,5,0,-3,1,-3,-1,-2,0,-2,-1,-1,0,10,6,29,1,3,1,7,-7,25,0,-1,-4,6,-3,8,-3,2,-6,2,-8,0,-1,-2,1,-2,3,2,1,-1,-3,-2,-3,-10,0,-2,-7,-4,-2,-4,1,-7,-2,-2,4,-5,-4,4,-2,0,1,-9,2,-1,-4,0,0,3,-2,-1,-7,-16,2,-1,7,-7,-1,-2,-1,1,-3,-3,1,3,-2,3,-2,1,-2,-4,7,-16,2,-10,-1,-4,-10,-10,-6,-12,-6,-5,-6,1,-3,4,-3,1,-6,3,-12,2,-1,0,0,-2,0,-2,1,3,1,-1,0,-3,-6,-6,1,0,0,-2,2,-2,-4,1,-1,2,-7,-4,-6,-2,7,0,0,-2,-2,0,-4,0,-5,2,-12,2,5,-3,1,-3,-2,1,-2,0,-4,5,-4,1,1,-3,-4,3,-9,1,5,-1,-2,-4,1,-3,-1,-3,-5,8,-12,0,-4,-1,-9,1,-7,5,-7,-3,-2,-2,-3,0,-6,6,2,1,2,1,5,0,6,-3,1,1,-4,3,1,2,2,1,4,-4,2,0,0,6,-4,1,-2,1,1,1,-3,0,-1,2,3,5,7,2,1,2,2,1,-4,5,-1,-2,-4,3,1,-3,-1,-3,-4,-2,-3,-1,-1,-3,-6,-2,0,1,2,1,-1,3,-1,4,-3,2,-1,-4,-2,-1,-4,0,-5,4,-10,-4,1,-1,2,0,-1,-3,0,-3,-2,1,-4,-1,-2,-5,-3,0,-1,-2,-6,4,1,2,-1,0,-4,1,-8,-1,-10,-4,-11,0,-3,1,-1,-2,3,-4,-1,0,-3,4,0,3,-4,0,-16,8,6,-5,-5,0,1,-5,-1,0,-2,2,-3,0,0,4,1,4,-6,5,-1,2,-3,3,-14,8,-9,4,5,-3,-7,-1,-2,1,-2,-3,-2,1,1,5,2,1,-6,3,-1,-2,-3,6,-1,0,-1,-1,-5,2,0,2,2,-1,-1,3,-3,2,-6,1,2,5,-5,8,-2,1,-4,-4,1,4,4,2,-1,3,-2,3,0,12,2,11,1,0,0,1,0,2,-6,2,-8,-4,-10,-2,-1,-2,-7,-2,-1,-2,-7,-3,0,-7,-4,-8,2,-12,-4,-5,-5,-11,-3,-4,0,-4,-5,-17,-5,-7,-4,-5,-1,-2,-3,-2,-10,0,-7,-2,-4,3,-3,0,-3,3,-6,11,-5,4,-4,1,-14,-8,-7,-6,-3,-7,0,-4,1,-3,-2,-12,-9,-10,-7,-10,-3,-1,-3,-8,-38,-1,-4,12,-60,0,-70,-30,4,-5,-52,4,1,-3,-1,-1,-1,1,2,-11,-1,-5,-9,-11,-7,0,1,-3,-1,-4,-6,0,-6,-2,-2,-2,1,-2,-6,-4,-18,-1,-2,-3,5,-14,-3,-2,1,-5,-5,-7,-3,-12,-2,-4,2,-6,4,-4,1,-3,0,-2,-5,-2,-3,-5,2,-4,0,-4,2,-6,2,-1,1,0,-1,4,1,1,3,3,-1,-12,2,-1,17,-1,-7,-1,-3,-1,-3,1,-4,-2,-2,1,-3,7,-1,0,-6,-5,-2,1,3,-6,1,3,0,-2,-2,-3,1,-3,-3,-2,-4,-10,3,-11,2,-4,2,-6,-1,-8,-3,-4,1,-3,2,-3,5,-6,1,0,0,1,5,-7,8,-12,2,-7,0,-2,3,-4,-1,-4,5,-11,1,-6,11,-13,4,-2,-2,0,7,-7,17,-27,15,-20,9,-15,1,1,4,0,4,-1,1,1,4,0,-3,-3,-12,0,6,-8,-1,4,5,-5,-3,-2,1,-3,7,-3,-4,-1,-2,2,7,-18,-1,-7,5,-10,11,5,13,1,3,-1,2,2,5,-1,-1,6,-5,3,0,-1,-12,10,0,1,4,-2,-3,1,2,-2,17,-11,-2,4,-6,3,0,4,-3,4,-2,0,-3,2,1,-3,-7,5,6,1,11,-7,5,-10,7,-5,-1,-5,-1,3,-1,-2,1,-2,3,-1,-1,-3,-2,-2,4,-1,3,-4,0,-2,-2,0,0,-1,1,-4,537,0,4,-10,4,1,1,1,-2,7,-1,5,1,2,10,2,3,1,1,1,1,1,8,-2,7,0,8,4,0,4,5,-1,3,0,2,3,5,3,13,-3,1,0,1,2,13,0,1,3,1,0,9,0,25,-8,53,35,-1,6,2,5,9,-2,-2,7,1,4,7,-1,2,3,-4,4,16,12,-9,44,-10,12,-7,12,-14,8,-3,4,-1,4,1,3,5,4,5,0,29,-13,22,-4,28,-11,4,-2,-2,-3,2,-7,0,-4,10,-4,38,0,11,-11,8,-6,7,-3,18,-12,7,-3,3,0;2523,998,-2,2,1,0,6,-3,8,0,-18,6,-12,4,-15,2,3,-2,-2,0,-3,1,0,-1,5,-4,4,-2,1,1,2,-2,20,-2,8,-4,-6,4;2637,915,-3,0,0,2,-2,-1,4,-4,1,1,0,2;2485,1010,-1,0,2,-2,3,-1,-4,3;2567,989,-6,1,-1,-1,5,-2,2,2;2553,986,-2,0,3,-4,-1,4;2577,991,-5,0,4,-1,1,-2,0,3;2422,1127,-1,-2,1,2;2419,1142,-3,1,4,-2,3,-7,1,-5,-2,8,-3,5;2414,1144,-5,1,5,-1;2395,1157,8,-7,-8,7;2233,1363,-2,0,-1,-2,1,2,2,0;2233,1361,-1,1,-1,-5,2,4;2263,1396,-5,5,6,-9,2,-1,-3,5;2039,1287,-1,0,-3,-3,3,-1,2,2,-1,2;1919,1327,4,-6,0,1,-4,5;1925,1321,1,-2,8,-4,-9,6;1908,1342,2,-6,7,-7,-9,13;1968,1296,5,-5,2,0,-7,5;1905,1371,0,1,-1,-6,0,-12,3,-9,-2,10,0,16;1471,1173,-3,0,2,-1,1,1;1482,1193,-3,0,0,-1,2,0,1,1;1501,1203,-3,0,0,-5,3,5;1475,1175,-2,1,-1,-3,4,0,1,1,-2,1;1480,1171,7,2,-6,1,-2,0,1,-3;1506,1189,0,2,-3,0,-1,-4,4,2;1611,808,-1,2,-1,-1,-1,1,-1,0,2,-2,2,0;1604,813,-2,-1,1,-2,1,0,0,3;1608,821,-2,3,2,-1,1,2,-2,2,-2,-2,2,-4,-2,-2,5,-3,0,2,-4,1,2,1,0,1;2550,986,0,-1,1,-1,-1,2;2480,1031,-4,4,4,-4;2442,1076,8,-10,-8,10;2394,1157,-2,-1,2,1;2240,1409,-1,0,0,-3,2,2,-1,1;2252,1405,0,-1,0,1;2256,1402,1,-1,-1,1;2247,1407,-2,0,1,0,3,-1,-2,1;2269,1250,-2,6,0,-5,2,-1;2235,1410,-1,0,1,-2,1,2,-1,0;2277,1343,0,1,-1,-4,-2,-12,3,15;2230,1411,1,0,-1,0;2102,1281,-1,2,1,-2;2112,1269,-3,-2,3,2;2123,1268,-5,0,5,0;2097,1272,0,1,-3,0,5,-3,-2,2;2104,1279,1,-6,-1,6;2187,1283,-2,1,-3,-1,3,0,6,-2,-4,2;1587,844,0,1,0,-1,1,-1,-1,1;1599,840,-3,1,3,-4,0,3;1600,835,-1,-1,2,-2,-1,3;1607,814,-2,0,3,-3,-1,3;2627,919,-2,0,1,-2,1,2
UY	2877,2878,-2,2,-1,5,-3,5,0,4,-7,7,-2,0,-12,7,-8,-1,-3,-3,-6,0,-9,3,-3,0,-3,-1,-2,-2,-8,-3,-8,-5,-14,0,-1,-1,-2,-3,-11,-10,-2,-5,-1,-13,4,-3,1,-5,-5,-10,1,-6,-3,-8,3,-4,0,-4,-2,-3,2,-7,-1,-6,2,-3,-3,-7,4,-10,1,2,8,1,1,-4,6,-1,20,17,1,2,1,6,4,-1,3,-5,11,11,2,1,1,-1,4,3,7,2,9,9,7,3,4,2,4,9,12,8,-6,9,-1,2,2,12,4,3
UZ	5435,967,1,-1,5,3,-6,3,0,3,-3,1,-3,4,-4,4,1,1,6,3,4,-1,4,5,1,0,12,3,-1,-5,2,0,1,0,-1,-4,1,-1,6,5,1,3,6,1,2,3,3,0,8,4,7,1,3,1,-6,4,-2,3,-5,-1,1,4,-3,-1,-2,0,-2,4,-5,3,-2,-1,-2,0,-5,-2,-14,2,-2,-3,-4,-2,0,-1,5,-6,0,-1,-3,-1,0,-2,-6,-5,-1,4,-10,6,-8,-4,-1,2,1,2,-2,2,4,6,-2,1,2,2,-7,-1,-6,2,1,1,6,0,1,1,-3,1,2,3,-2,0,0,2,-2,0,0,5,-1,2,-2,1,-15,-3,-3,2,-2,2,0,7,7,2,2,3,7,0,2,2,0,6,2,5,7,7,0,4,-6,14,1,8,-6,-3,-4,2,-2,-1,-4,-2,-5,-1,-6,0,-3,-11,1,-3,-1,-2,-14,-6,-7,0,-24,-13,-8,-5,-3,0,-9,-5,-7,-5,-24,-15,-5,-9,-8,-9,-7,-10,-9,-5,-5,2,-8,-1,-8,1,-9,-5,-1,-2,1,-3,-3,-4,3,-1,-3,-3,-4,-1,0,-6,-4,-2,-10,-1,-5,-5,-6,-1,-7,-5,-2,3,-5,-1,-1,2,8,8,-1,0,-3,-3,-6,-2,-2,7,-10,2,-5,7,3,10,3,2,-1,2,-22,-1,-23,-91,47,-14,57,29,5,5,21,17,24,-3,25,2,8,-4,10,7,5,3,9,10,5,-2,6,24,10,0,10,21,3,1,22,-2,5,4,0,6,9,5,4,-1,-2,-6,2,-4,3,-4,1,-4,1,-2,4,-1,0,-1,5,-4,7,-3,5,-7,3,1,2,-3,4,-2;5439,1000,-2,-2,2,2;5459,1026,-4,0,0,-3,-2,-2,0,-2,2,2,3,1,0,1,1,3;5470,1024,0,1,-2,-1,2,-1,0,1
VA	@4252,976
VC	2651,1698,-2,-2,1,-1,3,-2,-2,5;2650,1702,-1,0,2,-2,-1,2;2647,1709,1,-1,-1,1
VE	2654,1799,-3,1,1,-2,2,-1,2,0,-2,2;2589,1749,1,3,-2,3,-4,0,-2,-2,-5,0,1,-2,3,-1,2,2,2,0,3,-4,1,1;2559,1754,-1,1,-3,-1,2,-1,2,1;2650,1806,-2,0,0,-2,4,-3,1,3,-3,2;2671,1814,4,6,0,1,-3,2,-2,3,-7,6,-3,0,-5,7,2,6,-1,2,1,2,6,0,-1,4,-8,6,-3,-1,-2,1,-4,1,-2,3,2,9,-7,7,16,20,1,4,0,3,-7,5,-2,4,-6,0,-2,2,-3,1,-1,3,-14,5,-5,-2,-7,4,-1,8,-2,2,-3,0,-8,-8,-4,1,-3,-1,-8,0,-4,-5,-8,0,-4,-4,-1,0,-1,1,4,6,9,11,0,9,5,14,-1,4,2,1,12,1,0,5,-1,2,-13,5,-2,8,-2,2,-2,2,-4,0,-6,5,-2,0,-5,3,-7,7,-3,4,-2,0,1,-3,-2,-4,-4,1,-6,4,-5,1,-13,-12,-2,-11,-5,-15,0,-3,-7,-8,-1,-2,-4,-1,-2,1,1,-3,11,-11,1,-2,-8,-11,-4,-17,1,-19,4,-7,2,-7,3,-2,0,-3,0,-4,-2,-1,-7,-1,-1,1,-12,2,-11,-1,-3,0,-4,2,-2,-1,-2,1,-14,-21,-6,-1,-8,-3,-8,3,-11,-1,-6,1,-3,-1,-1,-2,-3,-7,-4,-1,-2,-2,1,-12,2,-3,0,-5,-1,-2,-5,-6,-2,-12,-4,-1,-2,-3,-3,2,-4,0,9,-15,4,-18,5,-9,5,-7,5,-2,7,-12,15,-5,-4,4,-11,4,0,4,2,5,4,5,-2,0,2,9,-1,5,-7,9,-4,7,2,6,5,6,-1,2,2,5,4,0,6,-3,4,-4,1,-9,-4,-11,-3,-3,-2,-13,2,-2,0,-3,4,-1,11,-5,13,-4,3,-4,5,2,1,-1,1,-2,-1,-3,-8,1,-2,-6,3,-6,4,-2,3,4,2,9,2,5,9,-1,9,2,9,7,2,7,-1,2,0,3,4,5,5,0,20,-3,17,-1,3,2,0,2,5,6,15,4,7,0,15,-9,8,0,2,-1,-3,-2,-6,0,-2,1,-1,-3,17,0,18,-3,10,2,8,-1,-1,1,-7,1,-3,2,-12,1,2,0,0,3,3,3,0,2,-2,4,3,-2,1,-2,1,0,4,11,3,-3,1,2,0,-4,2,0,3,3,4,6,0,-5,3,0,1,-2,6,6,6,2,5,5,-1,3,-5,2,-5,14,-8,1,7,4,2,-2,4,0,5,-2,7,1,3,-2,4,0,3,2
VG	2591,1564,-1,0,0,-1,3,0,-2,1;2587,1566,-3,0,3,-1,0,1;2594,1557,0,1,-3,-1,3,0
VI	2581,1568,-4,-1,3,0,1,1;2585,1567,-3,0,3,0;2581,1581,4,1,-6,1,0,-1,2,-1
VN	6301,1767,1,5,-1,4,-2,-5,-3,-3,3,-2,2,1;6350,1488,-3,0,-4,3,-4,2,0,6,-4,3,-2,-1,-4,1,-5,-2,3,7,-4,5,1,4,0,2,-7,8,-3,1,-3,9,1,7,-3,9,8,11,15,14,0,2,0,4,-2,-1,4,2,5,8,10,8,2,4,9,6,7,8,5,0,5,6,1,0,1,3,8,10,6,5,8,17,0,4,7,17,0,3,-2,-3,2,15,5,8,1,9,-3,-4,-2,3,3,6,-3,-1,3,12,0,1,-2,-2,0,4,1,3,-1,3,-2,0,-1,7,-3,0,-11,10,-4,1,-2,4,-3,1,-12,7,-4,-2,-3,-4,0,6,-3,-1,-3,-2,-2,2,3,0,1,4,-7,0,6,2,2,2,-4,7,-11,-9,9,10,2,4,-2,2,-2,0,-13,-11,8,10,1,3,-1,2,-14,8,-3,7,-5,5,-5,1,-2,0,2,-4,-2,-2,0,-20,1,-5,4,-2,-1,-3,-6,-5,-3,1,-6,-6,3,-3,6,0,4,-4,-1,-6,6,2,2,-3,8,-1,2,4,2,-1,5,2,0,-6,-8,-6,-1,-9,2,0,1,-3,9,2,0,-7,6,-1,1,-1,4,-1,6,-6,2,0,2,1,2,-2,1,-5,-3,-12,1,-10,-7,-18,0,-6,3,-7,-2,-8,2,-7,-2,-3,-7,-6,-3,-5,4,-3,0,-3,-12,-8,-2,-4,-2,2,-2,-1,-3,-4,-2,-8,-21,-19,-6,-11,-3,-1,-6,-5,-1,-3,1,-3,-10,-4,-20,-13,3,-4,-1,-5,5,0,7,1,3,-3,3,-7,-2,-4,-4,-1,-2,-4,-6,-1,3,-3,1,-3,-12,-7,-4,2,-3,4,-2,0,-12,-5,-7,-9,0,-11,-3,-1,0,-2,-2,3,-1,0,-3,-5,-12,-12,6,-10,9,5,3,3,3,-2,0,-2,4,-4,4,5,2,-5,8,6,1,-6,2,-1,2,0,2,2,2,1,2,-3,4,0,2,-3,0,-5,8,-5,4,2,4,4,7,4,3,-1,3,0,3,3,6,-2,6,4,-2,3,-2,2,0,2,1,4,2,2,1,7,2,-1,5,2,3,4,5,2,2,2,2,-1,1,1,3,0,3,-1,5,4;6360,1810,-1,0,2,-2,-1,2;6370,1767,-2,2,0,-2,2,-1,0,1;6329,1505,-2,-1,0,-2,2,3;6343,1495,-2,3,-2,0,1,-4,3,1;6343,1502,-3,1,3,-3,0,2;6333,1507,-3,-2,1,-1,2,1,0,2
VU	7669,2402,0,8,3,0,2,-5,2,0,-1,3,1,2,0,7,-3,4,-8,1,0,-2,-1,-4,1,-5,0,-11,2,-3,2,5;7677,2434,5,4,2,5,-2,1,-3,0,-3,2,-1,-1,0,-10,-1,-1,-2,1,-1,-2,2,-5,1,0,2,1,1,5;7695,2451,0,1,-2,-1,-4,1,0,-5,2,-1,3,4,1,1;7695,2440,-6,-1,-2,-2,6,-4,2,7;7691,2470,2,4,-2,3,-6,-1,2,-1,-1,-1,-2,0,3,-4,4,0;7692,2417,-2,1,-4,0,4,-4,4,-1,-2,4;7695,2431,0,-8,2,-5,0,11,-2,2;7698,2414,0,2,-1,-2,2,-8,-1,8;7675,2424,-1,1,-2,-2,1,-1,2,0,0,2;7690,2388,-1,1,-3,-1,0,-2,3,-1,1,1,0,2;7689,2379,-1,0,-1,-3,3,-2,1,2,-2,3;7707,2537,-1,1,-3,-1,1,-1,2,0,1,1;7702,2520,-2,3,-2,-1,-1,-3,1,-4,2,0,0,3,2,2;7702,2505,-2,1,-5,-2,2,-6,3,0,0,2,2,1,-2,1,2,3
WF	117,2364,0,-1,0,-2,0,3;80,2389,-2,0,-1,-2,3,2
WS	202,2368,3,2,2,3,-1,3,-7,0,-6,-7,9,-1;224,2382,-10,-1,-4,-4,4,-1,6,2,4,2,0,2
XK	4410,953,3,-1,0,-3,2,-2,0,-4,3,-1,1,2,5,2,4,4,3,2,0,2,8,3,-2,7,-2,1,1,2,-3,1,-2,3,-5,-2,-5,2,-1,5,-3,1,-3,-9,-5,-3,-4,-5,-1,-6,3,0,1,-1,2,0
YE	5165,1610,-11,4,-5,5,-2,3,-1,5,2,8,-13,8,-13,5,-10,2,-8,5,-6,1,-12,5,-6,4,-3,5,-5,5,-9,2,-6,-2,-8,5,-5,5,-13,5,-25,3,-5,7,-5,2,-3,4,-6,2,-3,-2,-6,4,-7,2,-9,-4,-3,1,0,-3,-6,-11,1,-11,-2,-4,-3,-4,0,-5,-5,-15,1,-3,-2,-5,-5,-2,1,-3,2,2,0,-2,-2,-8,2,-10,-1,-8,7,-8,0,-3,-1,-3,0,-7,2,-2,-1,-2,3,-3,4,0,4,3,5,1,5,-2,21,-1,9,4,17,1,9,-1,6,8,4,0,6,-4,3,-8,12,-18,21,-12,60,-9,20,43,1,0,8,16;4937,1644,-1,0,0,-1,1,-2,0,3;4942,1684,-1,1,0,-2,2,-1,-1,2;4942,1677,-2,-1,2,-1,0,2;5186,1711,9,-1,7,3,-8,5,-9,1,-2,-1,-7,-4,5,-5,5,2
YT	4996,2355,-1,0,-1,-2,0,-3,-1,-2,2,-1,2,3,-1,5
ZA	4638,2587,7,-1,11,4,6,1,10,-1,3,0,5,2,4,22,0,6,5,10,3,12,-1,22,-1,10,-1,3,0,5,-2,0,-9,-5,-5,2,-9,14,-1,10,2,0,3,8,4,3,10,2,5,0,1,-13,8,2,12,-1,-11,34,-4,8,-8,8,-5,3,-10,11,-4,5,-4,8,-18,27,-8,9,-11,9,-14,15,-23,19,-18,12,-10,5,-4,1,-9,-1,-4,1,-3,2,-1,4,-1,1,-9,-2,-3,0,-4,5,-5,1,-9,-3,-10,-2,-2,0,-7,2,-15,-2,-6,2,-10,8,-10,0,-7,-1,-10,3,-11,8,-8,-1,-5,-4,-2,1,1,-3,-2,-2,-2,0,-1,-2,-6,0,0,-6,-1,-1,-5,1,-1,6,-3,-7,1,-3,2,-2,0,-4,-3,-7,-6,-7,-2,-8,3,-3,1,1,2,0,3,-3,1,-3,1,-10,-2,-10,-10,-18,-7,-14,-7,-26,-4,-10,-6,-10,4,-4,3,0,3,-9,4,-2,2,1,1,3,3,2,0,6,2,5,13,4,16,0,7,2,2,-1,0,-3,5,-3,1,-2,3,-2,7,-1,4,-93,8,6,2,3,6,20,1,6,-5,7,1,10,21,0,4,-4,6,-3,3,-4,8,-7,7,-17,4,-3,5,-2,2,1,11,8,6,1,3,2,9,2,15,-2,3,-3,9,-22,10,-3,10,-9,4,-14,2,-3,5,-4,4,-1,4,-4,2,-1,11,-12,3,-3,11,-3,4,-5,2,-1,5,-1;4613,2786,8,-5,1,-5,4,-3,2,-8,-1,-4,-7,-6,-7,-7,-9,3,-6,4,-5,2,-9,13,-6,5,5,13,1,3,7,8,6,0,2,-4,6,-8,8,-1;4745,3207,-5,0,0,-1,2,-2,2,0,1,2,0,1
ZM	4668,2422,-15,0,-5,2,-13,7,-2,11,-2,3,-18,9,-21,27,-6,2,-4,-1,-5,-2,-11,0,-4,-3,-5,1,-4,-2,-5,-5,-6,-2,-10,0,-20,4,-19,-21,-7,-6,-2,-8,-1,-8,2,-74,43,0,-1,-5,2,-10,0,-19,2,-6,-1,-14,2,1,1,3,4,1,1,2,1,3,-2,3,1,1,4,1,3,-3,14,-3,-1,5,2,5,3,3,3,0,9,4,12,2,5,0,3,-2,2,-7,3,-1,1,5,4,4,3,7,7,2,12,6,3,8,2,0,1,2,6,11,5,1,7,-4,2,1,0,3,3,1,2,-32,-7,1,0,5,-10,-2,-12,-13,-2,-6,-1,-2,7,-24,0,-22,-4,-11,6,-5,4,-6,2,-5,-1,-3,41,-7,3,7,3,3,7,0,2,2,5,6,5,0,1,4,11,2,10,6,2,6,4,0,4,6,-1,4,4,5,1,4,2,4,-4,6,-3,1,-2,2,2,7,-3,6,0,3,1,4,-1,11,2,4,3,1,-2,4,-9,4,-1,4,1,2,-1,9,-3,5,-4,4,3,2,-1,2,2,1,3,6,3,-2,1,1,-66,25,3,16
ZW	4680,2592,-5,-2,-3,0,-10,1,-6,-1,-11,-4,-7,1,-2,-3,-4,-1,-1,-6,-21,-6,-7,-12,1,-14,-9,-1,0,-6,-2,-4,-11,-5,-10,-9,-5,-11,0,-4,-3,-3,-1,-4,-5,-8,-6,-11,1,-3,4,2,5,-1,4,3,3,1,3,-2,5,1,5,2,4,1,6,-2,21,-27,18,-9,2,-3,2,-11,9,-5,9,-4,15,0,1,9,17,1,5,4,5,1,5,5,7,1,8,3,2,2,5,1,-2,5,2,9,-1,28,-3,9,-3,2,-1,3,3,4,-2,8,5,12,-1,3,-8,13,-4,4,0,7,-3,5,1,4,-26,27
BV	@4063,3388
GI	@3888,1120
UM	@7642,1544
